statename,sector,sector_type,wealth_index,bpl,aadhar,health_insu_govt,household_has_preg_benefits,household_has_preg_fin,household_health_met,household_angan_benefits,household_angan_immun,household_angan_ecc,round,year,dem
Andaman & Nicobar Islands,0,Rural,1,0.22,0.99,0.00,0.17,0.03,0.20,0.22,0.12,0.12,5,2019,All Households
Andaman & Nicobar Islands,0,Rural,2,0.28,1.00,0.01,0.17,0.04,0.16,0.18,0.08,0.11,5,2019,All Households
Andaman & Nicobar Islands,0,Rural,3,0.15,1.00,0.01,0.16,0.01,0.15,0.17,0.08,0.10,5,2019,All Households
Andaman & Nicobar Islands,0,Rural,4,0.06,1.00,0.02,0.13,0.01,0.13,0.14,0.05,0.10,5,2019,All Households
Andaman & Nicobar Islands,0,Rural,5,0.05,1.00,0.03,0.10,0.01,0.13,0.07,0.02,0.02,5,2019,All Households
Andaman & Nicobar Islands,1,Urban,1,0.24,1.00,0.00,0.00,0.00,0.27,0.00,0.00,0.00,5,2019,All Households
Andaman & Nicobar Islands,1,Urban,2,0.06,0.97,0.00,0.37,0.00,0.24,0.45,0.26,0.31,5,2019,All Households
Andaman & Nicobar Islands,1,Urban,3,0.10,1.00,0.00,0.15,0.00,0.10,0.18,0.08,0.12,5,2019,All Households
Andaman & Nicobar Islands,1,Urban,4,0.12,1.00,0.00,0.20,0.00,0.11,0.15,0.04,0.07,5,2019,All Households
Andaman & Nicobar Islands,1,Urban,5,0.03,1.00,0.01,0.10,0.00,0.07,0.10,0.04,0.07,5,2019,All Households
Andaman & Nicobar Islands,99,All,1,0.22,0.99,0.00,0.16,0.03,0.21,0.21,0.12,0.11,5,2019,All Households
Andaman & Nicobar Islands,99,All,2,0.25,0.99,0.01,0.20,0.04,0.17,0.21,0.11,0.13,5,2019,All Households
Andaman & Nicobar Islands,99,All,3,0.14,1.00,0.01,0.15,0.01,0.13,0.17,0.08,0.11,5,2019,All Households
Andaman & Nicobar Islands,99,All,4,0.09,1.00,0.01,0.16,0.01,0.12,0.14,0.05,0.09,5,2019,All Households
Andaman & Nicobar Islands,99,All,5,0.03,1.00,0.02,0.10,0.00,0.09,0.09,0.03,0.05,5,2019,All Households
Andaman & Nicobar Islands,0,Rural,1,0.16,0.27,0.00,0.29,0.01,0.21,0.37,0.06,0.25,4,2015,All Households
Andaman & Nicobar Islands,0,Rural,2,0.19,0.31,0.00,0.19,0.00,0.15,0.17,0.03,0.09,4,2015,All Households
Andaman & Nicobar Islands,0,Rural,3,0.24,0.36,0.01,0.21,0.00,0.16,0.21,0.08,0.13,4,2015,All Households
Andaman & Nicobar Islands,0,Rural,4,0.16,0.54,0.01,0.22,0.03,0.16,0.18,0.07,0.11,4,2015,All Households
Andaman & Nicobar Islands,0,Rural,5,0.08,0.63,0.03,0.15,0.03,0.18,0.15,0.05,0.09,4,2015,All Households
Andaman & Nicobar Islands,1,Urban,1,0.25,0.75,0.00,0.25,0.00,0.25,0.25,0.00,0.00,4,2015,All Households
Andaman & Nicobar Islands,1,Urban,2,0.05,0.94,0.00,0.23,0.00,0.21,0.25,0.25,0.25,4,2015,All Households
Andaman & Nicobar Islands,1,Urban,3,0.05,0.87,0.00,0.16,0.00,0.02,0.05,0.03,0.05,4,2015,All Households
Andaman & Nicobar Islands,1,Urban,4,0.13,0.94,0.01,0.13,0.01,0.06,0.13,0.08,0.08,4,2015,All Households
Andaman & Nicobar Islands,1,Urban,5,0.04,0.95,0.03,0.20,0.01,0.12,0.13,0.04,0.09,4,2015,All Households
Andaman & Nicobar Islands,99,All,1,0.16,0.29,0.00,0.29,0.01,0.21,0.36,0.06,0.24,4,2015,All Households
Andaman & Nicobar Islands,99,All,2,0.18,0.37,0.00,0.19,0.00,0.15,0.18,0.05,0.10,4,2015,All Households
Andaman & Nicobar Islands,99,All,3,0.19,0.51,0.01,0.19,0.00,0.12,0.17,0.06,0.11,4,2015,All Households
Andaman & Nicobar Islands,99,All,4,0.15,0.73,0.01,0.18,0.02,0.11,0.16,0.07,0.10,4,2015,All Households
Andaman & Nicobar Islands,99,All,5,0.05,0.85,0.03,0.18,0.02,0.14,0.14,0.04,0.09,4,2015,All Households
Andhra Pradesh,0,Rural,1,0.95,0.99,0.80,0.29,0.11,0.23,0.34,0.31,0.19,4,2015,All Households
Andhra Pradesh,0,Rural,2,0.95,0.99,0.83,0.26,0.09,0.20,0.29,0.23,0.16,4,2015,All Households
Andhra Pradesh,0,Rural,3,0.95,0.99,0.83,0.25,0.08,0.18,0.30,0.25,0.14,4,2015,All Households
Andhra Pradesh,0,Rural,4,0.91,0.99,0.78,0.20,0.04,0.16,0.24,0.19,0.10,4,2015,All Households
Andhra Pradesh,0,Rural,5,0.78,1.00,0.59,0.16,0.04,0.14,0.22,0.17,0.07,4,2015,All Households
Andhra Pradesh,1,Urban,1,0.90,0.89,0.62,0.00,0.00,0.05,0.13,0.13,0.00,4,2015,All Households
Andhra Pradesh,1,Urban,2,0.85,0.92,0.64,0.21,0.10,0.11,0.29,0.25,0.13,4,2015,All Households
Andhra Pradesh,1,Urban,3,0.88,0.97,0.70,0.20,0.05,0.15,0.24,0.18,0.13,4,2015,All Households
Andhra Pradesh,1,Urban,4,0.83,0.99,0.64,0.19,0.05,0.11,0.21,0.16,0.08,4,2015,All Households
Andhra Pradesh,1,Urban,5,0.59,0.99,0.41,0.11,0.01,0.07,0.13,0.09,0.03,4,2015,All Households
Andhra Pradesh,99,All,1,0.94,0.98,0.79,0.28,0.10,0.21,0.33,0.30,0.18,4,2015,All Households
Andhra Pradesh,99,All,2,0.94,0.98,0.81,0.26,0.09,0.19,0.29,0.23,0.16,4,2015,All Households
Andhra Pradesh,99,All,3,0.94,0.99,0.81,0.25,0.08,0.17,0.29,0.24,0.14,4,2015,All Households
Andhra Pradesh,99,All,4,0.88,0.99,0.72,0.20,0.04,0.14,0.23,0.18,0.09,4,2015,All Households
Andhra Pradesh,99,All,5,0.64,0.99,0.46,0.12,0.02,0.09,0.15,0.11,0.04,4,2015,All Households
Andhra Pradesh,0,Rural,1,0.96,0.99,0.79,0.39,0.14,0.27,0.36,0.29,0.23,5,2019,All Households
Andhra Pradesh,0,Rural,2,0.97,0.99,0.86,0.28,0.12,0.25,0.27,0.23,0.18,5,2019,All Households
Andhra Pradesh,0,Rural,3,0.96,1.00,0.85,0.30,0.10,0.26,0.28,0.24,0.16,5,2019,All Households
Andhra Pradesh,0,Rural,4,0.93,1.00,0.83,0.25,0.07,0.22,0.22,0.19,0.12,5,2019,All Households
Andhra Pradesh,0,Rural,5,0.81,0.99,0.73,0.24,0.05,0.22,0.22,0.18,0.12,5,2019,All Households
Andhra Pradesh,1,Urban,1,0.90,1.00,0.57,0.27,0.14,0.19,0.27,0.27,0.22,5,2019,All Households
Andhra Pradesh,1,Urban,2,0.94,0.98,0.72,0.31,0.17,0.15,0.28,0.24,0.20,5,2019,All Households
Andhra Pradesh,1,Urban,3,0.92,1.00,0.71,0.23,0.07,0.16,0.19,0.18,0.12,5,2019,All Households
Andhra Pradesh,1,Urban,4,0.88,1.00,0.71,0.25,0.06,0.15,0.22,0.19,0.11,5,2019,All Households
Andhra Pradesh,1,Urban,5,0.59,1.00,0.49,0.17,0.04,0.10,0.16,0.13,0.06,5,2019,All Households
Andhra Pradesh,99,All,1,0.95,0.99,0.77,0.38,0.14,0.27,0.35,0.29,0.23,5,2019,All Households
Andhra Pradesh,99,All,2,0.97,0.99,0.85,0.28,0.12,0.24,0.27,0.23,0.18,5,2019,All Households
Andhra Pradesh,99,All,3,0.95,1.00,0.82,0.29,0.10,0.24,0.26,0.23,0.16,5,2019,All Households
Andhra Pradesh,99,All,4,0.91,1.00,0.78,0.25,0.07,0.19,0.22,0.19,0.11,5,2019,All Households
Andhra Pradesh,99,All,5,0.65,1.00,0.55,0.19,0.04,0.13,0.18,0.15,0.07,5,2019,All Households
Arunachal Pradesh,0,Rural,1,0.65,0.96,0.16,0.14,0.03,0.21,0.19,0.10,0.04,5,2019,All Households
Arunachal Pradesh,0,Rural,2,0.70,0.99,0.24,0.15,0.05,0.20,0.18,0.09,0.04,5,2019,All Households
Arunachal Pradesh,0,Rural,3,0.62,0.99,0.29,0.12,0.05,0.17,0.16,0.08,0.03,5,2019,All Households
Arunachal Pradesh,0,Rural,4,0.56,0.99,0.32,0.12,0.04,0.17,0.17,0.09,0.04,5,2019,All Households
Arunachal Pradesh,0,Rural,5,0.42,0.99,0.42,0.07,0.03,0.17,0.10,0.04,0.02,5,2019,All Households
Arunachal Pradesh,1,Urban,1,0.50,0.96,0.26,0.19,0.13,0.21,0.26,0.21,0.06,5,2019,All Households
Arunachal Pradesh,1,Urban,2,0.49,0.97,0.23,0.10,0.05,0.15,0.13,0.08,0.01,5,2019,All Households
Arunachal Pradesh,1,Urban,3,0.44,0.98,0.28,0.07,0.05,0.11,0.10,0.05,0.02,5,2019,All Households
Arunachal Pradesh,1,Urban,4,0.40,0.99,0.27,0.04,0.04,0.08,0.07,0.03,0.01,5,2019,All Households
Arunachal Pradesh,1,Urban,5,0.23,1.00,0.27,0.03,0.04,0.06,0.06,0.03,0.00,5,2019,All Households
Arunachal Pradesh,99,All,1,0.64,0.96,0.16,0.14,0.03,0.21,0.20,0.10,0.04,5,2019,All Households
Arunachal Pradesh,99,All,2,0.69,0.98,0.24,0.15,0.05,0.20,0.18,0.09,0.04,5,2019,All Households
Arunachal Pradesh,99,All,3,0.58,0.99,0.29,0.11,0.05,0.16,0.15,0.07,0.03,5,2019,All Households
Arunachal Pradesh,99,All,4,0.50,0.99,0.30,0.09,0.04,0.13,0.13,0.07,0.03,5,2019,All Households
Arunachal Pradesh,99,All,5,0.34,0.99,0.35,0.06,0.03,0.12,0.08,0.04,0.01,5,2019,All Households
Arunachal Pradesh,0,Rural,1,0.51,0.84,0.45,0.11,0.03,0.08,0.14,0.04,0.02,4,2015,All Households
Arunachal Pradesh,0,Rural,2,0.58,0.92,0.59,0.11,0.05,0.10,0.15,0.04,0.02,4,2015,All Households
Arunachal Pradesh,0,Rural,3,0.54,0.93,0.65,0.11,0.09,0.11,0.12,0.03,0.01,4,2015,All Households
Arunachal Pradesh,0,Rural,4,0.43,0.95,0.66,0.11,0.09,0.11,0.09,0.03,0.01,4,2015,All Households
Arunachal Pradesh,0,Rural,5,0.44,0.94,0.69,0.07,0.07,0.11,0.08,0.04,0.02,4,2015,All Households
Arunachal Pradesh,1,Urban,1,0.36,0.65,0.26,0.11,0.00,0.14,0.00,0.00,0.00,4,2015,All Households
Arunachal Pradesh,1,Urban,2,0.33,0.77,0.41,0.08,0.11,0.08,0.08,0.03,0.03,4,2015,All Households
Arunachal Pradesh,1,Urban,3,0.33,0.87,0.46,0.08,0.08,0.08,0.07,0.04,0.02,4,2015,All Households
Arunachal Pradesh,1,Urban,4,0.28,0.90,0.56,0.03,0.06,0.07,0.03,0.01,0.00,4,2015,All Households
Arunachal Pradesh,1,Urban,5,0.27,0.90,0.59,0.04,0.04,0.08,0.03,0.01,0.00,4,2015,All Households
Arunachal Pradesh,99,All,1,0.51,0.83,0.45,0.11,0.03,0.08,0.14,0.04,0.02,4,2015,All Households
Arunachal Pradesh,99,All,2,0.56,0.90,0.57,0.10,0.06,0.10,0.14,0.04,0.02,4,2015,All Households
Arunachal Pradesh,99,All,3,0.49,0.91,0.60,0.10,0.08,0.10,0.11,0.03,0.01,4,2015,All Households
Arunachal Pradesh,99,All,4,0.35,0.92,0.61,0.07,0.08,0.09,0.06,0.02,0.01,4,2015,All Households
Arunachal Pradesh,99,All,5,0.33,0.92,0.63,0.05,0.06,0.09,0.05,0.02,0.01,4,2015,All Households
Assam,0,Rural,1,0.56,0.13,0.01,0.35,0.19,0.39,0.35,0.19,0.08,5,2019,All Households
Assam,0,Rural,2,0.61,0.18,0.01,0.33,0.20,0.42,0.33,0.17,0.07,5,2019,All Households
Assam,0,Rural,3,0.46,0.24,0.01,0.30,0.16,0.40,0.28,0.14,0.05,5,2019,All Households
Assam,0,Rural,4,0.28,0.35,0.02,0.28,0.13,0.36,0.27,0.16,0.04,5,2019,All Households
Assam,0,Rural,5,0.14,0.45,0.07,0.23,0.06,0.32,0.24,0.11,0.06,5,2019,All Households
Assam,1,Urban,1,0.41,0.22,0.00,0.29,0.17,0.27,0.30,0.15,0.12,5,2019,All Households
Assam,1,Urban,2,0.45,0.32,0.01,0.29,0.14,0.35,0.30,0.19,0.07,5,2019,All Households
Assam,1,Urban,3,0.40,0.34,0.01,0.23,0.12,0.30,0.22,0.11,0.06,5,2019,All Households
Assam,1,Urban,4,0.26,0.43,0.04,0.17,0.09,0.26,0.17,0.10,0.04,5,2019,All Households
Assam,1,Urban,5,0.06,0.56,0.14,0.12,0.04,0.15,0.12,0.04,0.01,5,2019,All Households
Assam,99,All,1,0.56,0.13,0.01,0.35,0.19,0.39,0.35,0.19,0.08,5,2019,All Households
Assam,99,All,2,0.60,0.19,0.01,0.33,0.20,0.42,0.33,0.17,0.07,5,2019,All Households
Assam,99,All,3,0.44,0.27,0.01,0.28,0.15,0.38,0.26,0.14,0.05,5,2019,All Households
Assam,99,All,4,0.27,0.39,0.03,0.23,0.11,0.32,0.23,0.13,0.04,5,2019,All Households
Assam,99,All,5,0.08,0.52,0.12,0.16,0.04,0.21,0.16,0.06,0.03,5,2019,All Households
Assam,0,Rural,1,0.50,0.01,0.06,0.29,0.21,0.20,0.34,0.18,0.09,4,2015,All Households
Assam,0,Rural,2,0.53,0.01,0.08,0.29,0.26,0.20,0.31,0.17,0.08,4,2015,All Households
Assam,0,Rural,3,0.42,0.02,0.08,0.28,0.26,0.20,0.30,0.16,0.08,4,2015,All Households
Assam,0,Rural,4,0.23,0.04,0.10,0.24,0.20,0.21,0.26,0.14,0.06,4,2015,All Households
Assam,0,Rural,5,0.11,0.06,0.15,0.25,0.13,0.17,0.22,0.12,0.02,4,2015,All Households
Assam,1,Urban,1,0.32,0.03,0.02,0.28,0.27,0.17,0.25,0.11,0.05,4,2015,All Households
Assam,1,Urban,2,0.42,0.03,0.02,0.24,0.26,0.16,0.20,0.12,0.05,4,2015,All Households
Assam,1,Urban,3,0.33,0.08,0.03,0.20,0.21,0.13,0.17,0.08,0.04,4,2015,All Households
Assam,1,Urban,4,0.18,0.09,0.06,0.16,0.14,0.12,0.17,0.08,0.04,4,2015,All Households
Assam,1,Urban,5,0.07,0.09,0.10,0.08,0.03,0.11,0.06,0.02,0.01,4,2015,All Households
Assam,99,All,1,0.49,0.01,0.06,0.29,0.21,0.20,0.34,0.18,0.09,4,2015,All Households
Assam,99,All,2,0.53,0.01,0.08,0.29,0.26,0.19,0.31,0.17,0.08,4,2015,All Households
Assam,99,All,3,0.41,0.03,0.07,0.27,0.26,0.19,0.28,0.15,0.07,4,2015,All Households
Assam,99,All,4,0.21,0.06,0.08,0.21,0.17,0.17,0.22,0.11,0.06,4,2015,All Households
Assam,99,All,5,0.08,0.08,0.12,0.15,0.07,0.13,0.12,0.06,0.01,4,2015,All Households
Bihar,0,Rural,1,0.69,0.99,0.05,0.36,0.21,0.33,0.37,0.33,0.17,5,2019,All Households
Bihar,0,Rural,2,0.60,0.99,0.04,0.32,0.20,0.33,0.33,0.30,0.16,5,2019,All Households
Bihar,0,Rural,3,0.46,0.99,0.04,0.26,0.16,0.28,0.28,0.25,0.13,5,2019,All Households
Bihar,0,Rural,4,0.35,0.99,0.04,0.23,0.13,0.26,0.27,0.24,0.13,5,2019,All Households
Bihar,0,Rural,5,0.23,0.99,0.07,0.17,0.10,0.23,0.23,0.20,0.10,5,2019,All Households
Bihar,1,Urban,1,0.68,0.98,0.04,0.34,0.19,0.29,0.39,0.34,0.19,5,2019,All Households
Bihar,1,Urban,2,0.55,1.00,0.04,0.30,0.16,0.25,0.36,0.30,0.16,5,2019,All Households
Bihar,1,Urban,3,0.47,0.99,0.02,0.26,0.12,0.26,0.33,0.29,0.13,5,2019,All Households
Bihar,1,Urban,4,0.32,0.99,0.04,0.20,0.09,0.19,0.21,0.18,0.08,5,2019,All Households
Bihar,1,Urban,5,0.18,0.99,0.08,0.04,0.02,0.09,0.09,0.07,0.03,5,2019,All Households
Bihar,99,All,1,0.69,0.99,0.05,0.35,0.21,0.32,0.37,0.33,0.17,5,2019,All Households
Bihar,99,All,2,0.59,0.99,0.04,0.32,0.20,0.32,0.34,0.30,0.16,5,2019,All Households
Bihar,99,All,3,0.47,0.99,0.03,0.26,0.15,0.28,0.30,0.26,0.13,5,2019,All Households
Bihar,99,All,4,0.33,0.99,0.04,0.21,0.11,0.23,0.24,0.21,0.11,5,2019,All Households
Bihar,99,All,5,0.20,0.99,0.08,0.08,0.05,0.13,0.14,0.11,0.05,5,2019,All Households
Bihar,0,Rural,1,0.69,0.44,0.13,0.21,0.24,0.16,0.38,0.32,0.16,4,2015,All Households
Bihar,0,Rural,2,0.56,0.52,0.13,0.19,0.23,0.18,0.33,0.29,0.15,4,2015,All Households
Bihar,0,Rural,3,0.39,0.56,0.10,0.14,0.18,0.15,0.27,0.23,0.12,4,2015,All Households
Bihar,0,Rural,4,0.23,0.58,0.06,0.12,0.14,0.14,0.23,0.19,0.08,4,2015,All Households
Bihar,0,Rural,5,0.17,0.61,0.10,0.07,0.11,0.14,0.15,0.11,0.03,4,2015,All Households
Bihar,1,Urban,1,0.62,0.56,0.13,0.16,0.25,0.15,0.40,0.34,0.19,4,2015,All Households
Bihar,1,Urban,2,0.58,0.56,0.11,0.19,0.23,0.17,0.34,0.28,0.16,4,2015,All Households
Bihar,1,Urban,3,0.40,0.62,0.08,0.11,0.15,0.10,0.21,0.18,0.09,4,2015,All Households
Bihar,1,Urban,4,0.22,0.66,0.06,0.07,0.11,0.07,0.14,0.11,0.06,4,2015,All Households
Bihar,1,Urban,5,0.10,0.70,0.05,0.07,0.06,0.06,0.08,0.07,0.04,4,2015,All Households
Bihar,99,All,1,0.68,0.44,0.13,0.20,0.24,0.16,0.38,0.32,0.16,4,2015,All Households
Bihar,99,All,2,0.56,0.53,0.13,0.19,0.23,0.18,0.33,0.29,0.15,4,2015,All Households
Bihar,99,All,3,0.39,0.57,0.10,0.14,0.18,0.14,0.26,0.22,0.12,4,2015,All Households
Bihar,99,All,4,0.23,0.62,0.06,0.09,0.13,0.11,0.19,0.15,0.07,4,2015,All Households
Bihar,99,All,5,0.12,0.67,0.06,0.07,0.08,0.08,0.10,0.09,0.04,4,2015,All Households
Chandigarh,0,Rural,2,0.00,1.00,0.00,,,,,,,5,2019,All Households
Chandigarh,0,Rural,3,0.00,1.00,0.14,0.40,0.00,0.00,0.20,0.00,0.00,5,2019,All Households
Chandigarh,0,Rural,4,0.00,1.00,0.33,0.50,0.00,0.00,0.00,0.00,0.00,5,2019,All Households
Chandigarh,0,Rural,5,0.00,1.00,0.10,0.30,0.00,0.10,0.30,0.30,0.10,5,2019,All Households
Chandigarh,1,Urban,1,0.00,1.00,0.25,0.20,0.00,0.17,0.20,0.20,0.00,5,2019,All Households
Chandigarh,1,Urban,2,0.06,1.00,0.06,0.00,0.11,0.08,0.11,0.00,0.00,5,2019,All Households
Chandigarh,1,Urban,3,0.15,0.97,0.03,0.22,0.08,0.11,0.27,0.11,0.00,5,2019,All Households
Chandigarh,1,Urban,4,0.13,0.99,0.06,0.24,0.02,0.11,0.26,0.16,0.05,5,2019,All Households
Chandigarh,1,Urban,5,0.07,1.00,0.21,0.21,0.06,0.09,0.23,0.17,0.06,5,2019,All Households
Chandigarh,99,All,1,0.00,1.00,0.25,0.20,0.00,0.17,0.20,0.20,0.00,5,2019,All Households
Chandigarh,99,All,2,0.06,1.00,0.06,0.00,0.11,0.08,0.11,0.00,0.00,5,2019,All Households
Chandigarh,99,All,3,0.14,0.97,0.04,0.23,0.08,0.10,0.26,0.11,0.00,5,2019,All Households
Chandigarh,99,All,4,0.13,0.99,0.06,0.24,0.02,0.10,0.25,0.16,0.05,5,2019,All Households
Chandigarh,99,All,5,0.07,1.00,0.21,0.21,0.06,0.09,0.24,0.17,0.06,5,2019,All Households
Chandigarh,0,Rural,1,0.00,1.00,0.00,,,,,,,4,2015,All Households
Chandigarh,0,Rural,2,0.50,1.00,0.00,1.00,1.00,1.00,1.00,0.50,0.00,4,2015,All Households
Chandigarh,0,Rural,3,0.00,0.75,0.00,0.00,0.25,0.50,0.75,0.25,0.50,4,2015,All Households
Chandigarh,0,Rural,4,0.00,0.50,0.00,0.00,0.00,0.00,0.00,0.00,0.00,4,2015,All Households
Chandigarh,0,Rural,5,0.00,1.00,0.00,0.09,0.00,0.18,0.18,0.00,0.00,4,2015,All Households
Chandigarh,1,Urban,1,0.18,0.40,0.00,0.68,0.00,0.37,1.00,0.63,1.00,4,2015,All Households
Chandigarh,1,Urban,2,0.05,0.94,0.00,0.24,0.09,0.12,0.60,0.25,0.16,4,2015,All Households
Chandigarh,1,Urban,3,0.07,0.94,0.03,0.31,0.05,0.12,0.29,0.20,0.00,4,2015,All Households
Chandigarh,1,Urban,4,0.08,0.99,0.03,0.24,0.06,0.15,0.27,0.19,0.10,4,2015,All Households
Chandigarh,1,Urban,5,0.03,0.99,0.15,0.15,0.04,0.10,0.16,0.07,0.05,4,2015,All Households
Chandigarh,99,All,1,0.15,0.50,0.00,0.68,0.00,0.37,1.00,0.63,1.00,4,2015,All Households
Chandigarh,99,All,2,0.10,0.94,0.00,0.44,0.32,0.28,0.70,0.31,0.12,4,2015,All Households
Chandigarh,99,All,3,0.06,0.92,0.02,0.25,0.08,0.18,0.37,0.21,0.09,4,2015,All Households
Chandigarh,99,All,4,0.08,0.98,0.03,0.23,0.06,0.14,0.27,0.18,0.10,4,2015,All Households
Chandigarh,99,All,5,0.03,0.99,0.15,0.14,0.04,0.10,0.16,0.07,0.05,4,2015,All Households
Chhattisgarh,0,Rural,1,0.94,0.99,0.61,0.40,0.18,0.46,0.38,0.34,0.15,5,2019,All Households
Chhattisgarh,0,Rural,2,0.93,1.00,0.65,0.37,0.18,0.45,0.34,0.29,0.12,5,2019,All Households
Chhattisgarh,0,Rural,3,0.91,1.00,0.66,0.36,0.19,0.48,0.34,0.30,0.12,5,2019,All Households
Chhattisgarh,0,Rural,4,0.85,1.00,0.66,0.36,0.17,0.44,0.33,0.28,0.13,5,2019,All Households
Chhattisgarh,0,Rural,5,0.72,1.00,0.65,0.31,0.13,0.43,0.28,0.25,0.08,5,2019,All Households
Chhattisgarh,1,Urban,1,0.86,0.99,0.62,0.38,0.17,0.35,0.33,0.30,0.12,5,2019,All Households
Chhattisgarh,1,Urban,2,0.85,0.98,0.64,0.33,0.14,0.36,0.31,0.25,0.13,5,2019,All Households
Chhattisgarh,1,Urban,3,0.84,0.99,0.57,0.31,0.17,0.36,0.28,0.24,0.09,5,2019,All Households
Chhattisgarh,1,Urban,4,0.80,0.99,0.61,0.31,0.15,0.38,0.29,0.25,0.08,5,2019,All Households
Chhattisgarh,1,Urban,5,0.51,1.00,0.50,0.20,0.08,0.27,0.20,0.17,0.06,5,2019,All Households
Chhattisgarh,99,All,1,0.93,0.99,0.61,0.40,0.18,0.46,0.38,0.34,0.15,5,2019,All Households
Chhattisgarh,99,All,2,0.92,1.00,0.65,0.37,0.18,0.44,0.34,0.29,0.13,5,2019,All Households
Chhattisgarh,99,All,3,0.90,1.00,0.64,0.35,0.18,0.45,0.33,0.29,0.11,5,2019,All Households
Chhattisgarh,99,All,4,0.83,1.00,0.63,0.34,0.16,0.42,0.31,0.27,0.11,5,2019,All Households
Chhattisgarh,99,All,5,0.57,1.00,0.54,0.23,0.10,0.31,0.22,0.19,0.07,5,2019,All Households
Chhattisgarh,0,Rural,1,0.91,0.96,0.69,0.34,0.21,0.26,0.43,0.36,0.18,4,2015,All Households
Chhattisgarh,0,Rural,2,0.89,0.97,0.73,0.34,0.24,0.29,0.40,0.34,0.17,4,2015,All Households
Chhattisgarh,0,Rural,3,0.83,0.98,0.75,0.36,0.25,0.31,0.41,0.35,0.14,4,2015,All Households
Chhattisgarh,0,Rural,4,0.69,0.98,0.74,0.36,0.22,0.31,0.41,0.35,0.14,4,2015,All Households
Chhattisgarh,0,Rural,5,0.46,0.98,0.66,0.34,0.19,0.29,0.36,0.29,0.09,4,2015,All Households
Chhattisgarh,1,Urban,1,0.78,0.88,0.54,0.30,0.15,0.25,0.33,0.27,0.17,4,2015,All Households
Chhattisgarh,1,Urban,2,0.79,0.96,0.61,0.36,0.24,0.29,0.39,0.33,0.14,4,2015,All Households
Chhattisgarh,1,Urban,3,0.76,0.96,0.62,0.33,0.23,0.24,0.38,0.33,0.13,4,2015,All Households
Chhattisgarh,1,Urban,4,0.67,0.99,0.61,0.26,0.18,0.21,0.31,0.26,0.08,4,2015,All Households
Chhattisgarh,1,Urban,5,0.31,0.97,0.48,0.23,0.13,0.20,0.21,0.16,0.06,4,2015,All Households
Chhattisgarh,99,All,1,0.90,0.95,0.68,0.34,0.21,0.26,0.43,0.36,0.18,4,2015,All Households
Chhattisgarh,99,All,2,0.88,0.97,0.71,0.34,0.24,0.29,0.40,0.34,0.17,4,2015,All Households
Chhattisgarh,99,All,3,0.81,0.97,0.71,0.36,0.25,0.29,0.40,0.34,0.14,4,2015,All Households
Chhattisgarh,99,All,4,0.68,0.98,0.68,0.31,0.20,0.26,0.37,0.30,0.11,4,2015,All Households
Chhattisgarh,99,All,5,0.35,0.97,0.52,0.26,0.14,0.22,0.25,0.19,0.07,4,2015,All Households
Dadra and Nagar Haveli & Daman and Diu,0,Rural,1,0.54,1.04,0.02,0.27,0.01,0.11,0.44,0.36,0.26,4,2015,All Households
Dadra and Nagar Haveli & Daman and Diu,0,Rural,2,0.29,1.05,0.04,0.21,0.04,0.12,0.33,0.27,0.24,4,2015,All Households
Dadra and Nagar Haveli & Daman and Diu,0,Rural,3,0.37,1.07,0.10,0.16,0.05,0.16,0.27,0.20,0.12,4,2015,All Households
Dadra and Nagar Haveli & Daman and Diu,0,Rural,4,0.35,0.98,0.14,0.18,0.05,0.09,0.20,0.17,0.11,4,2015,All Households
Dadra and Nagar Haveli & Daman and Diu,0,Rural,5,0.17,1.00,0.23,0.19,0.05,0.13,0.25,0.20,0.12,4,2015,All Households
Dadra and Nagar Haveli & Daman and Diu,1,Urban,1,0.23,1.00,0.02,0.00,0.00,0.00,0.00,0.00,0.00,4,2015,All Households
Dadra and Nagar Haveli & Daman and Diu,1,Urban,2,0.14,0.88,0.08,0.08,0.08,0.08,0.19,0.12,0.07,4,2015,All Households
Dadra and Nagar Haveli & Daman and Diu,1,Urban,3,0.11,0.90,0.07,0.14,0.04,0.11,0.20,0.15,0.09,4,2015,All Households
Dadra and Nagar Haveli & Daman and Diu,1,Urban,4,0.10,0.99,0.21,0.07,0.02,0.10,0.12,0.09,0.07,4,2015,All Households
Dadra and Nagar Haveli & Daman and Diu,1,Urban,5,0.11,0.97,0.20,0.06,0.02,0.06,0.07,0.03,0.03,4,2015,All Households
Dadra and Nagar Haveli & Daman and Diu,99,All,1,0.53,1.04,0.02,0.27,0.01,0.11,0.44,0.36,0.26,4,2015,All Households
Dadra and Nagar Haveli & Daman and Diu,99,All,2,0.22,0.98,0.06,0.18,0.05,0.11,0.30,0.23,0.20,4,2015,All Households
Dadra and Nagar Haveli & Daman and Diu,99,All,3,0.21,0.96,0.08,0.15,0.04,0.13,0.24,0.17,0.11,4,2015,All Households
Dadra and Nagar Haveli & Daman and Diu,99,All,4,0.16,0.99,0.19,0.10,0.03,0.10,0.14,0.11,0.08,4,2015,All Households
Dadra and Nagar Haveli & Daman and Diu,99,All,5,0.11,0.97,0.20,0.07,0.03,0.07,0.09,0.05,0.04,4,2015,All Households
Delhi,0,Rural,1,0.00,1.00,0.00,,,,,,,5,2019,All Households
Delhi,0,Rural,2,0.00,0.75,0.00,0.04,0.00,0.21,0.21,0.21,0.00,5,2019,All Households
Delhi,0,Rural,3,0.14,0.95,0.01,0.35,0.00,0.49,0.43,0.27,0.16,5,2019,All Households
Delhi,0,Rural,4,0.28,0.98,0.12,0.43,0.00,0.44,0.55,0.41,0.18,5,2019,All Households
Delhi,0,Rural,5,0.26,1.00,0.12,0.34,0.07,0.45,0.38,0.31,0.10,5,2019,All Households
Delhi,1,Urban,1,0.23,0.82,0.00,0.49,0.13,0.10,0.49,0.35,0.30,5,2019,All Households
Delhi,1,Urban,2,0.23,0.98,0.03,0.29,0.07,0.32,0.30,0.20,0.11,5,2019,All Households
Delhi,1,Urban,3,0.20,0.98,0.02,0.28,0.04,0.34,0.33,0.24,0.14,5,2019,All Households
Delhi,1,Urban,4,0.16,0.99,0.02,0.24,0.05,0.29,0.30,0.23,0.11,5,2019,All Households
Delhi,1,Urban,5,0.10,1.00,0.10,0.16,0.03,0.20,0.19,0.14,0.06,5,2019,All Households
Delhi,99,All,1,0.22,0.82,0.00,0.49,0.13,0.10,0.49,0.35,0.30,5,2019,All Households
Delhi,99,All,2,0.22,0.97,0.03,0.29,0.07,0.31,0.30,0.20,0.11,5,2019,All Households
Delhi,99,All,3,0.20,0.98,0.01,0.28,0.04,0.34,0.33,0.24,0.14,5,2019,All Households
Delhi,99,All,4,0.16,0.99,0.02,0.25,0.05,0.30,0.30,0.23,0.11,5,2019,All Households
Delhi,99,All,5,0.11,1.00,0.10,0.16,0.03,0.21,0.19,0.14,0.06,5,2019,All Households
Delhi,0,Rural,2,0.00,0.97,0.00,0.34,0.00,0.68,0.37,0.00,0.03,4,2015,All Households
Delhi,0,Rural,3,0.00,1.00,0.00,0.00,0.00,0.00,0.00,0.00,0.00,4,2015,All Households
Delhi,0,Rural,4,0.09,0.99,0.00,0.00,0.00,0.29,0.00,0.00,0.00,4,2015,All Households
Delhi,0,Rural,5,0.13,1.00,0.10,0.04,0.00,0.19,0.00,0.00,0.00,4,2015,All Households
Delhi,1,Urban,1,0.16,0.82,0.00,0.52,0.00,0.52,0.45,0.45,0.00,4,2015,All Households
Delhi,1,Urban,2,0.30,0.89,0.02,0.19,0.07,0.12,0.22,0.14,0.04,4,2015,All Households
Delhi,1,Urban,3,0.25,0.99,0.00,0.09,0.06,0.15,0.10,0.08,0.02,4,2015,All Households
Delhi,1,Urban,4,0.22,0.98,0.01,0.12,0.04,0.16,0.14,0.11,0.05,4,2015,All Households
Delhi,1,Urban,5,0.16,0.98,0.08,0.08,0.01,0.11,0.04,0.03,0.01,4,2015,All Households
Delhi,99,All,1,0.16,0.82,0.00,0.52,0.00,0.52,0.45,0.45,0.00,4,2015,All Households
Delhi,99,All,2,0.29,0.89,0.02,0.19,0.07,0.14,0.23,0.13,0.04,4,2015,All Households
Delhi,99,All,3,0.25,0.99,0.00,0.09,0.06,0.15,0.10,0.08,0.02,4,2015,All Households
Delhi,99,All,4,0.22,0.98,0.01,0.12,0.04,0.16,0.14,0.10,0.04,4,2015,All Households
Delhi,99,All,5,0.16,0.98,0.08,0.08,0.01,0.11,0.04,0.03,0.01,4,2015,All Households
Dadra and Nagar Haveli & Daman and Diu,0,Rural,1,0.67,1.00,0.01,0.44,0.10,0.59,0.44,0.37,0.34,5,2019,All Households
Dadra and Nagar Haveli & Daman and Diu,0,Rural,2,0.52,0.99,0.03,0.34,0.07,0.53,0.36,0.33,0.26,5,2019,All Households
Dadra and Nagar Haveli & Daman and Diu,0,Rural,3,0.59,1.00,0.04,0.27,0.09,0.43,0.30,0.27,0.23,5,2019,All Households
Dadra and Nagar Haveli & Daman and Diu,0,Rural,4,0.30,0.99,0.04,0.23,0.05,0.49,0.23,0.23,0.20,5,2019,All Households
Dadra and Nagar Haveli & Daman and Diu,0,Rural,5,0.40,0.95,0.04,0.16,0.01,0.36,0.15,0.13,0.08,5,2019,All Households
Dadra and Nagar Haveli & Daman and Diu,1,Urban,1,0.42,0.97,0.00,0.67,0.00,0.43,0.67,0.67,0.16,5,2019,All Households
Dadra and Nagar Haveli & Daman and Diu,1,Urban,2,0.20,0.93,0.00,0.36,0.09,0.63,0.41,0.41,0.32,5,2019,All Households
Dadra and Nagar Haveli & Daman and Diu,1,Urban,3,0.40,1.00,0.00,0.30,0.08,0.48,0.40,0.33,0.26,5,2019,All Households
Dadra and Nagar Haveli & Daman and Diu,1,Urban,4,0.38,1.00,0.03,0.26,0.09,0.50,0.30,0.28,0.19,5,2019,All Households
Dadra and Nagar Haveli & Daman and Diu,1,Urban,5,0.29,1.00,0.03,0.15,0.04,0.40,0.16,0.13,0.07,5,2019,All Households
Dadra and Nagar Haveli & Daman and Diu,99,All,1,0.65,1.00,0.01,0.44,0.10,0.58,0.45,0.39,0.34,5,2019,All Households
Dadra and Nagar Haveli & Daman and Diu,99,All,2,0.42,0.97,0.02,0.34,0.07,0.55,0.37,0.34,0.27,5,2019,All Households
Dadra and Nagar Haveli & Daman and Diu,99,All,3,0.49,1.00,0.02,0.28,0.09,0.45,0.35,0.30,0.24,5,2019,All Households
Dadra and Nagar Haveli & Daman and Diu,99,All,4,0.36,0.99,0.03,0.25,0.08,0.50,0.28,0.26,0.20,5,2019,All Households
Dadra and Nagar Haveli & Daman and Diu,99,All,5,0.30,0.99,0.03,0.15,0.04,0.39,0.16,0.13,0.07,5,2019,All Households
Goa,0,Rural,1,0.43,1.00,0.32,1.00,0.00,0.00,1.00,1.00,0.00,5,2019,All Households
Goa,0,Rural,2,0.48,1.00,0.54,0.30,0.16,0.06,0.32,0.16,0.00,5,2019,All Households
Goa,0,Rural,3,0.47,1.00,0.61,0.26,0.01,0.29,0.20,0.14,0.05,5,2019,All Households
Goa,0,Rural,4,0.57,1.00,0.74,0.32,0.02,0.26,0.26,0.12,0.09,5,2019,All Households
Goa,0,Rural,5,0.28,1.00,0.72,0.30,0.07,0.14,0.23,0.13,0.08,5,2019,All Households
Goa,1,Urban,1,0.56,1.00,0.00,0.42,0.00,0.00,0.42,0.42,0.00,5,2019,All Households
Goa,1,Urban,2,0.28,1.00,0.18,0.41,0.00,0.35,0.46,0.41,0.07,5,2019,All Households
Goa,1,Urban,3,0.32,1.00,0.34,0.38,0.09,0.16,0.28,0.22,0.03,5,2019,All Households
Goa,1,Urban,4,0.32,1.00,0.59,0.28,0.04,0.20,0.24,0.15,0.06,5,2019,All Households
Goa,1,Urban,5,0.22,1.00,0.56,0.30,0.03,0.17,0.25,0.13,0.09,5,2019,All Households
Goa,99,All,1,0.47,1.00,0.22,0.70,0.00,0.00,0.70,0.70,0.00,5,2019,All Households
Goa,99,All,2,0.41,1.00,0.41,0.35,0.10,0.17,0.38,0.26,0.03,5,2019,All Households
Goa,99,All,3,0.40,1.00,0.49,0.32,0.05,0.23,0.24,0.18,0.04,5,2019,All Households
Goa,99,All,4,0.45,1.00,0.67,0.30,0.03,0.23,0.25,0.14,0.08,5,2019,All Households
Goa,99,All,5,0.24,1.00,0.61,0.30,0.04,0.16,0.24,0.13,0.08,5,2019,All Households
Goa,0,Rural,1,0.35,1.00,0.00,0.00,0.00,0.00,0.00,0.00,0.00,4,2015,All Households
Goa,0,Rural,2,0.34,0.83,0.00,0.20,0.03,0.19,0.24,0.21,0.14,4,2015,All Households
Goa,0,Rural,3,0.37,0.97,0.03,0.22,0.07,0.23,0.25,0.09,0.08,4,2015,All Households
Goa,0,Rural,4,0.25,0.94,0.02,0.32,0.11,0.28,0.38,0.20,0.14,4,2015,All Households
Goa,0,Rural,5,0.14,0.95,0.07,0.24,0.06,0.26,0.24,0.15,0.09,4,2015,All Households
Goa,1,Urban,1,0.00,1.00,0.00,0.00,0.00,0.00,0.00,0.00,0.00,4,2015,All Households
Goa,1,Urban,2,0.04,0.58,0.00,0.45,0.12,0.25,0.49,0.39,0.39,4,2015,All Households
Goa,1,Urban,3,0.09,0.91,0.03,0.25,0.07,0.22,0.24,0.12,0.12,4,2015,All Households
Goa,1,Urban,4,0.10,0.91,0.04,0.22,0.04,0.29,0.22,0.12,0.07,4,2015,All Households
Goa,1,Urban,5,0.09,0.96,0.08,0.18,0.05,0.22,0.17,0.11,0.08,4,2015,All Households
Goa,99,All,1,0.23,1.00,0.00,0.00,0.00,0.00,0.00,0.00,0.00,4,2015,All Households
Goa,99,All,2,0.21,0.72,0.00,0.32,0.07,0.21,0.36,0.29,0.26,4,2015,All Households
Goa,99,All,3,0.21,0.94,0.03,0.24,0.07,0.22,0.24,0.11,0.10,4,2015,All Households
Goa,99,All,4,0.16,0.92,0.04,0.26,0.07,0.29,0.28,0.16,0.10,4,2015,All Households
Goa,99,All,5,0.11,0.96,0.08,0.19,0.05,0.23,0.19,0.12,0.08,4,2015,All Households
Gujarat,0,Rural,1,0.64,0.96,0.34,0.38,0.08,0.52,0.37,0.33,0.26,5,2019,All Households
Gujarat,0,Rural,2,0.54,0.98,0.39,0.37,0.10,0.53,0.35,0.31,0.25,5,2019,All Households
Gujarat,0,Rural,3,0.43,0.99,0.42,0.35,0.09,0.49,0.33,0.29,0.24,5,2019,All Households
Gujarat,0,Rural,4,0.27,0.99,0.44,0.30,0.07,0.49,0.28,0.25,0.21,5,2019,All Households
Gujarat,0,Rural,5,0.12,1.00,0.37,0.28,0.05,0.47,0.26,0.24,0.18,5,2019,All Households
Gujarat,1,Urban,1,0.36,0.89,0.18,0.50,0.06,0.39,0.50,0.42,0.25,5,2019,All Households
Gujarat,1,Urban,2,0.43,0.98,0.28,0.38,0.05,0.46,0.35,0.29,0.19,5,2019,All Households
Gujarat,1,Urban,3,0.41,0.96,0.26,0.33,0.07,0.40,0.31,0.26,0.23,5,2019,All Households
Gujarat,1,Urban,4,0.27,0.99,0.31,0.26,0.04,0.42,0.26,0.22,0.18,5,2019,All Households
Gujarat,1,Urban,5,0.14,0.99,0.29,0.16,0.03,0.27,0.15,0.13,0.10,5,2019,All Households
Gujarat,99,All,1,0.62,0.96,0.33,0.39,0.08,0.51,0.37,0.34,0.26,5,2019,All Households
Gujarat,99,All,2,0.53,0.98,0.38,0.37,0.09,0.52,0.35,0.31,0.25,5,2019,All Households
Gujarat,99,All,3,0.43,0.99,0.39,0.35,0.09,0.47,0.33,0.29,0.23,5,2019,All Households
Gujarat,99,All,4,0.27,0.99,0.38,0.28,0.05,0.45,0.27,0.24,0.19,5,2019,All Households
Gujarat,99,All,5,0.13,0.99,0.30,0.17,0.03,0.30,0.16,0.15,0.12,5,2019,All Households
Gujarat,0,Rural,1,0.63,0.84,0.19,0.20,0.06,0.18,0.35,0.30,0.17,4,2015,All Households
Gujarat,0,Rural,2,0.60,0.89,0.23,0.24,0.08,0.22,0.36,0.31,0.19,4,2015,All Households
Gujarat,0,Rural,3,0.49,0.91,0.22,0.22,0.07,0.23,0.33,0.29,0.21,4,2015,All Households
Gujarat,0,Rural,4,0.29,0.93,0.16,0.21,0.04,0.25,0.29,0.25,0.17,4,2015,All Households
Gujarat,0,Rural,5,0.16,0.94,0.13,0.14,0.02,0.24,0.23,0.19,0.13,4,2015,All Households
Gujarat,1,Urban,1,0.43,0.79,0.13,0.15,0.05,0.15,0.36,0.32,0.12,4,2015,All Households
Gujarat,1,Urban,2,0.40,0.77,0.11,0.15,0.04,0.17,0.24,0.21,0.14,4,2015,All Households
Gujarat,1,Urban,3,0.40,0.89,0.10,0.19,0.04,0.15,0.32,0.28,0.15,4,2015,All Households
Gujarat,1,Urban,4,0.34,0.92,0.12,0.15,0.03,0.18,0.24,0.20,0.13,4,2015,All Households
Gujarat,1,Urban,5,0.15,0.95,0.10,0.09,0.01,0.16,0.12,0.10,0.06,4,2015,All Households
Gujarat,99,All,1,0.61,0.84,0.18,0.20,0.06,0.18,0.35,0.30,0.17,4,2015,All Households
Gujarat,99,All,2,0.58,0.87,0.22,0.23,0.07,0.22,0.35,0.30,0.19,4,2015,All Households
Gujarat,99,All,3,0.47,0.90,0.19,0.21,0.06,0.21,0.33,0.29,0.19,4,2015,All Households
Gujarat,99,All,4,0.32,0.92,0.14,0.18,0.04,0.21,0.26,0.22,0.15,4,2015,All Households
Gujarat,99,All,5,0.15,0.95,0.11,0.10,0.01,0.17,0.13,0.11,0.07,4,2015,All Households
Haryana,0,Rural,1,0.42,0.98,0.06,0.35,0.03,0.37,0.35,0.28,0.16,5,2019,All Households
Haryana,0,Rural,2,0.47,0.99,0.08,0.33,0.06,0.38,0.31,0.25,0.10,5,2019,All Households
Haryana,0,Rural,3,0.40,0.99,0.09,0.33,0.05,0.38,0.30,0.24,0.09,5,2019,All Households
Haryana,0,Rural,4,0.29,1.00,0.08,0.32,0.06,0.41,0.31,0.25,0.10,5,2019,All Households
Haryana,0,Rural,5,0.13,1.00,0.11,0.32,0.07,0.40,0.32,0.28,0.11,5,2019,All Households
Haryana,1,Urban,1,0.36,0.93,0.04,0.38,0.11,0.32,0.37,0.33,0.17,5,2019,All Households
Haryana,1,Urban,2,0.28,0.95,0.03,0.29,0.04,0.36,0.33,0.26,0.08,5,2019,All Households
Haryana,1,Urban,3,0.23,1.00,0.03,0.29,0.07,0.30,0.29,0.26,0.09,5,2019,All Households
Haryana,1,Urban,4,0.34,1.00,0.06,0.26,0.05,0.29,0.26,0.20,0.10,5,2019,All Households
Haryana,1,Urban,5,0.15,1.00,0.10,0.20,0.03,0.24,0.19,0.16,0.06,5,2019,All Households
Haryana,99,All,1,0.41,0.98,0.06,0.35,0.04,0.37,0.36,0.29,0.16,5,2019,All Households
Haryana,99,All,2,0.44,0.99,0.07,0.33,0.05,0.38,0.32,0.25,0.10,5,2019,All Households
Haryana,99,All,3,0.36,1.00,0.08,0.32,0.05,0.37,0.30,0.25,0.09,5,2019,All Households
Haryana,99,All,4,0.30,1.00,0.08,0.31,0.06,0.38,0.30,0.24,0.10,5,2019,All Households
Haryana,99,All,5,0.14,1.00,0.10,0.26,0.05,0.33,0.26,0.22,0.09,5,2019,All Households
Haryana,0,Rural,1,0.48,0.83,0.03,0.12,0.04,0.19,0.13,0.10,0.04,4,2015,All Households
Haryana,0,Rural,2,0.52,0.89,0.04,0.19,0.05,0.21,0.24,0.20,0.09,4,2015,All Households
Haryana,0,Rural,3,0.46,0.94,0.05,0.25,0.08,0.29,0.29,0.26,0.14,4,2015,All Households
Haryana,0,Rural,4,0.27,0.95,0.04,0.23,0.07,0.28,0.26,0.24,0.12,4,2015,All Households
Haryana,0,Rural,5,0.08,0.96,0.06,0.23,0.05,0.29,0.24,0.22,0.10,4,2015,All Households
Haryana,1,Urban,1,0.14,0.72,0.00,0.21,0.05,0.39,0.30,0.25,0.05,4,2015,All Households
Haryana,1,Urban,2,0.28,0.75,0.01,0.15,0.07,0.21,0.19,0.17,0.07,4,2015,All Households
Haryana,1,Urban,3,0.27,0.81,0.04,0.15,0.05,0.18,0.19,0.17,0.08,4,2015,All Households
Haryana,1,Urban,4,0.23,0.89,0.02,0.14,0.04,0.18,0.15,0.13,0.06,4,2015,All Households
Haryana,1,Urban,5,0.10,0.96,0.07,0.13,0.03,0.20,0.11,0.09,0.04,4,2015,All Households
Haryana,99,All,1,0.42,0.81,0.02,0.14,0.04,0.23,0.16,0.14,0.04,4,2015,All Households
Haryana,99,All,2,0.47,0.86,0.03,0.18,0.05,0.21,0.23,0.19,0.09,4,2015,All Households
Haryana,99,All,3,0.40,0.91,0.04,0.22,0.07,0.26,0.26,0.23,0.12,4,2015,All Households
Haryana,99,All,4,0.25,0.93,0.03,0.20,0.06,0.25,0.22,0.20,0.10,4,2015,All Households
Haryana,99,All,5,0.09,0.96,0.07,0.18,0.04,0.24,0.17,0.15,0.07,4,2015,All Households
Himachal Pradesh,0,Rural,1,0.33,0.92,0.25,0.08,0.03,0.01,0.28,0.13,0.07,4,2015,All Households
Himachal Pradesh,0,Rural,2,0.45,0.97,0.33,0.10,0.05,0.06,0.31,0.08,0.10,4,2015,All Households
Himachal Pradesh,0,Rural,3,0.38,0.99,0.27,0.12,0.05,0.09,0.26,0.07,0.09,4,2015,All Households
Himachal Pradesh,0,Rural,4,0.25,0.99,0.21,0.16,0.07,0.12,0.30,0.08,0.08,4,2015,All Households
Himachal Pradesh,0,Rural,5,0.08,0.99,0.15,0.16,0.04,0.12,0.28,0.08,0.05,4,2015,All Households
Himachal Pradesh,1,Urban,1,0.00,0.67,0.00,0.00,0.00,0.00,1.00,1.00,1.00,4,2015,All Households
Himachal Pradesh,1,Urban,2,0.34,0.84,0.15,0.09,0.00,0.00,0.32,0.00,0.27,4,2015,All Households
Himachal Pradesh,1,Urban,3,0.36,0.99,0.20,0.03,0.02,0.01,0.12,0.04,0.00,4,2015,All Households
Himachal Pradesh,1,Urban,4,0.20,0.97,0.14,0.14,0.07,0.05,0.19,0.04,0.04,4,2015,All Households
Himachal Pradesh,1,Urban,5,0.14,1.00,0.09,0.08,0.04,0.06,0.07,0.01,0.01,4,2015,All Households
Himachal Pradesh,99,All,1,0.32,0.91,0.25,0.08,0.03,0.01,0.30,0.15,0.08,4,2015,All Households
Himachal Pradesh,99,All,2,0.44,0.97,0.32,0.10,0.05,0.06,0.31,0.08,0.11,4,2015,All Households
Himachal Pradesh,99,All,3,0.38,0.99,0.27,0.11,0.05,0.09,0.26,0.07,0.09,4,2015,All Households
Himachal Pradesh,99,All,4,0.24,0.99,0.21,0.16,0.07,0.11,0.29,0.08,0.08,4,2015,All Households
Himachal Pradesh,99,All,5,0.10,1.00,0.14,0.14,0.04,0.10,0.24,0.07,0.05,4,2015,All Households
Himachal Pradesh,0,Rural,1,0.41,0.98,0.19,0.33,0.03,0.31,0.27,0.15,0.11,5,2019,All Households
Himachal Pradesh,0,Rural,2,0.38,0.99,0.21,0.28,0.05,0.38,0.25,0.12,0.09,5,2019,All Households
Himachal Pradesh,0,Rural,3,0.28,1.00,0.20,0.28,0.06,0.41,0.24,0.11,0.08,5,2019,All Households
Himachal Pradesh,0,Rural,4,0.13,1.00,0.20,0.29,0.07,0.46,0.27,0.11,0.07,5,2019,All Households
Himachal Pradesh,0,Rural,5,0.06,1.00,0.17,0.30,0.06,0.42,0.27,0.12,0.06,5,2019,All Households
Himachal Pradesh,1,Urban,1,0.03,1.00,0.05,0.07,0.03,0.19,0.23,0.07,0.04,5,2019,All Households
Himachal Pradesh,1,Urban,2,0.09,0.95,0.03,0.34,0.25,0.20,0.20,0.05,0.00,5,2019,All Households
Himachal Pradesh,1,Urban,3,0.12,1.00,0.09,0.35,0.00,0.33,0.18,0.11,0.05,5,2019,All Households
Himachal Pradesh,1,Urban,4,0.09,1.00,0.09,0.22,0.02,0.21,0.18,0.06,0.04,5,2019,All Households
Himachal Pradesh,1,Urban,5,0.07,1.00,0.12,0.23,0.03,0.18,0.24,0.05,0.05,5,2019,All Households
Himachal Pradesh,99,All,1,0.39,0.98,0.18,0.31,0.03,0.30,0.27,0.15,0.10,5,2019,All Households
Himachal Pradesh,99,All,2,0.37,0.99,0.20,0.28,0.05,0.38,0.25,0.12,0.09,5,2019,All Households
Himachal Pradesh,99,All,3,0.27,1.00,0.19,0.28,0.05,0.41,0.24,0.11,0.08,5,2019,All Households
Himachal Pradesh,99,All,4,0.13,1.00,0.18,0.28,0.06,0.43,0.26,0.11,0.06,5,2019,All Households
Himachal Pradesh,99,All,5,0.06,1.00,0.16,0.28,0.05,0.35,0.26,0.10,0.05,5,2019,All Households
India,0,Rural,1,0.62,0.94,0.20,0.38,0.19,0.39,0.37,0.30,0.17,5,2019,All Households
India,0,Rural,2,0.58,0.96,0.29,0.34,0.17,0.39,0.33,0.27,0.16,5,2019,All Households
India,0,Rural,3,0.53,0.98,0.36,0.32,0.15,0.39,0.31,0.26,0.14,5,2019,All Households
India,0,Rural,4,0.44,0.99,0.36,0.31,0.13,0.39,0.30,0.25,0.13,5,2019,All Households
India,0,Rural,5,0.24,0.99,0.28,0.30,0.11,0.35,0.29,0.23,0.10,5,2019,All Households
India,1,Urban,1,0.54,0.95,0.19,0.33,0.14,0.32,0.33,0.27,0.16,5,2019,All Households
India,1,Urban,2,0.48,0.96,0.24,0.29,0.13,0.32,0.29,0.22,0.14,5,2019,All Households
India,1,Urban,3,0.46,0.97,0.26,0.25,0.10,0.30,0.25,0.20,0.11,5,2019,All Households
India,1,Urban,4,0.39,0.98,0.27,0.23,0.09,0.29,0.23,0.18,0.10,5,2019,All Households
India,1,Urban,5,0.20,0.99,0.22,0.16,0.06,0.22,0.17,0.13,0.06,5,2019,All Households
India,99,All,1,0.62,0.94,0.20,0.37,0.19,0.38,0.37,0.30,0.17,5,2019,All Households
India,99,All,2,0.56,0.96,0.29,0.34,0.17,0.38,0.33,0.26,0.15,5,2019,All Households
India,99,All,3,0.51,0.98,0.33,0.31,0.14,0.37,0.30,0.24,0.13,5,2019,All Households
India,99,All,4,0.41,0.99,0.32,0.28,0.11,0.34,0.27,0.22,0.11,5,2019,All Households
India,99,All,5,0.21,0.99,0.24,0.20,0.07,0.25,0.20,0.16,0.07,5,2019,All Households
India,0,Rural,1,0.56,0.71,0.21,0.24,0.20,0.17,0.34,0.26,0.13,4,2015,All Households
India,0,Rural,2,0.52,0.78,0.28,0.24,0.18,0.20,0.31,0.24,0.13,4,2015,All Households
India,0,Rural,3,0.47,0.85,0.33,0.23,0.15,0.21,0.29,0.22,0.12,4,2015,All Households
India,0,Rural,4,0.35,0.89,0.31,0.22,0.12,0.22,0.26,0.20,0.10,4,2015,All Households
India,0,Rural,5,0.16,0.92,0.22,0.20,0.09,0.21,0.23,0.16,0.08,4,2015,All Households
India,1,Urban,1,0.47,0.74,0.20,0.21,0.16,0.18,0.31,0.21,0.13,4,2015,All Households
India,1,Urban,2,0.41,0.79,0.22,0.20,0.14,0.18,0.28,0.20,0.12,4,2015,All Households
India,1,Urban,3,0.38,0.86,0.23,0.18,0.12,0.18,0.23,0.16,0.09,4,2015,All Households
India,1,Urban,4,0.32,0.89,0.23,0.15,0.10,0.16,0.18,0.13,0.07,4,2015,All Households
India,1,Urban,5,0.16,0.93,0.18,0.10,0.05,0.14,0.11,0.07,0.03,4,2015,All Households
India,99,All,1,0.56,0.71,0.21,0.24,0.19,0.17,0.34,0.26,0.13,4,2015,All Households
India,99,All,2,0.50,0.78,0.27,0.24,0.18,0.20,0.31,0.23,0.13,4,2015,All Households
India,99,All,3,0.44,0.85,0.30,0.22,0.14,0.20,0.28,0.21,0.11,4,2015,All Households
India,99,All,4,0.34,0.89,0.27,0.18,0.11,0.19,0.22,0.17,0.08,4,2015,All Households
India,99,All,5,0.16,0.93,0.18,0.13,0.06,0.15,0.14,0.10,0.04,4,2015,All Households
Jammu & Kashmir,0,Rural,1,0.68,0.72,0.00,0.16,0.17,0.19,0.18,0.07,0.03,4,2015,All Households
Jammu & Kashmir,0,Rural,2,0.69,0.82,0.00,0.20,0.22,0.16,0.20,0.08,0.03,4,2015,All Households
Jammu & Kashmir,0,Rural,3,0.53,0.86,0.01,0.21,0.26,0.16,0.21,0.09,0.03,4,2015,All Households
Jammu & Kashmir,0,Rural,4,0.32,0.86,0.02,0.20,0.24,0.18,0.18,0.09,0.02,4,2015,All Households
Jammu & Kashmir,0,Rural,5,0.14,0.87,0.08,0.22,0.24,0.23,0.18,0.07,0.02,4,2015,All Households
Jammu & Kashmir,1,Urban,1,0.58,0.96,0.00,0.29,0.42,0.21,0.37,0.09,0.01,4,2015,All Households
Jammu & Kashmir,1,Urban,2,0.60,0.82,0.00,0.22,0.33,0.26,0.19,0.06,0.02,4,2015,All Households
Jammu & Kashmir,1,Urban,3,0.50,0.81,0.00,0.17,0.24,0.20,0.15,0.06,0.03,4,2015,All Households
Jammu & Kashmir,1,Urban,4,0.33,0.75,0.00,0.16,0.20,0.19,0.12,0.05,0.01,4,2015,All Households
Jammu & Kashmir,1,Urban,5,0.13,0.81,0.06,0.11,0.13,0.21,0.08,0.03,0.02,4,2015,All Households
Jammu & Kashmir,99,All,1,0.67,0.74,0.00,0.17,0.18,0.19,0.19,0.07,0.03,4,2015,All Households
Jammu & Kashmir,99,All,2,0.68,0.82,0.00,0.20,0.23,0.17,0.20,0.08,0.03,4,2015,All Households
Jammu & Kashmir,99,All,3,0.52,0.84,0.01,0.20,0.26,0.17,0.20,0.09,0.03,4,2015,All Households
Jammu & Kashmir,99,All,4,0.33,0.82,0.01,0.19,0.22,0.19,0.16,0.07,0.02,4,2015,All Households
Jammu & Kashmir,99,All,5,0.14,0.84,0.07,0.16,0.18,0.22,0.13,0.05,0.02,4,2015,All Households
Jammu & Kashmir,0,Rural,1,0.88,0.99,0.00,0.20,0.20,0.23,0.26,0.13,0.05,5,2019,All Households
Jammu & Kashmir,0,Rural,2,0.80,0.99,0.01,0.20,0.22,0.23,0.26,0.14,0.06,5,2019,All Households
Jammu & Kashmir,0,Rural,3,0.68,1.00,0.02,0.19,0.21,0.23,0.23,0.13,0.06,5,2019,All Households
Jammu & Kashmir,0,Rural,4,0.52,1.00,0.05,0.19,0.22,0.22,0.24,0.13,0.07,5,2019,All Households
Jammu & Kashmir,0,Rural,5,0.28,1.00,0.09,0.16,0.21,0.20,0.22,0.11,0.05,5,2019,All Households
Jammu & Kashmir,1,Urban,1,0.78,1.00,0.00,0.26,0.40,0.27,0.29,0.10,0.09,5,2019,All Households
Jammu & Kashmir,1,Urban,2,0.78,0.98,0.01,0.23,0.18,0.26,0.20,0.08,0.06,5,2019,All Households
Jammu & Kashmir,1,Urban,3,0.70,0.99,0.01,0.13,0.21,0.16,0.18,0.07,0.01,5,2019,All Households
Jammu & Kashmir,1,Urban,4,0.48,1.00,0.02,0.13,0.19,0.18,0.16,0.08,0.03,5,2019,All Households
Jammu & Kashmir,1,Urban,5,0.24,0.99,0.10,0.11,0.15,0.16,0.13,0.07,0.03,5,2019,All Households
Jammu & Kashmir,99,All,1,0.87,0.99,0.00,0.20,0.20,0.23,0.26,0.13,0.06,5,2019,All Households
Jammu & Kashmir,99,All,2,0.80,0.99,0.01,0.20,0.22,0.24,0.25,0.14,0.06,5,2019,All Households
Jammu & Kashmir,99,All,3,0.68,1.00,0.02,0.18,0.21,0.22,0.22,0.12,0.06,5,2019,All Households
Jammu & Kashmir,99,All,4,0.50,1.00,0.04,0.17,0.21,0.21,0.21,0.11,0.06,5,2019,All Households
Jammu & Kashmir,99,All,5,0.26,1.00,0.09,0.13,0.18,0.18,0.17,0.09,0.04,5,2019,All Households
Jharkhand,0,Rural,1,0.70,0.99,0.03,0.44,0.13,0.28,0.38,0.33,0.18,5,2019,All Households
Jharkhand,0,Rural,2,0.66,1.00,0.04,0.40,0.15,0.29,0.36,0.31,0.18,5,2019,All Households
Jharkhand,0,Rural,3,0.57,1.00,0.05,0.37,0.14,0.31,0.34,0.30,0.18,5,2019,All Households
Jharkhand,0,Rural,4,0.41,1.00,0.04,0.37,0.14,0.29,0.34,0.31,0.16,5,2019,All Households
Jharkhand,0,Rural,5,0.23,1.00,0.08,0.19,0.05,0.18,0.19,0.19,0.11,5,2019,All Households
Jharkhand,1,Urban,1,0.59,0.99,0.03,0.34,0.11,0.15,0.32,0.24,0.11,5,2019,All Households
Jharkhand,1,Urban,2,0.56,0.99,0.02,0.28,0.09,0.20,0.27,0.24,0.11,5,2019,All Households
Jharkhand,1,Urban,3,0.51,0.99,0.05,0.25,0.09,0.18,0.27,0.24,0.10,5,2019,All Households
Jharkhand,1,Urban,4,0.39,1.00,0.05,0.19,0.07,0.17,0.20,0.16,0.07,5,2019,All Households
Jharkhand,1,Urban,5,0.18,1.00,0.16,0.12,0.04,0.11,0.14,0.11,0.05,5,2019,All Households
Jharkhand,99,All,1,0.70,0.99,0.03,0.43,0.13,0.27,0.38,0.32,0.18,5,2019,All Households
Jharkhand,99,All,2,0.65,1.00,0.04,0.38,0.14,0.27,0.34,0.30,0.16,5,2019,All Households
Jharkhand,99,All,3,0.55,1.00,0.05,0.33,0.12,0.26,0.31,0.28,0.15,5,2019,All Households
Jharkhand,99,All,4,0.40,1.00,0.05,0.25,0.10,0.21,0.25,0.21,0.10,5,2019,All Households
Jharkhand,99,All,5,0.19,1.00,0.14,0.13,0.04,0.12,0.15,0.12,0.06,5,2019,All Households
Jharkhand,0,Rural,1,0.60,0.98,0.13,0.25,0.14,0.15,0.38,0.31,0.12,4,2015,All Households
Jharkhand,0,Rural,2,0.55,0.99,0.14,0.27,0.17,0.18,0.36,0.30,0.13,4,2015,All Households
Jharkhand,0,Rural,3,0.47,0.99,0.13,0.24,0.14,0.16,0.33,0.27,0.11,4,2015,All Households
Jharkhand,0,Rural,4,0.31,0.98,0.11,0.24,0.12,0.17,0.32,0.26,0.09,4,2015,All Households
Jharkhand,0,Rural,5,0.20,0.99,0.12,0.15,0.09,0.13,0.23,0.17,0.10,4,2015,All Households
Jharkhand,1,Urban,1,0.43,0.95,0.07,0.19,0.14,0.12,0.31,0.26,0.07,4,2015,All Households
Jharkhand,1,Urban,2,0.38,0.94,0.06,0.17,0.14,0.11,0.29,0.21,0.08,4,2015,All Households
Jharkhand,1,Urban,3,0.38,0.97,0.04,0.16,0.09,0.11,0.25,0.19,0.08,4,2015,All Households
Jharkhand,1,Urban,4,0.22,0.97,0.06,0.10,0.08,0.07,0.12,0.10,0.04,4,2015,All Households
Jharkhand,1,Urban,5,0.10,0.98,0.07,0.07,0.04,0.04,0.07,0.06,0.03,4,2015,All Households
Jharkhand,99,All,1,0.59,0.98,0.12,0.24,0.14,0.15,0.38,0.30,0.11,4,2015,All Households
Jharkhand,99,All,2,0.52,0.98,0.13,0.25,0.17,0.17,0.35,0.28,0.12,4,2015,All Households
Jharkhand,99,All,3,0.43,0.98,0.09,0.21,0.13,0.14,0.30,0.24,0.09,4,2015,All Households
Jharkhand,99,All,4,0.25,0.98,0.08,0.14,0.09,0.10,0.19,0.15,0.06,4,2015,All Households
Jharkhand,99,All,5,0.11,0.98,0.07,0.08,0.04,0.05,0.09,0.07,0.03,4,2015,All Households
Karnataka,0,Rural,1,0.91,0.98,0.09,0.33,0.04,0.49,0.31,0.28,0.16,5,2019,All Households
Karnataka,0,Rural,2,0.94,0.99,0.12,0.33,0.05,0.57,0.32,0.29,0.18,5,2019,All Households
Karnataka,0,Rural,3,0.93,0.99,0.14,0.31,0.05,0.65,0.31,0.28,0.16,5,2019,All Households
Karnataka,0,Rural,4,0.86,0.99,0.13,0.32,0.05,0.69,0.31,0.28,0.15,5,2019,All Households
Karnataka,0,Rural,5,0.63,0.99,0.11,0.33,0.04,0.72,0.33,0.30,0.16,5,2019,All Households
Karnataka,1,Urban,1,0.85,0.98,0.05,0.34,0.03,0.51,0.32,0.31,0.21,5,2019,All Households
Karnataka,1,Urban,2,0.85,0.99,0.08,0.36,0.05,0.59,0.33,0.30,0.16,5,2019,All Households
Karnataka,1,Urban,3,0.86,0.99,0.13,0.31,0.03,0.53,0.31,0.29,0.18,5,2019,All Households
Karnataka,1,Urban,4,0.73,0.99,0.09,0.29,0.03,0.52,0.29,0.26,0.16,5,2019,All Households
Karnataka,1,Urban,5,0.46,0.99,0.11,0.19,0.02,0.38,0.20,0.17,0.09,5,2019,All Households
Karnataka,99,All,1,0.90,0.98,0.08,0.33,0.04,0.49,0.31,0.29,0.17,5,2019,All Households
Karnataka,99,All,2,0.93,0.99,0.12,0.33,0.05,0.57,0.32,0.29,0.17,5,2019,All Households
Karnataka,99,All,3,0.91,0.99,0.13,0.31,0.05,0.62,0.31,0.28,0.17,5,2019,All Households
Karnataka,99,All,4,0.79,0.99,0.11,0.30,0.04,0.60,0.30,0.27,0.16,5,2019,All Households
Karnataka,99,All,5,0.49,0.99,0.11,0.21,0.02,0.44,0.22,0.19,0.10,5,2019,All Households
Karnataka,0,Rural,1,0.84,0.85,0.21,0.15,0.11,0.11,0.29,0.26,0.13,4,2015,All Households
Karnataka,0,Rural,2,0.88,0.89,0.27,0.18,0.10,0.14,0.28,0.25,0.13,4,2015,All Households
Karnataka,0,Rural,3,0.86,0.92,0.30,0.20,0.12,0.15,0.30,0.26,0.13,4,2015,All Households
Karnataka,0,Rural,4,0.76,0.93,0.27,0.20,0.09,0.16,0.27,0.23,0.11,4,2015,All Households
Karnataka,0,Rural,5,0.51,0.94,0.23,0.16,0.04,0.15,0.20,0.16,0.06,4,2015,All Households
Karnataka,1,Urban,1,0.76,0.79,0.21,0.16,0.10,0.11,0.23,0.20,0.12,4,2015,All Households
Karnataka,1,Urban,2,0.81,0.90,0.24,0.19,0.08,0.13,0.31,0.27,0.16,4,2015,All Households
Karnataka,1,Urban,3,0.80,0.90,0.22,0.15,0.09,0.14,0.24,0.19,0.10,4,2015,All Households
Karnataka,1,Urban,4,0.63,0.91,0.18,0.13,0.07,0.11,0.21,0.16,0.08,4,2015,All Households
Karnataka,1,Urban,5,0.31,0.94,0.08,0.06,0.02,0.07,0.10,0.07,0.02,4,2015,All Households
Karnataka,99,All,1,0.83,0.84,0.21,0.16,0.11,0.11,0.28,0.25,0.13,4,2015,All Households
Karnataka,99,All,2,0.88,0.89,0.27,0.18,0.10,0.14,0.29,0.25,0.13,4,2015,All Households
Karnataka,99,All,3,0.84,0.91,0.28,0.19,0.11,0.15,0.28,0.24,0.12,4,2015,All Households
Karnataka,99,All,4,0.68,0.92,0.22,0.16,0.08,0.13,0.23,0.19,0.09,4,2015,All Households
Karnataka,99,All,5,0.34,0.94,0.10,0.07,0.02,0.08,0.11,0.08,0.03,4,2015,All Households
Kerala,0,Rural,1,0.97,0.94,0.44,0.40,0.18,0.67,0.36,0.16,0.16,5,2019,All Households
Kerala,0,Rural,2,0.84,0.99,0.63,0.21,0.08,0.55,0.17,0.06,0.05,5,2019,All Households
Kerala,0,Rural,3,0.75,0.99,0.68,0.25,0.08,0.60,0.23,0.12,0.06,5,2019,All Households
Kerala,0,Rural,4,0.51,0.99,0.60,0.26,0.05,0.60,0.25,0.11,0.05,5,2019,All Households
Kerala,0,Rural,5,0.16,0.99,0.38,0.24,0.04,0.53,0.20,0.09,0.03,5,2019,All Households
Kerala,1,Urban,1,0.97,0.95,0.60,0.08,0.15,0.27,0.00,0.00,0.00,5,2019,All Households
Kerala,1,Urban,2,0.76,0.95,0.54,0.15,0.00,0.52,0.23,0.12,0.03,5,2019,All Households
Kerala,1,Urban,3,0.73,0.99,0.59,0.21,0.08,0.60,0.21,0.10,0.06,5,2019,All Households
Kerala,1,Urban,4,0.53,0.99,0.53,0.24,0.08,0.59,0.21,0.09,0.05,5,2019,All Households
Kerala,1,Urban,5,0.23,0.99,0.31,0.20,0.03,0.52,0.21,0.08,0.05,5,2019,All Households
Kerala,99,All,1,0.97,0.94,0.48,0.36,0.18,0.62,0.32,0.14,0.14,5,2019,All Households
Kerala,99,All,2,0.82,0.98,0.61,0.19,0.07,0.55,0.19,0.08,0.05,5,2019,All Households
Kerala,99,All,3,0.75,0.99,0.65,0.24,0.08,0.60,0.22,0.11,0.06,5,2019,All Households
Kerala,99,All,4,0.52,0.99,0.57,0.25,0.06,0.60,0.23,0.10,0.05,5,2019,All Households
Kerala,99,All,5,0.21,0.99,0.34,0.21,0.03,0.53,0.21,0.09,0.04,5,2019,All Households
Kerala,0,Rural,1,0.89,0.91,0.41,0.10,0.14,0.19,0.21,0.02,0.06,4,2015,All Households
Kerala,0,Rural,2,0.69,0.94,0.52,0.17,0.13,0.20,0.25,0.10,0.08,4,2015,All Households
Kerala,0,Rural,3,0.59,0.96,0.57,0.15,0.09,0.20,0.19,0.08,0.04,4,2015,All Households
Kerala,0,Rural,4,0.43,0.96,0.51,0.18,0.09,0.18,0.20,0.08,0.06,4,2015,All Households
Kerala,0,Rural,5,0.14,0.98,0.30,0.13,0.03,0.17,0.14,0.06,0.03,4,2015,All Households
Kerala,1,Urban,1,0.56,0.77,0.33,0.00,0.00,0.00,0.00,0.00,0.00,4,2015,All Households
Kerala,1,Urban,2,0.78,0.93,0.46,0.09,0.00,0.06,0.14,0.09,0.14,4,2015,All Households
Kerala,1,Urban,3,0.65,0.93,0.50,0.13,0.07,0.14,0.16,0.08,0.05,4,2015,All Households
Kerala,1,Urban,4,0.47,0.98,0.48,0.16,0.10,0.19,0.18,0.07,0.04,4,2015,All Households
Kerala,1,Urban,5,0.19,0.97,0.26,0.14,0.04,0.16,0.14,0.06,0.03,4,2015,All Households
Kerala,99,All,1,0.82,0.88,0.39,0.10,0.14,0.17,0.20,0.02,0.05,4,2015,All Households
Kerala,99,All,2,0.72,0.93,0.50,0.15,0.10,0.17,0.22,0.10,0.09,4,2015,All Households
Kerala,99,All,3,0.61,0.95,0.55,0.14,0.09,0.19,0.18,0.08,0.05,4,2015,All Households
Kerala,99,All,4,0.45,0.97,0.50,0.17,0.09,0.18,0.19,0.07,0.05,4,2015,All Households
Kerala,99,All,5,0.17,0.97,0.28,0.13,0.04,0.17,0.14,0.06,0.03,4,2015,All Households
Ladakh,0,Rural,1,0.93,0.98,0.01,0.21,0.24,0.20,0.24,0.14,0.06,5,2019,All Households
Ladakh,0,Rural,2,0.76,0.99,0.03,0.24,0.23,0.21,0.23,0.16,0.04,5,2019,All Households
Ladakh,0,Rural,3,0.55,1.00,0.11,0.20,0.22,0.25,0.24,0.16,0.08,5,2019,All Households
Ladakh,0,Rural,4,0.42,1.00,0.16,0.29,0.30,0.34,0.30,0.23,0.10,5,2019,All Households
Ladakh,0,Rural,5,0.22,1.00,0.21,0.32,0.28,0.24,0.41,0.26,0.03,5,2019,All Households
Ladakh,1,Urban,1,0.70,1.00,0.00,0.28,0.55,0.54,0.28,0.00,0.00,5,2019,All Households
Ladakh,1,Urban,2,0.77,0.98,0.02,0.25,0.32,0.26,0.33,0.26,0.13,5,2019,All Households
Ladakh,1,Urban,3,0.73,0.97,0.04,0.23,0.21,0.34,0.25,0.21,0.11,5,2019,All Households
Ladakh,1,Urban,4,0.43,0.98,0.14,0.22,0.26,0.27,0.27,0.21,0.09,5,2019,All Households
Ladakh,1,Urban,5,0.20,1.00,0.32,0.28,0.24,0.21,0.28,0.28,0.09,5,2019,All Households
Ladakh,99,All,1,0.93,0.98,0.01,0.21,0.25,0.20,0.24,0.14,0.05,5,2019,All Households
Ladakh,99,All,2,0.76,0.99,0.03,0.24,0.24,0.22,0.23,0.16,0.05,5,2019,All Households
Ladakh,99,All,3,0.58,0.99,0.09,0.21,0.22,0.27,0.24,0.17,0.09,5,2019,All Households
Ladakh,99,All,4,0.42,0.99,0.15,0.27,0.29,0.32,0.29,0.22,0.10,5,2019,All Households
Ladakh,99,All,5,0.21,1.00,0.27,0.30,0.26,0.22,0.34,0.27,0.06,5,2019,All Households
Lakshadweep,0,Rural,2,0.77,1.00,0.00,0.45,0.00,0.52,0.08,0.00,0.08,5,2019,All Households
Lakshadweep,0,Rural,3,0.49,1.00,0.12,0.21,0.02,0.31,0.19,0.00,0.02,5,2019,All Households
Lakshadweep,0,Rural,4,0.38,1.00,0.13,0.45,0.01,0.34,0.12,0.03,0.00,5,2019,All Households
Lakshadweep,0,Rural,5,0.03,1.00,0.00,0.49,0.05,0.46,0.23,0.00,0.04,5,2019,All Households
Lakshadweep,1,Urban,1,1.00,1.00,0.00,,,,,,,5,2019,All Households
Lakshadweep,1,Urban,2,0.75,1.00,0.00,0.00,0.00,0.51,0.00,0.00,0.00,5,2019,All Households
Lakshadweep,1,Urban,3,0.55,0.99,0.20,0.35,0.06,0.34,0.24,0.06,0.07,5,2019,All Households
Lakshadweep,1,Urban,4,0.45,0.99,0.20,0.37,0.07,0.35,0.26,0.08,0.04,5,2019,All Households
Lakshadweep,1,Urban,5,0.19,0.99,0.15,0.35,0.05,0.42,0.29,0.09,0.07,5,2019,All Households
Lakshadweep,99,All,1,1.00,1.00,0.00,,,,,,,5,2019,All Households
Lakshadweep,99,All,2,0.76,1.00,0.00,0.26,0.00,0.51,0.05,0.00,0.05,5,2019,All Households
Lakshadweep,99,All,3,0.52,0.99,0.17,0.28,0.04,0.33,0.22,0.03,0.04,5,2019,All Households
Lakshadweep,99,All,4,0.44,0.99,0.18,0.39,0.05,0.35,0.22,0.06,0.03,5,2019,All Households
Lakshadweep,99,All,5,0.18,0.99,0.14,0.36,0.05,0.42,0.29,0.09,0.07,5,2019,All Households
Lakshadweep,0,Rural,2,0.00,1.00,0.00,,,,,,,4,2015,All Households
Lakshadweep,0,Rural,3,0.51,1.00,0.00,0.00,0.00,0.00,0.24,0.00,0.00,4,2015,All Households
Lakshadweep,0,Rural,4,0.36,1.00,0.00,0.11,0.09,0.19,0.21,0.00,0.03,4,2015,All Households
Lakshadweep,0,Rural,5,0.06,1.00,0.00,0.16,0.20,0.04,0.42,0.00,0.08,4,2015,All Households
Lakshadweep,1,Urban,1,1.00,1.00,0.00,1.00,1.00,0.00,1.00,0.00,0.00,4,2015,All Households
Lakshadweep,1,Urban,2,0.17,0.82,0.17,1.00,1.00,0.00,1.00,0.00,1.00,4,2015,All Households
Lakshadweep,1,Urban,3,0.77,0.99,0.01,0.13,0.09,0.17,0.15,0.00,0.02,4,2015,All Households
Lakshadweep,1,Urban,4,0.48,1.00,0.02,0.23,0.09,0.13,0.33,0.03,0.09,4,2015,All Households
Lakshadweep,1,Urban,5,0.24,0.99,0.01,0.20,0.11,0.15,0.35,0.05,0.08,4,2015,All Households
Lakshadweep,99,All,1,1.00,1.00,0.00,1.00,1.00,0.00,1.00,0.00,0.00,4,2015,All Households
Lakshadweep,99,All,2,0.12,0.88,0.12,1.00,1.00,0.00,1.00,0.00,1.00,4,2015,All Households
Lakshadweep,99,All,3,0.72,0.99,0.01,0.10,0.07,0.13,0.17,0.00,0.02,4,2015,All Households
Lakshadweep,99,All,4,0.45,1.00,0.02,0.20,0.09,0.14,0.30,0.02,0.08,4,2015,All Households
Lakshadweep,99,All,5,0.21,0.99,0.01,0.20,0.12,0.13,0.36,0.04,0.08,4,2015,All Households
Madhya Pradesh,0,Rural,1,0.64,0.78,0.16,0.22,0.22,0.17,0.35,0.28,0.10,4,2015,All Households
Madhya Pradesh,0,Rural,2,0.56,0.82,0.15,0.24,0.26,0.21,0.34,0.28,0.10,4,2015,All Households
Madhya Pradesh,0,Rural,3,0.45,0.85,0.13,0.25,0.26,0.23,0.33,0.27,0.10,4,2015,All Households
Madhya Pradesh,0,Rural,4,0.30,0.87,0.08,0.25,0.24,0.25,0.33,0.27,0.10,4,2015,All Households
Madhya Pradesh,0,Rural,5,0.17,0.88,0.07,0.23,0.20,0.22,0.29,0.23,0.07,4,2015,All Households
Madhya Pradesh,1,Urban,1,0.62,0.79,0.21,0.23,0.27,0.15,0.34,0.28,0.11,4,2015,All Households
Madhya Pradesh,1,Urban,2,0.59,0.83,0.25,0.28,0.30,0.22,0.38,0.30,0.11,4,2015,All Households
Madhya Pradesh,1,Urban,3,0.53,0.87,0.21,0.24,0.26,0.22,0.32,0.27,0.11,4,2015,All Households
Madhya Pradesh,1,Urban,4,0.41,0.90,0.17,0.23,0.22,0.19,0.29,0.24,0.10,4,2015,All Households
Madhya Pradesh,1,Urban,5,0.21,0.93,0.14,0.15,0.13,0.15,0.19,0.15,0.05,4,2015,All Households
Madhya Pradesh,99,All,1,0.64,0.78,0.17,0.22,0.22,0.17,0.35,0.28,0.10,4,2015,All Households
Madhya Pradesh,99,All,2,0.56,0.82,0.16,0.25,0.26,0.21,0.34,0.28,0.10,4,2015,All Households
Madhya Pradesh,99,All,3,0.48,0.85,0.15,0.25,0.26,0.23,0.33,0.27,0.10,4,2015,All Households
Madhya Pradesh,99,All,4,0.36,0.89,0.14,0.24,0.23,0.21,0.31,0.26,0.10,4,2015,All Households
Madhya Pradesh,99,All,5,0.20,0.92,0.13,0.17,0.14,0.16,0.21,0.16,0.05,4,2015,All Households
Madhya Pradesh,0,Rural,1,0.67,0.99,0.09,0.38,0.22,0.35,0.36,0.32,0.17,5,2019,All Households
Madhya Pradesh,0,Rural,2,0.65,0.99,0.13,0.37,0.24,0.35,0.34,0.30,0.15,5,2019,All Households
Madhya Pradesh,0,Rural,3,0.55,1.00,0.15,0.36,0.23,0.35,0.35,0.30,0.14,5,2019,All Households
Madhya Pradesh,0,Rural,4,0.43,0.99,0.16,0.37,0.23,0.36,0.35,0.31,0.15,5,2019,All Households
Madhya Pradesh,0,Rural,5,0.27,1.00,0.14,0.40,0.20,0.37,0.36,0.31,0.14,5,2019,All Households
Madhya Pradesh,1,Urban,1,0.68,0.98,0.13,0.41,0.20,0.32,0.36,0.30,0.19,5,2019,All Households
Madhya Pradesh,1,Urban,2,0.64,0.99,0.13,0.37,0.23,0.36,0.34,0.30,0.14,5,2019,All Households
Madhya Pradesh,1,Urban,3,0.55,1.00,0.15,0.38,0.20,0.33,0.36,0.32,0.15,5,2019,All Households
Madhya Pradesh,1,Urban,4,0.47,0.99,0.16,0.30,0.16,0.31,0.28,0.25,0.11,5,2019,All Households
Madhya Pradesh,1,Urban,5,0.24,0.99,0.15,0.27,0.14,0.27,0.26,0.22,0.10,5,2019,All Households
Madhya Pradesh,99,All,1,0.67,0.99,0.09,0.38,0.22,0.35,0.36,0.32,0.17,5,2019,All Households
Madhya Pradesh,99,All,2,0.65,0.99,0.13,0.37,0.24,0.35,0.34,0.30,0.15,5,2019,All Households
Madhya Pradesh,99,All,3,0.55,1.00,0.15,0.37,0.22,0.34,0.35,0.30,0.15,5,2019,All Households
Madhya Pradesh,99,All,4,0.45,0.99,0.16,0.34,0.19,0.34,0.32,0.28,0.13,5,2019,All Households
Madhya Pradesh,99,All,5,0.25,0.99,0.15,0.30,0.15,0.29,0.29,0.24,0.11,5,2019,All Households
Maharashtra,0,Rural,1,0.59,0.98,0.09,0.28,0.06,0.25,0.30,0.25,0.17,5,2019,All Households
Maharashtra,0,Rural,2,0.53,0.99,0.11,0.27,0.06,0.27,0.28,0.23,0.16,5,2019,All Households
Maharashtra,0,Rural,3,0.47,1.00,0.12,0.28,0.05,0.30,0.28,0.23,0.16,5,2019,All Households
Maharashtra,0,Rural,4,0.40,1.00,0.11,0.26,0.05,0.33,0.29,0.23,0.15,5,2019,All Households
Maharashtra,0,Rural,5,0.22,1.00,0.10,0.23,0.05,0.28,0.25,0.21,0.11,5,2019,All Households
Maharashtra,1,Urban,1,0.38,0.96,0.05,0.18,0.02,0.23,0.29,0.17,0.14,5,2019,All Households
Maharashtra,1,Urban,2,0.34,0.98,0.06,0.18,0.05,0.17,0.21,0.17,0.10,5,2019,All Households
Maharashtra,1,Urban,3,0.29,0.99,0.06,0.12,0.03,0.18,0.17,0.11,0.08,5,2019,All Households
Maharashtra,1,Urban,4,0.29,0.99,0.08,0.13,0.03,0.16,0.17,0.12,0.09,5,2019,All Households
Maharashtra,1,Urban,5,0.14,0.99,0.09,0.07,0.02,0.10,0.09,0.06,0.04,5,2019,All Households
Maharashtra,99,All,1,0.57,0.98,0.09,0.27,0.06,0.25,0.30,0.25,0.17,5,2019,All Households
Maharashtra,99,All,2,0.50,0.99,0.10,0.26,0.06,0.26,0.27,0.22,0.15,5,2019,All Households
Maharashtra,99,All,3,0.41,0.99,0.10,0.23,0.05,0.26,0.25,0.20,0.13,5,2019,All Households
Maharashtra,99,All,4,0.34,1.00,0.09,0.20,0.04,0.24,0.23,0.18,0.12,5,2019,All Households
Maharashtra,99,All,5,0.15,1.00,0.09,0.10,0.02,0.13,0.12,0.09,0.05,5,2019,All Households
Maharashtra,0,Rural,1,0.49,0.88,0.07,0.21,0.07,0.20,0.29,0.24,0.13,4,2015,All Households
Maharashtra,0,Rural,2,0.47,0.92,0.08,0.21,0.06,0.24,0.30,0.24,0.16,4,2015,All Households
Maharashtra,0,Rural,3,0.37,0.95,0.07,0.21,0.04,0.24,0.29,0.23,0.15,4,2015,All Households
Maharashtra,0,Rural,4,0.27,0.95,0.09,0.22,0.03,0.26,0.28,0.21,0.14,4,2015,All Households
Maharashtra,0,Rural,5,0.13,0.96,0.09,0.19,0.01,0.25,0.23,0.18,0.10,4,2015,All Households
Maharashtra,1,Urban,1,0.29,0.82,0.01,0.22,0.06,0.18,0.33,0.19,0.19,4,2015,All Households
Maharashtra,1,Urban,2,0.21,0.82,0.02,0.11,0.03,0.17,0.18,0.14,0.09,4,2015,All Households
Maharashtra,1,Urban,3,0.27,0.92,0.03,0.14,0.04,0.17,0.18,0.13,0.10,4,2015,All Households
Maharashtra,1,Urban,4,0.22,0.96,0.05,0.13,0.04,0.17,0.15,0.10,0.06,4,2015,All Households
Maharashtra,1,Urban,5,0.08,0.97,0.08,0.05,0.02,0.10,0.05,0.04,0.02,4,2015,All Households
Maharashtra,99,All,1,0.47,0.88,0.07,0.21,0.07,0.20,0.29,0.24,0.13,4,2015,All Households
Maharashtra,99,All,2,0.42,0.90,0.06,0.19,0.05,0.23,0.28,0.23,0.15,4,2015,All Households
Maharashtra,99,All,3,0.34,0.93,0.06,0.18,0.04,0.22,0.25,0.20,0.13,4,2015,All Households
Maharashtra,99,All,4,0.25,0.96,0.07,0.17,0.04,0.21,0.20,0.15,0.10,4,2015,All Households
Maharashtra,99,All,5,0.09,0.97,0.08,0.08,0.02,0.13,0.09,0.06,0.04,4,2015,All Households
Manipur,0,Rural,1,0.52,0.97,0.10,0.20,0.09,0.09,0.27,0.11,0.02,5,2019,All Households
Manipur,0,Rural,2,0.48,0.98,0.13,0.20,0.12,0.10,0.25,0.08,0.02,5,2019,All Households
Manipur,0,Rural,3,0.48,1.00,0.13,0.20,0.13,0.12,0.24,0.09,0.03,5,2019,All Households
Manipur,0,Rural,4,0.37,1.00,0.10,0.20,0.12,0.12,0.27,0.10,0.01,5,2019,All Households
Manipur,0,Rural,5,0.33,1.00,0.05,0.26,0.14,0.18,0.33,0.10,0.03,5,2019,All Households
Manipur,1,Urban,1,0.45,0.98,0.08,0.16,0.09,0.06,0.21,0.05,0.01,5,2019,All Households
Manipur,1,Urban,2,0.45,0.97,0.08,0.20,0.12,0.09,0.22,0.12,0.01,5,2019,All Households
Manipur,1,Urban,3,0.40,1.00,0.07,0.15,0.15,0.07,0.23,0.11,0.01,5,2019,All Households
Manipur,1,Urban,4,0.33,1.00,0.06,0.16,0.10,0.07,0.20,0.12,0.03,5,2019,All Households
Manipur,1,Urban,5,0.34,1.00,0.05,0.17,0.07,0.07,0.19,0.05,0.04,5,2019,All Households
Manipur,99,All,1,0.51,0.97,0.10,0.19,0.09,0.09,0.26,0.10,0.02,5,2019,All Households
Manipur,99,All,2,0.47,0.98,0.12,0.20,0.12,0.10,0.24,0.09,0.02,5,2019,All Households
Manipur,99,All,3,0.44,1.00,0.10,0.18,0.14,0.10,0.23,0.10,0.02,5,2019,All Households
Manipur,99,All,4,0.34,1.00,0.08,0.18,0.11,0.09,0.23,0.11,0.02,5,2019,All Households
Manipur,99,All,5,0.34,1.00,0.05,0.20,0.09,0.10,0.23,0.07,0.04,5,2019,All Households
Manipur,0,Rural,1,0.19,0.45,0.01,0.10,0.05,0.06,0.18,0.04,0.01,4,2015,All Households
Manipur,0,Rural,2,0.29,0.52,0.02,0.12,0.12,0.09,0.21,0.04,0.01,4,2015,All Households
Manipur,0,Rural,3,0.28,0.61,0.03,0.13,0.17,0.11,0.20,0.04,0.01,4,2015,All Households
Manipur,0,Rural,4,0.30,0.69,0.03,0.14,0.17,0.12,0.21,0.02,0.01,4,2015,All Households
Manipur,0,Rural,5,0.23,0.72,0.04,0.14,0.15,0.16,0.23,0.01,0.01,4,2015,All Households
Manipur,1,Urban,1,0.25,0.56,0.01,0.09,0.12,0.06,0.15,0.02,0.01,4,2015,All Households
Manipur,1,Urban,2,0.32,0.63,0.00,0.08,0.12,0.04,0.13,0.03,0.01,4,2015,All Households
Manipur,1,Urban,3,0.30,0.68,0.01,0.11,0.13,0.07,0.16,0.02,0.02,4,2015,All Households
Manipur,1,Urban,4,0.23,0.72,0.01,0.10,0.12,0.07,0.17,0.02,0.02,4,2015,All Households
Manipur,1,Urban,5,0.14,0.76,0.02,0.07,0.07,0.10,0.14,0.02,0.02,4,2015,All Households
Manipur,99,All,1,0.21,0.48,0.01,0.10,0.06,0.06,0.18,0.03,0.01,4,2015,All Households
Manipur,99,All,2,0.30,0.54,0.02,0.11,0.12,0.08,0.19,0.03,0.01,4,2015,All Households
Manipur,99,All,3,0.29,0.64,0.02,0.12,0.16,0.09,0.19,0.03,0.01,4,2015,All Households
Manipur,99,All,4,0.26,0.71,0.02,0.12,0.14,0.09,0.19,0.02,0.02,4,2015,All Households
Manipur,99,All,5,0.17,0.74,0.03,0.10,0.10,0.12,0.17,0.02,0.01,4,2015,All Households
Meghalaya,0,Rural,1,0.62,0.32,0.61,0.45,0.11,0.33,0.49,0.22,0.09,5,2019,All Households
Meghalaya,0,Rural,2,0.68,0.43,0.67,0.37,0.12,0.32,0.41,0.21,0.08,5,2019,All Households
Meghalaya,0,Rural,3,0.69,0.61,0.71,0.30,0.12,0.24,0.32,0.13,0.06,5,2019,All Households
Meghalaya,0,Rural,4,0.54,0.60,0.72,0.27,0.12,0.19,0.32,0.16,0.06,5,2019,All Households
Meghalaya,0,Rural,5,0.33,0.77,0.84,0.16,0.03,0.17,0.19,0.09,0.04,5,2019,All Households
Meghalaya,1,Urban,1,0.71,0.38,0.59,0.34,0.14,0.32,0.38,0.18,0.15,5,2019,All Households
Meghalaya,1,Urban,2,0.60,0.36,0.48,0.16,0.16,0.26,0.23,0.09,0.01,5,2019,All Households
Meghalaya,1,Urban,3,0.40,0.63,0.58,0.09,0.05,0.11,0.13,0.05,0.02,5,2019,All Households
Meghalaya,1,Urban,4,0.34,0.77,0.61,0.10,0.05,0.09,0.14,0.06,0.02,5,2019,All Households
Meghalaya,1,Urban,5,0.24,0.74,0.40,0.03,0.04,0.06,0.05,0.02,0.00,5,2019,All Households
Meghalaya,99,All,1,0.62,0.32,0.61,0.44,0.12,0.33,0.48,0.21,0.09,5,2019,All Households
Meghalaya,99,All,2,0.67,0.43,0.65,0.35,0.12,0.32,0.39,0.19,0.07,5,2019,All Households
Meghalaya,99,All,3,0.60,0.62,0.67,0.24,0.10,0.20,0.27,0.11,0.05,5,2019,All Households
Meghalaya,99,All,4,0.41,0.71,0.65,0.17,0.08,0.12,0.21,0.10,0.04,5,2019,All Households
Meghalaya,99,All,5,0.25,0.75,0.46,0.05,0.04,0.07,0.07,0.03,0.01,5,2019,All Households
Meghalaya,0,Rural,1,0.26,0.01,0.22,0.34,0.09,0.27,0.44,0.18,0.08,4,2015,All Households
Meghalaya,0,Rural,2,0.26,0.00,0.34,0.31,0.09,0.26,0.40,0.16,0.07,4,2015,All Households
Meghalaya,0,Rural,3,0.21,0.00,0.45,0.29,0.12,0.26,0.39,0.15,0.09,4,2015,All Households
Meghalaya,0,Rural,4,0.13,0.01,0.45,0.24,0.08,0.25,0.29,0.09,0.05,4,2015,All Households
Meghalaya,0,Rural,5,0.14,0.00,0.54,0.18,0.03,0.19,0.18,0.07,0.03,4,2015,All Households
Meghalaya,1,Urban,1,0.11,0.00,0.10,0.12,0.23,0.27,0.42,0.05,0.13,4,2015,All Households
Meghalaya,1,Urban,2,0.10,0.01,0.20,0.25,0.32,0.20,0.25,0.12,0.09,4,2015,All Households
Meghalaya,1,Urban,3,0.18,0.01,0.23,0.15,0.17,0.19,0.21,0.06,0.02,4,2015,All Households
Meghalaya,1,Urban,4,0.10,0.03,0.20,0.08,0.08,0.11,0.11,0.03,0.02,4,2015,All Households
Meghalaya,1,Urban,5,0.06,0.03,0.15,0.07,0.07,0.12,0.09,0.04,0.02,4,2015,All Households
Meghalaya,99,All,1,0.26,0.01,0.21,0.33,0.10,0.27,0.44,0.18,0.09,4,2015,All Households
Meghalaya,99,All,2,0.25,0.00,0.33,0.30,0.10,0.25,0.40,0.15,0.07,4,2015,All Households
Meghalaya,99,All,3,0.20,0.01,0.41,0.26,0.13,0.25,0.35,0.13,0.07,4,2015,All Households
Meghalaya,99,All,4,0.11,0.02,0.31,0.16,0.08,0.18,0.20,0.06,0.04,4,2015,All Households
Meghalaya,99,All,5,0.08,0.02,0.26,0.11,0.06,0.14,0.12,0.05,0.02,4,2015,All Households
Mizoram,0,Rural,1,0.65,0.95,0.28,0.39,0.10,0.14,0.42,0.18,0.19,5,2019,All Households
Mizoram,0,Rural,2,0.60,0.96,0.48,0.39,0.17,0.12,0.39,0.19,0.21,5,2019,All Households
Mizoram,0,Rural,3,0.36,0.98,0.58,0.41,0.18,0.11,0.37,0.18,0.18,5,2019,All Households
Mizoram,0,Rural,4,0.17,0.97,0.66,0.35,0.15,0.09,0.32,0.13,0.12,5,2019,All Households
Mizoram,0,Rural,5,0.06,0.99,0.62,0.39,0.19,0.08,0.34,0.14,0.10,5,2019,All Households
Mizoram,1,Urban,1,0.85,0.79,0.19,0.49,0.17,0.00,0.49,0.16,0.00,5,2019,All Households
Mizoram,1,Urban,2,0.53,0.88,0.33,0.47,0.23,0.08,0.37,0.13,0.07,5,2019,All Households
Mizoram,1,Urban,3,0.32,0.95,0.43,0.31,0.18,0.08,0.31,0.12,0.10,5,2019,All Households
Mizoram,1,Urban,4,0.12,0.97,0.45,0.29,0.19,0.07,0.27,0.12,0.08,5,2019,All Households
Mizoram,1,Urban,5,0.02,0.99,0.33,0.25,0.15,0.09,0.23,0.08,0.06,5,2019,All Households
Mizoram,99,All,1,0.65,0.94,0.28,0.39,0.10,0.14,0.42,0.18,0.19,5,2019,All Households
Mizoram,99,All,2,0.59,0.95,0.46,0.40,0.18,0.11,0.39,0.18,0.19,5,2019,All Households
Mizoram,99,All,3,0.34,0.97,0.52,0.37,0.18,0.10,0.34,0.15,0.15,5,2019,All Households
Mizoram,99,All,4,0.13,0.97,0.51,0.31,0.18,0.08,0.28,0.12,0.09,5,2019,All Households
Mizoram,99,All,5,0.03,0.99,0.37,0.27,0.15,0.09,0.24,0.09,0.07,5,2019,All Households
Mizoram,0,Rural,1,0.52,0.19,0.21,0.08,0.05,0.06,0.27,0.07,0.05,4,2015,All Households
Mizoram,0,Rural,2,0.59,0.37,0.45,0.21,0.14,0.14,0.42,0.12,0.17,4,2015,All Households
Mizoram,0,Rural,3,0.46,0.50,0.58,0.24,0.20,0.19,0.43,0.13,0.20,4,2015,All Households
Mizoram,0,Rural,4,0.24,0.61,0.58,0.22,0.20,0.20,0.38,0.15,0.15,4,2015,All Households
Mizoram,0,Rural,5,0.06,0.56,0.58,0.26,0.31,0.23,0.48,0.22,0.23,4,2015,All Households
Mizoram,1,Urban,1,0.29,0.60,0.26,0.20,0.10,0.07,0.27,0.15,0.15,4,2015,All Households
Mizoram,1,Urban,2,0.45,0.79,0.35,0.25,0.26,0.13,0.44,0.20,0.21,4,2015,All Households
Mizoram,1,Urban,3,0.40,0.64,0.42,0.26,0.27,0.13,0.43,0.20,0.17,4,2015,All Households
Mizoram,1,Urban,4,0.25,0.68,0.45,0.21,0.24,0.15,0.37,0.14,0.15,4,2015,All Households
Mizoram,1,Urban,5,0.06,0.63,0.35,0.19,0.19,0.13,0.29,0.12,0.11,4,2015,All Households
Mizoram,99,All,1,0.50,0.21,0.21,0.09,0.06,0.06,0.27,0.08,0.06,4,2015,All Households
Mizoram,99,All,2,0.57,0.42,0.43,0.21,0.15,0.14,0.42,0.13,0.18,4,2015,All Households
Mizoram,99,All,3,0.44,0.55,0.53,0.24,0.22,0.17,0.43,0.15,0.19,4,2015,All Households
Mizoram,99,All,4,0.25,0.66,0.50,0.22,0.23,0.17,0.37,0.15,0.15,4,2015,All Households
Mizoram,99,All,5,0.06,0.62,0.37,0.19,0.20,0.14,0.31,0.13,0.13,4,2015,All Households
Nagaland,0,Rural,1,0.82,0.96,0.19,0.15,0.08,0.14,0.36,0.08,0.00,5,2019,All Households
Nagaland,0,Rural,2,0.82,0.98,0.19,0.12,0.07,0.12,0.26,0.07,0.00,5,2019,All Households
Nagaland,0,Rural,3,0.73,0.98,0.17,0.11,0.10,0.11,0.24,0.06,0.00,5,2019,All Households
Nagaland,0,Rural,4,0.63,0.96,0.12,0.13,0.09,0.07,0.26,0.09,0.01,5,2019,All Households
Nagaland,0,Rural,5,0.64,1.00,0.06,0.09,0.08,0.11,0.15,0.05,0.00,5,2019,All Households
Nagaland,1,Urban,1,0.54,0.93,0.14,0.01,0.01,0.09,0.20,0.02,0.00,5,2019,All Households
Nagaland,1,Urban,2,0.49,0.96,0.13,0.09,0.10,0.07,0.19,0.09,0.00,5,2019,All Households
Nagaland,1,Urban,3,0.46,0.99,0.12,0.06,0.11,0.05,0.14,0.05,0.01,5,2019,All Households
Nagaland,1,Urban,4,0.46,1.00,0.10,0.05,0.07,0.05,0.11,0.03,0.00,5,2019,All Households
Nagaland,1,Urban,5,0.41,1.00,0.13,0.02,0.06,0.05,0.06,0.02,0.00,5,2019,All Households
Nagaland,99,All,1,0.80,0.96,0.19,0.14,0.07,0.14,0.35,0.07,0.00,5,2019,All Households
Nagaland,99,All,2,0.75,0.98,0.18,0.11,0.08,0.11,0.25,0.07,0.00,5,2019,All Households
Nagaland,99,All,3,0.60,0.98,0.14,0.09,0.10,0.08,0.19,0.05,0.00,5,2019,All Households
Nagaland,99,All,4,0.52,0.98,0.11,0.08,0.08,0.06,0.17,0.06,0.00,5,2019,All Households
Nagaland,99,All,5,0.48,1.00,0.11,0.04,0.07,0.07,0.09,0.03,0.00,5,2019,All Households
Nagaland,0,Rural,1,0.25,0.83,0.05,0.01,0.03,0.03,0.25,0.03,0.01,4,2015,All Households
Nagaland,0,Rural,2,0.32,0.86,0.08,0.04,0.07,0.04,0.30,0.05,0.00,4,2015,All Households
Nagaland,0,Rural,3,0.36,0.89,0.06,0.05,0.09,0.04,0.23,0.05,0.00,4,2015,All Households
Nagaland,0,Rural,4,0.26,0.86,0.05,0.06,0.12,0.05,0.19,0.05,0.00,4,2015,All Households
Nagaland,0,Rural,5,0.29,0.83,0.03,0.05,0.11,0.05,0.18,0.02,0.00,4,2015,All Households
Nagaland,1,Urban,1,0.23,0.63,0.04,0.04,0.09,0.01,0.03,0.00,0.00,4,2015,All Households
Nagaland,1,Urban,2,0.18,0.84,0.03,0.01,0.14,0.02,0.13,0.02,0.00,4,2015,All Households
Nagaland,1,Urban,3,0.25,0.79,0.03,0.01,0.12,0.03,0.11,0.01,0.00,4,2015,All Households
Nagaland,1,Urban,4,0.24,0.83,0.02,0.01,0.12,0.03,0.08,0.01,0.00,4,2015,All Households
Nagaland,1,Urban,5,0.22,0.87,0.02,0.01,0.12,0.03,0.09,0.02,0.00,4,2015,All Households
Nagaland,99,All,1,0.24,0.81,0.05,0.01,0.04,0.03,0.23,0.02,0.00,4,2015,All Households
Nagaland,99,All,2,0.30,0.85,0.07,0.04,0.08,0.04,0.28,0.05,0.00,4,2015,All Households
Nagaland,99,All,3,0.32,0.86,0.05,0.03,0.10,0.04,0.19,0.03,0.00,4,2015,All Households
Nagaland,99,All,4,0.25,0.84,0.03,0.03,0.12,0.04,0.12,0.03,0.00,4,2015,All Households
Nagaland,99,All,5,0.24,0.86,0.03,0.02,0.11,0.04,0.12,0.02,0.00,4,2015,All Households
Odisha,0,Rural,1,0.63,0.99,0.48,0.44,0.27,0.55,0.41,0.36,0.26,5,2019,All Households
Odisha,0,Rural,2,0.55,1.00,0.53,0.40,0.29,0.59,0.38,0.33,0.22,5,2019,All Households
Odisha,0,Rural,3,0.47,1.00,0.52,0.41,0.30,0.60,0.39,0.34,0.23,5,2019,All Households
Odisha,0,Rural,4,0.31,1.00,0.46,0.47,0.34,0.62,0.44,0.40,0.26,5,2019,All Households
Odisha,0,Rural,5,0.14,0.99,0.40,0.45,0.27,0.62,0.42,0.36,0.21,5,2019,All Households
Odisha,1,Urban,1,0.55,0.98,0.25,0.39,0.21,0.48,0.34,0.31,0.23,5,2019,All Households
Odisha,1,Urban,2,0.50,1.00,0.33,0.33,0.24,0.51,0.31,0.25,0.18,5,2019,All Households
Odisha,1,Urban,3,0.39,1.00,0.23,0.37,0.26,0.47,0.34,0.30,0.20,5,2019,All Households
Odisha,1,Urban,4,0.27,1.00,0.20,0.31,0.22,0.45,0.28,0.24,0.14,5,2019,All Households
Odisha,1,Urban,5,0.09,1.00,0.12,0.28,0.18,0.34,0.24,0.20,0.11,5,2019,All Households
Odisha,99,All,1,0.62,0.99,0.46,0.43,0.27,0.54,0.41,0.35,0.26,5,2019,All Households
Odisha,99,All,2,0.54,1.00,0.51,0.39,0.28,0.58,0.37,0.32,0.22,5,2019,All Households
Odisha,99,All,3,0.45,1.00,0.47,0.41,0.30,0.58,0.38,0.34,0.22,5,2019,All Households
Odisha,99,All,4,0.30,1.00,0.37,0.41,0.29,0.56,0.38,0.34,0.22,5,2019,All Households
Odisha,99,All,5,0.10,1.00,0.21,0.34,0.21,0.43,0.30,0.25,0.15,5,2019,All Households
Odisha,0,Rural,1,0.56,0.86,0.49,0.34,0.27,0.17,0.40,0.32,0.24,4,2015,All Households
Odisha,0,Rural,2,0.50,0.89,0.51,0.32,0.30,0.17,0.37,0.30,0.21,4,2015,All Households
Odisha,0,Rural,3,0.35,0.90,0.49,0.33,0.33,0.19,0.36,0.30,0.20,4,2015,All Households
Odisha,0,Rural,4,0.21,0.91,0.42,0.32,0.28,0.18,0.36,0.30,0.19,4,2015,All Households
Odisha,0,Rural,5,0.11,0.91,0.36,0.26,0.18,0.16,0.31,0.24,0.14,4,2015,All Households
Odisha,1,Urban,1,0.46,0.81,0.31,0.34,0.25,0.15,0.37,0.30,0.23,4,2015,All Households
Odisha,1,Urban,2,0.40,0.84,0.30,0.30,0.23,0.14,0.35,0.28,0.18,4,2015,All Households
Odisha,1,Urban,3,0.31,0.85,0.26,0.29,0.28,0.14,0.34,0.26,0.17,4,2015,All Households
Odisha,1,Urban,4,0.18,0.90,0.18,0.23,0.23,0.13,0.24,0.18,0.11,4,2015,All Households
Odisha,1,Urban,5,0.04,0.88,0.12,0.12,0.10,0.08,0.13,0.10,0.05,4,2015,All Households
Odisha,99,All,1,0.56,0.85,0.48,0.34,0.27,0.17,0.40,0.32,0.24,4,2015,All Households
Odisha,99,All,2,0.49,0.89,0.49,0.32,0.29,0.17,0.36,0.30,0.21,4,2015,All Households
Odisha,99,All,3,0.34,0.89,0.45,0.32,0.32,0.18,0.36,0.29,0.19,4,2015,All Households
Odisha,99,All,4,0.20,0.90,0.33,0.29,0.26,0.16,0.31,0.26,0.16,4,2015,All Households
Odisha,99,All,5,0.06,0.89,0.19,0.16,0.13,0.11,0.18,0.14,0.08,4,2015,All Households
Puducherry,0,Rural,1,0.32,0.96,0.13,0.23,0.16,0.07,0.12,0.05,0.05,5,2019,All Households
Puducherry,0,Rural,2,0.34,1.00,0.22,0.23,0.06,0.14,0.17,0.13,0.09,5,2019,All Households
Puducherry,0,Rural,3,0.27,1.00,0.23,0.19,0.14,0.12,0.12,0.11,0.05,5,2019,All Households
Puducherry,0,Rural,4,0.16,1.00,0.20,0.28,0.06,0.18,0.22,0.13,0.07,5,2019,All Households
Puducherry,0,Rural,5,0.09,1.00,0.19,0.23,0.10,0.16,0.15,0.09,0.05,5,2019,All Households
Puducherry,1,Urban,1,0.37,0.98,0.10,0.25,0.10,0.36,0.25,0.20,0.14,5,2019,All Households
Puducherry,1,Urban,2,0.23,0.99,0.10,0.32,0.22,0.25,0.31,0.25,0.18,5,2019,All Households
Puducherry,1,Urban,3,0.29,1.00,0.18,0.23,0.05,0.19,0.24,0.11,0.05,5,2019,All Households
Puducherry,1,Urban,4,0.30,0.99,0.17,0.28,0.11,0.19,0.23,0.16,0.06,5,2019,All Households
Puducherry,1,Urban,5,0.10,1.00,0.26,0.23,0.08,0.24,0.20,0.16,0.04,5,2019,All Households
Puducherry,99,All,1,0.33,0.97,0.12,0.24,0.14,0.16,0.17,0.10,0.08,5,2019,All Households
Puducherry,99,All,2,0.30,1.00,0.18,0.24,0.09,0.16,0.19,0.15,0.11,5,2019,All Households
Puducherry,99,All,3,0.28,1.00,0.20,0.22,0.09,0.16,0.18,0.11,0.05,5,2019,All Households
Puducherry,99,All,4,0.26,0.99,0.18,0.28,0.10,0.19,0.23,0.15,0.06,5,2019,All Households
Puducherry,99,All,5,0.10,1.00,0.25,0.23,0.09,0.23,0.19,0.14,0.04,5,2019,All Households
Puducherry,0,Rural,1,0.30,0.94,0.21,0.08,0.00,0.13,0.12,0.12,0.04,4,2015,All Households
Puducherry,0,Rural,2,0.16,0.97,0.11,0.33,0.16,0.29,0.34,0.25,0.17,4,2015,All Households
Puducherry,0,Rural,3,0.27,0.98,0.15,0.22,0.13,0.33,0.27,0.19,0.12,4,2015,All Households
Puducherry,0,Rural,4,0.17,1.00,0.13,0.17,0.09,0.28,0.23,0.19,0.12,4,2015,All Households
Puducherry,0,Rural,5,0.23,0.99,0.11,0.32,0.11,0.35,0.36,0.32,0.28,4,2015,All Households
Puducherry,1,Urban,1,0.30,0.86,0.16,0.06,0.00,0.34,0.28,0.28,0.23,4,2015,All Households
Puducherry,1,Urban,2,0.19,0.91,0.16,0.17,0.05,0.32,0.25,0.20,0.06,4,2015,All Households
Puducherry,1,Urban,3,0.25,0.94,0.18,0.26,0.12,0.43,0.31,0.25,0.09,4,2015,All Households
Puducherry,1,Urban,4,0.22,0.99,0.20,0.26,0.16,0.28,0.25,0.16,0.10,4,2015,All Households
Puducherry,1,Urban,5,0.20,0.98,0.24,0.16,0.07,0.32,0.14,0.10,0.04,4,2015,All Households
Puducherry,99,All,1,0.30,0.92,0.19,0.07,0.00,0.19,0.17,0.17,0.11,4,2015,All Households
Puducherry,99,All,2,0.17,0.95,0.13,0.26,0.11,0.30,0.30,0.23,0.13,4,2015,All Households
Puducherry,99,All,3,0.26,0.96,0.17,0.25,0.12,0.39,0.29,0.23,0.10,4,2015,All Households
Puducherry,99,All,4,0.20,0.99,0.17,0.23,0.14,0.28,0.24,0.17,0.10,4,2015,All Households
Puducherry,99,All,5,0.20,0.98,0.23,0.18,0.08,0.33,0.16,0.13,0.07,4,2015,All Households
Punjab,0,Rural,1,0.35,0.97,0.08,0.28,0.07,0.14,0.26,0.18,0.05,5,2019,All Households
Punjab,0,Rural,2,0.30,0.99,0.12,0.27,0.06,0.16,0.28,0.18,0.08,5,2019,All Households
Punjab,0,Rural,3,0.32,0.99,0.16,0.24,0.07,0.16,0.24,0.18,0.07,5,2019,All Households
Punjab,0,Rural,4,0.31,0.99,0.17,0.25,0.07,0.19,0.25,0.19,0.08,5,2019,All Households
Punjab,0,Rural,5,0.17,1.00,0.19,0.25,0.06,0.18,0.24,0.18,0.06,5,2019,All Households
Punjab,1,Urban,1,0.23,0.95,0.07,0.11,0.01,0.16,0.23,0.18,0.12,5,2019,All Households
Punjab,1,Urban,2,0.17,0.97,0.07,0.17,0.06,0.12,0.17,0.10,0.06,5,2019,All Households
Punjab,1,Urban,3,0.21,0.98,0.12,0.17,0.05,0.17,0.14,0.12,0.04,5,2019,All Households
Punjab,1,Urban,4,0.29,0.99,0.16,0.18,0.05,0.15,0.17,0.12,0.05,5,2019,All Households
Punjab,1,Urban,5,0.15,0.99,0.18,0.13,0.03,0.11,0.13,0.09,0.04,5,2019,All Households
Punjab,99,All,1,0.32,0.96,0.08,0.23,0.05,0.15,0.25,0.18,0.07,5,2019,All Households
Punjab,99,All,2,0.28,0.99,0.11,0.26,0.06,0.15,0.26,0.17,0.07,5,2019,All Households
Punjab,99,All,3,0.30,0.99,0.15,0.22,0.06,0.17,0.22,0.16,0.06,5,2019,All Households
Punjab,99,All,4,0.30,0.99,0.17,0.23,0.07,0.18,0.23,0.17,0.07,5,2019,All Households
Punjab,99,All,5,0.16,0.99,0.19,0.19,0.05,0.15,0.19,0.14,0.05,5,2019,All Households
Punjab,0,Rural,1,0.21,0.96,0.06,0.12,0.04,0.06,0.20,0.16,0.08,4,2015,All Households
Punjab,0,Rural,2,0.26,0.97,0.19,0.25,0.13,0.29,0.29,0.21,0.13,4,2015,All Households
Punjab,0,Rural,3,0.24,0.98,0.21,0.25,0.14,0.27,0.30,0.20,0.15,4,2015,All Households
Punjab,0,Rural,4,0.21,0.99,0.22,0.24,0.10,0.27,0.27,0.17,0.11,4,2015,All Households
Punjab,0,Rural,5,0.08,0.99,0.19,0.23,0.07,0.25,0.25,0.17,0.09,4,2015,All Households
Punjab,1,Urban,1,0.04,0.88,0.01,0.30,0.20,0.52,0.21,0.18,0.12,4,2015,All Households
Punjab,1,Urban,2,0.08,0.90,0.04,0.21,0.06,0.23,0.24,0.11,0.10,4,2015,All Households
Punjab,1,Urban,3,0.11,0.93,0.04,0.18,0.10,0.19,0.28,0.19,0.14,4,2015,All Households
Punjab,1,Urban,4,0.14,0.99,0.12,0.19,0.08,0.24,0.23,0.13,0.08,4,2015,All Households
Punjab,1,Urban,5,0.04,0.99,0.15,0.16,0.05,0.22,0.14,0.09,0.05,4,2015,All Households
Punjab,99,All,1,0.16,0.94,0.04,0.18,0.09,0.20,0.20,0.17,0.09,4,2015,All Households
Punjab,99,All,2,0.22,0.96,0.17,0.24,0.12,0.28,0.28,0.19,0.12,4,2015,All Households
Punjab,99,All,3,0.21,0.97,0.17,0.24,0.13,0.25,0.30,0.20,0.15,4,2015,All Households
Punjab,99,All,4,0.19,0.99,0.19,0.23,0.10,0.27,0.26,0.16,0.10,4,2015,All Households
Punjab,99,All,5,0.06,0.99,0.17,0.19,0.06,0.23,0.19,0.13,0.07,4,2015,All Households
Rajasthan,0,Rural,1,0.45,0.99,0.89,0.38,0.25,0.34,0.35,0.30,0.10,5,2019,All Households
Rajasthan,0,Rural,2,0.33,0.99,0.91,0.34,0.23,0.30,0.31,0.27,0.10,5,2019,All Households
Rajasthan,0,Rural,3,0.25,1.00,0.91,0.32,0.22,0.31,0.30,0.26,0.10,5,2019,All Households
Rajasthan,0,Rural,4,0.19,1.00,0.90,0.31,0.20,0.30,0.29,0.26,0.09,5,2019,All Households
Rajasthan,0,Rural,5,0.11,1.00,0.86,0.32,0.21,0.29,0.29,0.25,0.09,5,2019,All Households
Rajasthan,1,Urban,1,0.36,0.93,0.76,0.27,0.12,0.21,0.25,0.21,0.03,5,2019,All Households
Rajasthan,1,Urban,2,0.29,1.00,0.79,0.30,0.16,0.19,0.24,0.21,0.08,5,2019,All Households
Rajasthan,1,Urban,3,0.28,0.99,0.79,0.26,0.21,0.21,0.24,0.20,0.08,5,2019,All Households
Rajasthan,1,Urban,4,0.19,1.00,0.82,0.27,0.18,0.22,0.26,0.22,0.08,5,2019,All Households
Rajasthan,1,Urban,5,0.09,1.00,0.71,0.19,0.14,0.17,0.19,0.16,0.06,5,2019,All Households
Rajasthan,99,All,1,0.45,0.99,0.88,0.38,0.25,0.33,0.35,0.30,0.10,5,2019,All Households
Rajasthan,99,All,2,0.33,0.99,0.90,0.34,0.23,0.29,0.31,0.27,0.10,5,2019,All Households
Rajasthan,99,All,3,0.25,1.00,0.90,0.32,0.22,0.29,0.29,0.25,0.10,5,2019,All Households
Rajasthan,99,All,4,0.19,1.00,0.87,0.30,0.20,0.28,0.28,0.24,0.09,5,2019,All Households
Rajasthan,99,All,5,0.10,1.00,0.76,0.24,0.17,0.21,0.23,0.20,0.07,5,2019,All Households
Rajasthan,0,Rural,1,0.41,0.96,0.13,0.22,0.27,0.14,0.27,0.22,0.08,4,2015,All Households
Rajasthan,0,Rural,2,0.30,0.97,0.14,0.19,0.25,0.15,0.24,0.20,0.07,4,2015,All Households
Rajasthan,0,Rural,3,0.23,0.97,0.16,0.19,0.24,0.15,0.22,0.18,0.06,4,2015,All Households
Rajasthan,0,Rural,4,0.14,0.98,0.18,0.19,0.23,0.17,0.22,0.18,0.06,4,2015,All Households
Rajasthan,0,Rural,5,0.07,0.98,0.18,0.21,0.21,0.17,0.22,0.18,0.07,4,2015,All Households
Rajasthan,1,Urban,1,0.33,0.94,0.11,0.22,0.35,0.18,0.22,0.16,0.09,4,2015,All Households
Rajasthan,1,Urban,2,0.30,0.96,0.10,0.17,0.24,0.13,0.20,0.17,0.05,4,2015,All Households
Rajasthan,1,Urban,3,0.25,0.96,0.11,0.18,0.28,0.15,0.19,0.17,0.06,4,2015,All Households
Rajasthan,1,Urban,4,0.17,0.97,0.12,0.15,0.22,0.12,0.16,0.12,0.05,4,2015,All Households
Rajasthan,1,Urban,5,0.06,0.98,0.13,0.11,0.14,0.10,0.08,0.06,0.02,4,2015,All Households
Rajasthan,99,All,1,0.41,0.96,0.13,0.22,0.27,0.14,0.27,0.22,0.08,4,2015,All Households
Rajasthan,99,All,2,0.30,0.97,0.14,0.19,0.25,0.15,0.24,0.20,0.07,4,2015,All Households
Rajasthan,99,All,3,0.23,0.97,0.15,0.18,0.25,0.15,0.22,0.18,0.06,4,2015,All Households
Rajasthan,99,All,4,0.15,0.98,0.16,0.18,0.23,0.15,0.20,0.16,0.06,4,2015,All Households
Rajasthan,99,All,5,0.06,0.98,0.15,0.15,0.17,0.12,0.13,0.11,0.03,4,2015,All Households
Sikkim,0,Rural,1,0.59,0.97,0.05,0.41,0.13,0.44,0.40,0.26,0.17,5,2019,All Households
Sikkim,0,Rural,2,0.65,0.98,0.11,0.20,0.03,0.36,0.22,0.15,0.09,5,2019,All Households
Sikkim,0,Rural,3,0.52,0.98,0.11,0.24,0.03,0.34,0.23,0.16,0.08,5,2019,All Households
Sikkim,0,Rural,4,0.30,1.00,0.16,0.16,0.03,0.24,0.19,0.12,0.04,5,2019,All Households
Sikkim,0,Rural,5,0.14,1.00,0.19,0.12,0.04,0.32,0.16,0.04,0.04,5,2019,All Households
Sikkim,1,Urban,1,0.28,0.85,0.00,0.29,0.00,0.35,0.29,0.29,0.00,5,2019,All Households
Sikkim,1,Urban,2,0.35,0.75,0.16,0.14,0.12,0.11,0.12,0.07,0.00,5,2019,All Households
Sikkim,1,Urban,3,0.46,0.93,0.13,0.16,0.00,0.16,0.16,0.09,0.04,5,2019,All Households
Sikkim,1,Urban,4,0.40,0.99,0.07,0.14,0.02,0.15,0.20,0.16,0.09,5,2019,All Households
Sikkim,1,Urban,5,0.29,1.00,0.18,0.08,0.00,0.05,0.11,0.04,0.00,5,2019,All Households
Sikkim,99,All,1,0.58,0.96,0.04,0.41,0.13,0.44,0.39,0.26,0.16,5,2019,All Households
Sikkim,99,All,2,0.62,0.96,0.12,0.20,0.04,0.34,0.21,0.14,0.08,5,2019,All Households
Sikkim,99,All,3,0.50,0.97,0.11,0.22,0.02,0.29,0.22,0.15,0.07,5,2019,All Households
Sikkim,99,All,4,0.36,0.99,0.11,0.15,0.02,0.18,0.19,0.14,0.07,5,2019,All Households
Sikkim,99,All,5,0.26,1.00,0.19,0.09,0.01,0.11,0.12,0.04,0.01,5,2019,All Households
Sikkim,0,Rural,1,0.35,0.88,0.06,0.28,0.12,0.21,0.32,0.05,0.08,4,2015,All Households
Sikkim,0,Rural,2,0.54,0.91,0.12,0.26,0.12,0.14,0.31,0.23,0.10,4,2015,All Households
Sikkim,0,Rural,3,0.53,0.98,0.22,0.18,0.13,0.13,0.23,0.16,0.07,4,2015,All Households
Sikkim,0,Rural,4,0.27,0.99,0.32,0.11,0.08,0.14,0.14,0.07,0.04,4,2015,All Households
Sikkim,0,Rural,5,0.12,1.00,0.41,0.05,0.02,0.10,0.02,0.00,0.00,4,2015,All Households
Sikkim,1,Urban,1,0.00,0.54,0.00,0.25,0.00,0.00,0.25,0.25,0.00,4,2015,All Households
Sikkim,1,Urban,2,0.27,0.67,0.19,0.26,0.00,0.14,0.16,0.08,0.00,4,2015,All Households
Sikkim,1,Urban,3,0.22,0.89,0.20,0.16,0.10,0.15,0.15,0.12,0.09,4,2015,All Households
Sikkim,1,Urban,4,0.14,0.95,0.23,0.08,0.03,0.08,0.10,0.06,0.03,4,2015,All Households
Sikkim,1,Urban,5,0.09,0.98,0.28,0.05,0.02,0.12,0.03,0.01,0.00,4,2015,All Households
Sikkim,99,All,1,0.29,0.82,0.05,0.27,0.10,0.17,0.31,0.09,0.07,4,2015,All Households
Sikkim,99,All,2,0.51,0.89,0.13,0.26,0.11,0.14,0.30,0.22,0.09,4,2015,All Households
Sikkim,99,All,3,0.50,0.97,0.22,0.18,0.13,0.14,0.22,0.16,0.07,4,2015,All Households
Sikkim,99,All,4,0.21,0.97,0.28,0.10,0.06,0.11,0.12,0.07,0.03,4,2015,All Households
Sikkim,99,All,5,0.10,0.98,0.32,0.05,0.02,0.11,0.03,0.01,0.00,4,2015,All Households
Tamil Nadu,0,Rural,1,0.32,0.79,0.58,0.22,0.18,0.26,0.27,0.22,0.10,4,2015,All Households
Tamil Nadu,0,Rural,2,0.26,0.83,0.68,0.23,0.20,0.30,0.27,0.21,0.13,4,2015,All Households
Tamil Nadu,0,Rural,3,0.21,0.86,0.68,0.23,0.20,0.30,0.27,0.20,0.11,4,2015,All Households
Tamil Nadu,0,Rural,4,0.14,0.85,0.67,0.22,0.20,0.30,0.25,0.19,0.10,4,2015,All Households
Tamil Nadu,0,Rural,5,0.10,0.86,0.64,0.19,0.13,0.27,0.23,0.18,0.09,4,2015,All Households
Tamil Nadu,1,Urban,1,0.33,0.71,0.46,0.21,0.16,0.21,0.20,0.15,0.08,4,2015,All Households
Tamil Nadu,1,Urban,2,0.20,0.80,0.54,0.23,0.20,0.25,0.29,0.21,0.10,4,2015,All Households
Tamil Nadu,1,Urban,3,0.19,0.81,0.55,0.22,0.20,0.29,0.23,0.17,0.09,4,2015,All Households
Tamil Nadu,1,Urban,4,0.11,0.85,0.53,0.17,0.16,0.26,0.20,0.15,0.07,4,2015,All Households
Tamil Nadu,1,Urban,5,0.10,0.87,0.49,0.12,0.09,0.24,0.12,0.09,0.04,4,2015,All Households
Tamil Nadu,99,All,1,0.32,0.77,0.55,0.21,0.17,0.25,0.26,0.21,0.09,4,2015,All Households
Tamil Nadu,99,All,2,0.24,0.82,0.65,0.23,0.20,0.29,0.27,0.21,0.12,4,2015,All Households
Tamil Nadu,99,All,3,0.20,0.84,0.63,0.23,0.20,0.30,0.26,0.19,0.10,4,2015,All Households
Tamil Nadu,99,All,4,0.12,0.85,0.59,0.19,0.17,0.28,0.22,0.17,0.08,4,2015,All Households
Tamil Nadu,99,All,5,0.10,0.87,0.51,0.13,0.10,0.24,0.14,0.10,0.05,4,2015,All Households
Tamil Nadu,0,Rural,1,0.34,0.98,0.66,0.25,0.14,0.22,0.22,0.19,0.09,5,2019,All Households
Tamil Nadu,0,Rural,2,0.33,0.99,0.71,0.27,0.17,0.27,0.24,0.21,0.10,5,2019,All Households
Tamil Nadu,0,Rural,3,0.31,1.00,0.71,0.32,0.21,0.31,0.30,0.26,0.11,5,2019,All Households
Tamil Nadu,0,Rural,4,0.25,1.00,0.68,0.35,0.21,0.32,0.32,0.26,0.11,5,2019,All Households
Tamil Nadu,0,Rural,5,0.18,1.00,0.63,0.30,0.18,0.33,0.28,0.24,0.07,5,2019,All Households
Tamil Nadu,1,Urban,1,0.30,0.98,0.63,0.22,0.12,0.21,0.19,0.15,0.07,5,2019,All Households
Tamil Nadu,1,Urban,2,0.28,0.98,0.57,0.24,0.15,0.27,0.22,0.18,0.11,5,2019,All Households
Tamil Nadu,1,Urban,3,0.28,0.99,0.58,0.28,0.18,0.28,0.25,0.20,0.08,5,2019,All Households
Tamil Nadu,1,Urban,4,0.22,0.99,0.56,0.27,0.18,0.26,0.24,0.20,0.08,5,2019,All Households
Tamil Nadu,1,Urban,5,0.14,1.00,0.46,0.20,0.11,0.19,0.18,0.13,0.04,5,2019,All Households
Tamil Nadu,99,All,1,0.33,0.98,0.65,0.24,0.13,0.22,0.21,0.18,0.09,5,2019,All Households
Tamil Nadu,99,All,2,0.32,0.99,0.68,0.26,0.16,0.27,0.24,0.20,0.10,5,2019,All Households
Tamil Nadu,99,All,3,0.30,0.99,0.67,0.31,0.20,0.30,0.28,0.24,0.11,5,2019,All Households
Tamil Nadu,99,All,4,0.23,1.00,0.61,0.31,0.19,0.29,0.28,0.23,0.09,5,2019,All Households
Tamil Nadu,99,All,5,0.15,1.00,0.49,0.22,0.12,0.21,0.20,0.15,0.04,5,2019,All Households
Telangana,0,Rural,1,0.94,0.99,0.69,0.29,0.09,0.27,0.28,0.24,0.17,5,2019,All Households
Telangana,0,Rural,2,0.94,0.99,0.76,0.28,0.09,0.31,0.25,0.21,0.14,5,2019,All Households
Telangana,0,Rural,3,0.94,1.00,0.77,0.28,0.09,0.35,0.25,0.21,0.14,5,2019,All Households
Telangana,0,Rural,4,0.88,1.00,0.72,0.28,0.08,0.40,0.26,0.21,0.13,5,2019,All Households
Telangana,0,Rural,5,0.77,1.00,0.61,0.30,0.07,0.38,0.26,0.21,0.12,5,2019,All Households
Telangana,1,Urban,1,0.89,0.97,0.60,0.34,0.12,0.21,0.28,0.23,0.13,5,2019,All Households
Telangana,1,Urban,2,0.85,0.98,0.57,0.27,0.09,0.24,0.24,0.22,0.11,5,2019,All Households
Telangana,1,Urban,3,0.88,0.99,0.61,0.28,0.09,0.23,0.24,0.20,0.11,5,2019,All Households
Telangana,1,Urban,4,0.82,0.99,0.56,0.26,0.08,0.27,0.24,0.20,0.11,5,2019,All Households
Telangana,1,Urban,5,0.60,1.00,0.39,0.19,0.04,0.22,0.18,0.16,0.08,5,2019,All Households
Telangana,99,All,1,0.94,0.99,0.69,0.30,0.09,0.26,0.28,0.24,0.17,5,2019,All Households
Telangana,99,All,2,0.93,0.99,0.74,0.28,0.09,0.30,0.25,0.21,0.13,5,2019,All Households
Telangana,99,All,3,0.93,1.00,0.74,0.28,0.09,0.32,0.25,0.21,0.13,5,2019,All Households
Telangana,99,All,4,0.86,1.00,0.65,0.28,0.08,0.34,0.25,0.21,0.12,5,2019,All Households
Telangana,99,All,5,0.63,1.00,0.43,0.21,0.05,0.25,0.20,0.17,0.08,5,2019,All Households
Telangana,0,Rural,1,0.95,0.99,0.71,0.24,0.08,0.18,0.35,0.26,0.17,4,2015,All Households
Telangana,0,Rural,2,0.94,0.99,0.78,0.22,0.06,0.18,0.30,0.25,0.14,4,2015,All Households
Telangana,0,Rural,3,0.94,0.99,0.80,0.24,0.05,0.18,0.29,0.22,0.15,4,2015,All Households
Telangana,0,Rural,4,0.88,0.99,0.72,0.23,0.04,0.18,0.28,0.23,0.12,4,2015,All Households
Telangana,0,Rural,5,0.68,0.99,0.59,0.20,0.03,0.13,0.23,0.17,0.10,4,2015,All Households
Telangana,1,Urban,1,0.92,0.94,0.60,0.20,0.00,0.14,0.20,0.20,0.03,4,2015,All Households
Telangana,1,Urban,2,0.82,0.94,0.58,0.22,0.11,0.16,0.27,0.23,0.12,4,2015,All Households
Telangana,1,Urban,3,0.86,0.97,0.60,0.14,0.05,0.13,0.22,0.17,0.07,4,2015,All Households
Telangana,1,Urban,4,0.80,0.98,0.54,0.13,0.05,0.10,0.19,0.14,0.06,4,2015,All Households
Telangana,1,Urban,5,0.54,0.98,0.35,0.09,0.02,0.07,0.10,0.07,0.02,4,2015,All Households
Telangana,99,All,1,0.95,0.99,0.70,0.24,0.07,0.18,0.34,0.26,0.16,4,2015,All Households
Telangana,99,All,2,0.93,0.99,0.75,0.22,0.07,0.17,0.30,0.24,0.14,4,2015,All Households
Telangana,99,All,3,0.91,0.99,0.74,0.21,0.05,0.17,0.27,0.21,0.13,4,2015,All Households
Telangana,99,All,4,0.83,0.98,0.62,0.17,0.05,0.14,0.23,0.18,0.09,4,2015,All Households
Telangana,99,All,5,0.55,0.98,0.38,0.10,0.02,0.08,0.12,0.08,0.03,4,2015,All Households
Tripura,0,Rural,1,0.57,0.98,0.24,0.33,0.08,0.28,0.31,0.19,0.14,5,2019,All Households
Tripura,0,Rural,2,0.49,1.00,0.23,0.30,0.06,0.31,0.27,0.16,0.13,5,2019,All Households
Tripura,0,Rural,3,0.34,1.00,0.19,0.30,0.07,0.31,0.29,0.18,0.12,5,2019,All Households
Tripura,0,Rural,4,0.14,0.99,0.13,0.28,0.04,0.28,0.24,0.15,0.08,5,2019,All Households
Tripura,0,Rural,5,0.23,1.00,0.10,0.47,0.00,0.35,0.47,0.37,0.08,5,2019,All Households
Tripura,1,Urban,1,0.57,0.96,0.14,0.30,0.06,0.21,0.29,0.19,0.19,5,2019,All Households
Tripura,1,Urban,2,0.49,1.00,0.18,0.22,0.08,0.18,0.23,0.16,0.14,5,2019,All Households
Tripura,1,Urban,3,0.37,0.99,0.14,0.26,0.06,0.20,0.23,0.13,0.13,5,2019,All Households
Tripura,1,Urban,4,0.18,1.00,0.06,0.20,0.06,0.17,0.25,0.12,0.11,5,2019,All Households
Tripura,1,Urban,5,0.04,1.00,0.03,0.17,0.05,0.05,0.12,0.06,0.08,5,2019,All Households
Tripura,99,All,1,0.57,0.98,0.23,0.33,0.08,0.28,0.31,0.19,0.15,5,2019,All Households
Tripura,99,All,2,0.49,1.00,0.22,0.28,0.07,0.28,0.26,0.16,0.13,5,2019,All Households
Tripura,99,All,3,0.35,0.99,0.17,0.28,0.06,0.26,0.27,0.15,0.13,5,2019,All Households
Tripura,99,All,4,0.17,1.00,0.08,0.23,0.05,0.21,0.24,0.13,0.10,5,2019,All Households
Tripura,99,All,5,0.07,1.00,0.04,0.22,0.04,0.10,0.18,0.10,0.08,5,2019,All Households
Tripura,0,Rural,1,0.49,0.92,0.69,0.16,0.10,0.04,0.34,0.17,0.17,4,2015,All Households
Tripura,0,Rural,2,0.48,0.96,0.78,0.18,0.12,0.07,0.29,0.14,0.15,4,2015,All Households
Tripura,0,Rural,3,0.27,0.96,0.61,0.14,0.10,0.07,0.22,0.09,0.10,4,2015,All Households
Tripura,0,Rural,4,0.07,0.94,0.34,0.18,0.08,0.06,0.19,0.10,0.05,4,2015,All Households
Tripura,0,Rural,5,0.02,0.96,0.24,0.08,0.00,0.00,0.08,0.05,0.05,4,2015,All Households
Tripura,1,Urban,1,0.37,0.90,0.45,0.12,0.04,0.07,0.23,0.08,0.10,4,2015,All Households
Tripura,1,Urban,2,0.36,0.94,0.55,0.16,0.08,0.05,0.27,0.11,0.11,4,2015,All Households
Tripura,1,Urban,3,0.24,0.97,0.44,0.12,0.09,0.05,0.20,0.11,0.10,4,2015,All Households
Tripura,1,Urban,4,0.10,0.95,0.18,0.06,0.04,0.04,0.09,0.04,0.04,4,2015,All Households
Tripura,1,Urban,5,0.02,0.93,0.08,0.04,0.02,0.01,0.04,0.02,0.00,4,2015,All Households
Tripura,99,All,1,0.49,0.92,0.67,0.15,0.09,0.05,0.34,0.17,0.16,4,2015,All Households
Tripura,99,All,2,0.47,0.96,0.75,0.18,0.11,0.07,0.28,0.13,0.14,4,2015,All Households
Tripura,99,All,3,0.26,0.97,0.55,0.13,0.10,0.06,0.21,0.10,0.10,4,2015,All Households
Tripura,99,All,4,0.09,0.95,0.23,0.10,0.06,0.04,0.12,0.06,0.05,4,2015,All Households
Tripura,99,All,5,0.02,0.93,0.10,0.04,0.02,0.01,0.04,0.03,0.01,4,2015,All Households
Uttar Pradesh,0,Rural,1,0.44,0.99,0.02,0.41,0.23,0.44,0.41,0.36,0.13,5,2019,All Households
Uttar Pradesh,0,Rural,2,0.42,0.99,0.02,0.39,0.23,0.43,0.39,0.34,0.13,5,2019,All Households
Uttar Pradesh,0,Rural,3,0.38,0.99,0.02,0.39,0.22,0.42,0.38,0.34,0.12,5,2019,All Households
Uttar Pradesh,0,Rural,4,0.32,0.99,0.02,0.40,0.20,0.43,0.39,0.35,0.13,5,2019,All Households
Uttar Pradesh,0,Rural,5,0.24,0.99,0.04,0.38,0.14,0.38,0.37,0.34,0.12,5,2019,All Households
Uttar Pradesh,1,Urban,1,0.36,0.96,0.02,0.35,0.17,0.36,0.33,0.30,0.10,5,2019,All Households
Uttar Pradesh,1,Urban,2,0.33,0.99,0.01,0.28,0.16,0.37,0.31,0.26,0.10,5,2019,All Households
Uttar Pradesh,1,Urban,3,0.30,0.98,0.01,0.28,0.14,0.32,0.30,0.26,0.08,5,2019,All Households
Uttar Pradesh,1,Urban,4,0.27,0.99,0.02,0.25,0.10,0.29,0.27,0.23,0.09,5,2019,All Households
Uttar Pradesh,1,Urban,5,0.19,0.99,0.04,0.21,0.07,0.24,0.23,0.20,0.07,5,2019,All Households
Uttar Pradesh,99,All,1,0.43,0.99,0.02,0.41,0.23,0.44,0.40,0.35,0.13,5,2019,All Households
Uttar Pradesh,99,All,2,0.42,0.99,0.02,0.38,0.22,0.43,0.38,0.34,0.13,5,2019,All Households
Uttar Pradesh,99,All,3,0.37,0.99,0.02,0.37,0.20,0.40,0.36,0.32,0.11,5,2019,All Households
Uttar Pradesh,99,All,4,0.30,0.99,0.02,0.34,0.16,0.37,0.34,0.30,0.11,5,2019,All Households
Uttar Pradesh,99,All,5,0.20,0.99,0.04,0.26,0.09,0.28,0.28,0.24,0.09,5,2019,All Households
Uttar Pradesh,0,Rural,1,0.35,0.69,0.05,0.22,0.21,0.16,0.27,0.20,0.05,4,2015,All Households
Uttar Pradesh,0,Rural,2,0.32,0.76,0.05,0.24,0.22,0.18,0.28,0.21,0.06,4,2015,All Households
Uttar Pradesh,0,Rural,3,0.25,0.78,0.05,0.25,0.20,0.20,0.29,0.23,0.06,4,2015,All Households
Uttar Pradesh,0,Rural,4,0.16,0.81,0.05,0.24,0.18,0.20,0.26,0.21,0.06,4,2015,All Households
Uttar Pradesh,0,Rural,5,0.12,0.85,0.07,0.23,0.13,0.19,0.25,0.20,0.05,4,2015,All Households
Uttar Pradesh,1,Urban,1,0.32,0.77,0.03,0.16,0.14,0.14,0.17,0.12,0.03,4,2015,All Households
Uttar Pradesh,1,Urban,2,0.23,0.80,0.03,0.15,0.15,0.14,0.21,0.16,0.04,4,2015,All Households
Uttar Pradesh,1,Urban,3,0.19,0.85,0.02,0.15,0.11,0.14,0.16,0.14,0.03,4,2015,All Households
Uttar Pradesh,1,Urban,4,0.16,0.89,0.02,0.14,0.10,0.13,0.13,0.10,0.02,4,2015,All Households
Uttar Pradesh,1,Urban,5,0.08,0.91,0.05,0.11,0.05,0.12,0.08,0.07,0.01,4,2015,All Households
Uttar Pradesh,99,All,1,0.35,0.69,0.05,0.22,0.21,0.16,0.27,0.20,0.05,4,2015,All Households
Uttar Pradesh,99,All,2,0.31,0.76,0.05,0.24,0.21,0.17,0.27,0.21,0.05,4,2015,All Households
Uttar Pradesh,99,All,3,0.24,0.80,0.04,0.23,0.18,0.18,0.26,0.21,0.05,4,2015,All Households
Uttar Pradesh,99,All,4,0.16,0.85,0.04,0.19,0.14,0.16,0.20,0.16,0.04,4,2015,All Households
Uttar Pradesh,99,All,5,0.09,0.90,0.05,0.14,0.07,0.14,0.13,0.10,0.02,4,2015,All Households
Uttarakhand,0,Rural,1,0.60,0.98,0.07,0.35,0.12,0.22,0.28,0.22,0.10,5,2019,All Households
Uttarakhand,0,Rural,2,0.57,0.99,0.08,0.34,0.13,0.22,0.29,0.24,0.08,5,2019,All Households
Uttarakhand,0,Rural,3,0.44,0.99,0.10,0.36,0.14,0.26,0.32,0.24,0.09,5,2019,All Households
Uttarakhand,0,Rural,4,0.33,1.00,0.11,0.42,0.16,0.26,0.34,0.25,0.10,5,2019,All Households
Uttarakhand,0,Rural,5,0.15,1.00,0.13,0.39,0.11,0.28,0.34,0.26,0.08,5,2019,All Households
Uttarakhand,1,Urban,1,0.18,0.89,0.00,0.53,0.18,0.16,0.41,0.27,0.04,5,2019,All Households
Uttarakhand,1,Urban,2,0.20,0.94,0.02,0.52,0.26,0.33,0.46,0.41,0.16,5,2019,All Households
Uttarakhand,1,Urban,3,0.30,0.98,0.05,0.52,0.24,0.32,0.46,0.37,0.14,5,2019,All Households
Uttarakhand,1,Urban,4,0.26,0.99,0.08,0.33,0.12,0.25,0.28,0.22,0.09,5,2019,All Households
Uttarakhand,1,Urban,5,0.15,0.99,0.17,0.28,0.10,0.23,0.25,0.19,0.05,5,2019,All Households
Uttarakhand,99,All,1,0.57,0.98,0.06,0.36,0.13,0.22,0.29,0.22,0.10,5,2019,All Households
Uttarakhand,99,All,2,0.55,0.99,0.07,0.35,0.14,0.23,0.30,0.25,0.09,5,2019,All Households
Uttarakhand,99,All,3,0.42,0.99,0.09,0.39,0.15,0.27,0.34,0.26,0.10,5,2019,All Households
Uttarakhand,99,All,4,0.30,1.00,0.10,0.39,0.15,0.26,0.32,0.24,0.10,5,2019,All Households
Uttarakhand,99,All,5,0.15,0.99,0.16,0.33,0.10,0.25,0.29,0.22,0.06,5,2019,All Households
Uttarakhand,0,Rural,1,0.57,0.37,0.15,0.20,0.12,0.12,0.30,0.14,0.07,4,2015,All Households
Uttarakhand,0,Rural,2,0.57,0.47,0.18,0.18,0.15,0.15,0.32,0.15,0.07,4,2015,All Households
Uttarakhand,0,Rural,3,0.44,0.50,0.17,0.19,0.17,0.17,0.30,0.15,0.07,4,2015,All Households
Uttarakhand,0,Rural,4,0.29,0.59,0.18,0.20,0.17,0.17,0.30,0.17,0.07,4,2015,All Households
Uttarakhand,0,Rural,5,0.13,0.76,0.17,0.17,0.14,0.16,0.27,0.13,0.05,4,2015,All Households
Uttarakhand,1,Urban,1,0.24,0.57,0.02,0.26,0.28,0.06,0.33,0.12,0.08,4,2015,All Households
Uttarakhand,1,Urban,2,0.19,0.62,0.04,0.24,0.12,0.12,0.31,0.18,0.11,4,2015,All Households
Uttarakhand,1,Urban,3,0.24,0.68,0.05,0.25,0.25,0.16,0.37,0.17,0.07,4,2015,All Households
Uttarakhand,1,Urban,4,0.15,0.72,0.07,0.18,0.16,0.14,0.23,0.11,0.05,4,2015,All Households
Uttarakhand,1,Urban,5,0.09,0.81,0.18,0.12,0.10,0.12,0.18,0.07,0.03,4,2015,All Households
Uttarakhand,99,All,1,0.54,0.39,0.14,0.21,0.13,0.11,0.30,0.14,0.07,4,2015,All Households
Uttarakhand,99,All,2,0.54,0.48,0.17,0.18,0.15,0.15,0.32,0.15,0.07,4,2015,All Households
Uttarakhand,99,All,3,0.41,0.53,0.15,0.20,0.18,0.17,0.31,0.16,0.07,4,2015,All Households
Uttarakhand,99,All,4,0.23,0.65,0.14,0.19,0.17,0.16,0.27,0.14,0.06,4,2015,All Households
Uttarakhand,99,All,5,0.10,0.79,0.18,0.14,0.11,0.13,0.21,0.09,0.04,4,2015,All Households
West Bengal,0,Rural,1,0.65,0.98,0.31,0.37,0.15,0.43,0.36,0.21,0.24,5,2019,All Households
West Bengal,0,Rural,2,0.52,0.99,0.32,0.35,0.14,0.48,0.35,0.21,0.24,5,2019,All Households
West Bengal,0,Rural,3,0.35,0.99,0.30,0.36,0.13,0.50,0.35,0.20,0.22,5,2019,All Households
West Bengal,0,Rural,4,0.27,0.99,0.26,0.29,0.07,0.50,0.28,0.15,0.16,5,2019,All Households
West Bengal,0,Rural,5,0.13,1.00,0.14,0.31,0.08,0.48,0.27,0.14,0.15,5,2019,All Households
West Bengal,1,Urban,1,0.54,0.99,0.21,0.30,0.10,0.39,0.32,0.24,0.20,5,2019,All Households
West Bengal,1,Urban,2,0.46,0.98,0.24,0.32,0.14,0.39,0.31,0.17,0.21,5,2019,All Households
West Bengal,1,Urban,3,0.42,0.99,0.20,0.22,0.08,0.33,0.22,0.11,0.13,5,2019,All Households
West Bengal,1,Urban,4,0.27,0.99,0.20,0.18,0.06,0.29,0.18,0.10,0.10,5,2019,All Households
West Bengal,1,Urban,5,0.13,1.00,0.17,0.08,0.02,0.24,0.10,0.05,0.04,5,2019,All Households
West Bengal,99,All,1,0.65,0.98,0.30,0.36,0.15,0.43,0.36,0.21,0.24,5,2019,All Households
West Bengal,99,All,2,0.51,0.99,0.30,0.35,0.14,0.47,0.34,0.20,0.23,5,2019,All Households
West Bengal,99,All,3,0.39,0.99,0.25,0.30,0.11,0.42,0.29,0.16,0.18,5,2019,All Households
West Bengal,99,All,4,0.27,0.99,0.21,0.21,0.06,0.35,0.21,0.12,0.12,5,2019,All Households
West Bengal,99,All,5,0.13,1.00,0.16,0.10,0.03,0.25,0.11,0.06,0.05,5,2019,All Households
West Bengal,0,Rural,1,0.53,0.72,0.41,0.28,0.11,0.23,0.37,0.22,0.21,4,2015,All Households
West Bengal,0,Rural,2,0.44,0.72,0.39,0.28,0.12,0.22,0.37,0.22,0.21,4,2015,All Households
West Bengal,0,Rural,3,0.27,0.74,0.28,0.26,0.10,0.24,0.33,0.18,0.17,4,2015,All Households
West Bengal,0,Rural,4,0.13,0.78,0.16,0.23,0.06,0.22,0.27,0.17,0.14,4,2015,All Households
West Bengal,0,Rural,5,0.07,0.74,0.10,0.23,0.08,0.20,0.24,0.14,0.14,4,2015,All Households
West Bengal,1,Urban,1,0.45,0.66,0.27,0.25,0.09,0.25,0.38,0.12,0.18,4,2015,All Households
West Bengal,1,Urban,2,0.44,0.71,0.28,0.23,0.08,0.22,0.33,0.16,0.21,4,2015,All Households
West Bengal,1,Urban,3,0.34,0.76,0.25,0.19,0.08,0.19,0.26,0.12,0.11,4,2015,All Households
West Bengal,1,Urban,4,0.18,0.79,0.12,0.14,0.05,0.14,0.17,0.11,0.07,4,2015,All Households
West Bengal,1,Urban,5,0.05,0.76,0.16,0.09,0.02,0.13,0.08,0.05,0.04,4,2015,All Households
West Bengal,99,All,1,0.52,0.72,0.40,0.28,0.10,0.23,0.37,0.21,0.21,4,2015,All Households
West Bengal,99,All,2,0.44,0.72,0.37,0.27,0.11,0.22,0.36,0.21,0.21,4,2015,All Households
West Bengal,99,All,3,0.30,0.75,0.27,0.24,0.09,0.22,0.31,0.16,0.15,4,2015,All Households
West Bengal,99,All,4,0.16,0.79,0.14,0.17,0.06,0.17,0.21,0.13,0.10,4,2015,All Households
West Bengal,99,All,5,0.06,0.76,0.15,0.11,0.03,0.14,0.11,0.06,0.06,4,2015,All Households
