sector,State,mpi_edu,mpi_att,mpi_cm,mpi_nutri,mpi_elec,mpi_toilet,mpi_water,mpi_fuel,mpi_asset,bpl,aadhar,household_has_preg_benefits,household_health_met,household_angan_benefits,food_pds_subs,kerosene_pds_subs,food_pds_free,lpg_subs,elec_free,pmjay_ben,pmjay_ben_avail,real_wage_23,JQdim365,JQdim215,POV_365,POV_215,lf_cws,emp_cws,unpaid_emp,unemp_cws,neet,lfpr_female,unemp_female,m_poor_1_33_2019,m_poor_1_20_2019,m_poor_1_33_2015,m_poor_1_20_2015,poor_300_2011,poor_420_2011,poor_300_2022,poor_420_2022,fhiscore,rank202223,totalgva,state_share_india,welfare_agg21_sp,welfare_pct_india
Rural,Andaman and Nicobar Islands,7.210618258,0.748429121,0.725218002,13.82695585,3.605000302,11.9827196,6.732645631,24.23388809,10.19707248,0.154091269,0.99747932,0.146831959,0.151558414,0.156682521,0.804455876,0,0.003743825,0.107463002,0,0.003598354,0,17514.29,1.438520789,1.513373494,0.254701346,0.22395356,0.673965335,0.60092181,0.240437016,0.108378798,0.366824478,0.50933063,0.153264791,0.050000001,0.17,0.11,0.27000001,0,0.050000001,0,0.01,,,37363.211,0.040041737,4482.7388,160.0851
Urban,Andaman and Nicobar Islands,3.735733032,0.422031665,1.234726049,17.26411879,0.545599731,12.370307,2.182078734,1.216915529,3.966253251,0.086228877,0.99810034,0.165482417,0.103530556,0.15369302,0.524605811,0,0,0.154530481,0.009650447,0.005129694,0.005129694,19940.39,1.894384742,1.945632935,0.106430307,0.061935619,0.569713116,0.496369481,0.024036385,0.128737837,0.288510978,0.313720435,0.24515748,0.01,0.090000004,0.01,0.07,0,0.01,0,0.01,,,37363.211,0.040041737,5680.7461,202.86768
All,Andaman and Nicobar Islands,5.925681442,0.627734466,0.913622975,15.09794444,2.473700605,12.1260412,5.049945414,15.72271436,7.893051952,0.129988015,0.997699916,0.154191837,0.132506743,0.155502796,0.69432503,0,0.002270499,0.125985712,0.00379779,0.00420099,0.002018715,18512.87,1.624403238,1.689631104,0.194242552,0.157889336,0.627781034,0.55460459,0.154636651,0.116563715,0.328423113,0.422013938,0.183757976,0.039999999,0.14,0.07,0.18000001,0,0.029999999,0,0.01,,,37363.211,0.040041737,4979.811,177.83626
Rural,Andhra Pradesh,18.73728484,1.484153792,1.430220623,24.94647056,0.603499496,28.06687951,11.72518507,21.894072,9.910626709,0.945261121,0.99473089,0.280996561,0.242983192,0.262054533,0.870297194,0,0.551217794,0.423243433,0.210621268,0.690468729,0.040010612,12014.64453,1.009328365,1.177202225,0.327214837,0.19079347,0.59960866,0.5516451,0.150324896,0.079991445,0.316325247,0.439673722,0.08647006,0.090000004,0.28999999,0.2,0.44,0.13,0.41999999,0.01,0.1,20.9,17,4742670.5,5.0826674,3164.4302,113.00639
Urban,Andhra Pradesh,8.947671205,1.021719631,0.90413224,18.32748055,0.465313112,10.75338274,3.13712731,2.666389942,3.952440992,0.790307105,0.996125758,0.221015498,0.135113984,0.196956515,0.685347736,3.43414E-05,0.440947324,0.545005262,0.039691027,0.568490565,0.041463912,15199.27148,1.453413844,1.658478022,0.259074748,0.125438556,0.500762522,0.460877568,0.072486185,0.07964848,0.299515545,0.286530137,0.083377823,0.02,0.090000004,0.059999999,0.2,0.11,0.33000001,0.02,0.079999998,20.9,17,4742670.5,5.0826674,3766.9155,134.522
All,Andhra Pradesh,15.79929143,1.345371176,1.272334531,22.96002358,0.562027935,22.87086993,9.147794545,16.12358838,8.122495562,0.897868395,0.99515748,0.262593567,0.209581509,0.242081597,0.812612236,1.07109E-05,0.516824901,0.461220443,0.157308847,0.652424276,0.040463891,12713.20117,1.127057433,1.304790735,0.309150577,0.173467591,0.569560707,0.524052918,0.129515395,0.07989978,0.310960799,0.392923027,0.085781686,0.07,0.23,0.16,0.37,0.13,0.40000001,0.01,0.090000004,20.9,17,4742670.5,5.0826674,3312.4338,118.29182
Rural,Arunachal Pradesh,15.68233073,5.368685722,1.079676393,17.4727574,6.062326953,16.6283235,7.430014759,54.6408236,16.00898057,0.641738296,0.980033696,0.133490309,0.190475166,0.176282957,0.578016639,0.012063119,0.193791538,0.123426519,0.023586914,0.067321114,0.014952799,10897.40332,1.009446979,1.140969753,0.435199499,0.335791886,0.746586323,0.707815111,0.227106631,0.051931296,0.149760023,0.695746005,0.046565998,0.15000001,0.34,0.30000001,0.51999998,0.38999999,0.61000001,0.12,0.28999999,,,144090.41,0.15442008,2735.0879,97.67395
Urban,Arunachal Pradesh,5.781912804,4.419096187,1.255870052,15.8773303,0.510969711,20.14976442,1.904067956,11.53619811,4.688035324,0.408069581,0.987059832,0.061154861,0.098446101,0.088707395,0.373352587,0.0024895,0.100776009,0.028603744,0.003289626,0.012023154,0.00382757,20569.85156,1.718633413,1.799607396,0.208399579,0.148887336,0.599802256,0.522999227,0.075570248,0.128047273,0.263769209,0.45626843,0.182771817,0.039999999,0.17,0.07,0.20999999,0.23,0.41,0.01,0.11,,,144090.41,0.15442008,3841.3687,137.18085
All,Arunachal Pradesh,14.20065165,5.226571858,1.106045209,17.23398864,5.231520906,17.15533584,6.603011489,48.18986356,14.31470811,0.604825079,0.981143653,0.122517541,0.175747722,0.162998363,0.539994657,0.010284556,0.176511347,0.105810575,0.019816134,0.057047993,0.012885982,12331.94434,1.094183803,1.219666839,0.408100396,0.313459665,0.722114205,0.677002251,0.207589298,0.062472019,0.170142278,0.654197812,0.063047394,0.13,0.31999999,0.23999999,0.44999999,0.36000001,0.56999999,0.1,0.25999999,,,144090.41,0.15442008,2893.4348,103.32875
Rural,Assam,13.29647303,4.658860341,1.884962618,33.35475922,8.513425291,31.71972334,15.91256708,66.98818207,16.05406553,0.539497375,0.182003871,0.329746276,0.401210725,0.327004164,0.063703366,0.043741057,0.770801246,0.11809165,0.013900712,0.253161579,0.007043381,10361.36426,0.930929244,1.160731673,0.363147259,0.224458575,0.650843263,0.618754506,0.113649972,0.049303375,0.283624858,0.467557341,0.064436831,0.23999999,0.46000001,0.40000001,0.61000001,0.38999999,0.75,0.090000004,0.38999999,,,1831232.5,1.9625115,2366.9346,84.526665
Urban,Assam,6.60245046,2.115938067,1.028717868,22.92992622,0.943193119,30.60597479,8.99746269,13.2136628,8.881279081,0.30200699,0.39438507,0.205859333,0.269035071,0.204099253,0.021776969,0.011620963,0.41868332,0.273232281,0.016168727,0.11811658,0.008144396,15644.79688,1.528669834,1.655044675,0.22890082,0.136845633,0.542045176,0.500617921,0.055465769,0.076427639,0.304931611,0.288537234,0.126593933,0.079999998,0.23,0.11,0.25999999,0.23999999,0.46000001,0.029999999,0.16,,,1831232.5,1.9625115,3210.738,114.6601
All,Assam,12.34765276,4.298422858,1.763597317,31.87712729,7.440409809,31.56186044,14.93241191,59.36610699,15.03738463,0.500756919,0.21664837,0.312341839,0.381634116,0.309737682,0.059235491,0.040318189,0.733277857,0.134624168,0.014142402,0.238770545,0.00716071,10541.00684,0.98815769,1.208057761,0.350294352,0.216070414,0.637745678,0.604532659,0.107849523,0.052078713,0.285871238,0.445786595,0.069329403,0.20999999,0.43000001,0.36000001,0.56999999,0.37,0.72000003,0.090000004,0.36000001,,,1831232.5,1.9625115,2427.4182,86.686623
Rural,Bihar,24.12932366,11.20897159,4.347765073,43.91128421,3.659801185,54.40142155,1.704400592,70.66609859,21.75294906,0.602115393,0.989220321,0.319522649,0.314317942,0.340337902,0.442178875,0.124821538,0.584202886,0.263594508,0.045556143,0.024785312,0.002732027,12054.7373,0.95067817,1.063650727,0.289973795,0.198775649,0.521696508,0.505796731,0.190899521,0.030477114,0.311254084,0.281663299,0.013180119,0.38,0.58999997,0.56999999,0.75999999,0.41,0.79000002,0.079999998,0.36000001,27.799999,13,2753584,2.9509854,2375.9395,84.848244
Urban,Bihar,12.49888688,7.396821678,3.01681906,32.87518919,3.705040365,31.37969673,1.396753918,23.85739684,12.1176213,0.398872524,0.987440944,0.212217122,0.204167634,0.255876392,0.29697299,0.064788301,0.337179691,0.440038472,0.055075321,0.040910807,0.004065203,13799.97266,1.361638546,1.438985825,0.191599727,0.130237877,0.428198427,0.39653039,0.084881775,0.073956467,0.277436018,0.154124454,0.081113301,0.16,0.31,0.23,0.40000001,0.37,0.67000002,0.050000001,0.23,27.799999,13,2753584,2.9509854,2671.9351,95.418671
All,Bihar,22.30044156,10.60951278,4.138474166,42.17586219,3.666914999,50.78126192,1.656023227,63.30544949,20.2377975,0.570409656,0.988942742,0.303372324,0.297421932,0.327625811,0.430775106,0.120106819,0.564802885,0.277451575,0.046303734,0.02605173,0.002836728,12433.63672,0.980897486,1.09125042,0.282739997,0.193735823,0.51236701,0.494893819,0.182423368,0.034102909,0.307866335,0.269531488,0.016875228,0.34999999,0.55000001,0.51999998,0.72000003,0.41,0.77999997,0.079999998,0.34999999,27.799999,13,2753584,2.9509854,2394.8201,85.522491
Rural,Chandigarh,0,10.67961156,3.883495182,18.44660193,0,52.42718458,0,5.825242773,1.941747591,0,1,0.352941185,0.052631579,0.235294119,0.003934377,0,0,0.097076163,0,0.048660412,0.004131728,12720.35059,1.948495388,2.099487782,0.0765692,0.000688025,,,,,,,,0.039999999,0.2,0.25,0.56999999,0.059999999,0.37,0,0,,,139528.59,0.14953125,3402.7271,121.51631
Urban,Chandigarh,4.584967345,3.86223495,1.124735642,21.52946591,0.041284441,17.27840453,3.259894997,5.198538303,0.564754335,0.082201064,0.993985534,0.208395138,0.096371993,0.236228317,0.008378673,0,0.006067531,0.019516014,0.010157555,0.0220447,0.00328171,24685.06836,2.372914314,2.407095909,0.058735326,0.036443353,0.545748353,0.492129654,0.01838286,0.09824805,0.202268034,0.312313855,0.19604066,0.039999999,0.11,0.039999999,0.090000004,0.16,0.38,0,0,,,139528.59,0.14953125,4882.2896,174.35364
All,Chandigarh,4.523243755,3.954011202,1.161874365,21.48796469,0.040728666,17.75158197,3.21600996,5.206974968,0.583291566,0.081430003,0.99404192,0.21024254,0.095826939,0.236216366,0.008210677,0,0.005838175,0.02244783,0.009773594,0.023050787,0.003313841,22564.12305,2.348595381,2.389470339,0.059757188,0.034394607,0.545748353,0.492129654,0.01838286,0.09824805,0.202268034,0.312313855,0.19604066,0.039999999,0.11,0.050000001,0.11,0.15000001,0.38,0,0,,,139528.59,0.14953125,4771.02,170.38004
Rural,Chhattisgarh,12.14030087,5.985134095,2.602070756,37.41309941,1.366194803,26.475963,9.869392216,80.32316566,12.13536933,0.91323626,0.995935261,0.374565333,0.458955944,0.34968996,0.923837304,0.083831285,0.805553079,0.236643463,0.061229434,0.616013348,0.05644992,6066.048828,0.462370574,0.755468845,0.689490914,0.470750749,0.662278175,0.628065884,0.34170565,0.051658496,0.248520553,0.504893899,0.039611001,0.22,0.47999999,0.44,0.64999998,0.38999999,0.79000002,0.22,0.50999999,55.200001,2,2024219.9,2.1693339,2110.2837,75.36129
Urban,Chhattisgarh,5.029311031,3.848370165,1.382251177,27.32259333,0.565438578,11.73311323,3.078472055,19.5830524,4.76199165,0.714938045,0.992333114,0.275973707,0.332832545,0.260539353,0.737815559,0.022261671,0.522403538,0.468380332,0.035565309,0.456463754,0.022678535,10413.18164,1.172816277,1.463329077,0.420567632,0.22746256,0.546211123,0.490078568,0.091329105,0.102767177,0.30032742,0.305607051,0.133994922,0.050000001,0.19,0.12,0.28,0.31,0.56999999,0.07,0.25,55.200001,2,2024219.9,2.1693339,2860.6836,102.15916
All,Chhattisgarh,10.56827158,5.512758717,2.332404628,35.18238664,1.189171243,23.21675271,8.368120342,66.89531803,10.50533354,0.868469238,0.995122015,0.351737052,0.429673821,0.32904768,0.887871623,0.07192733,0.750808537,0.281447798,0.056267496,0.585165799,0.049920514,6532.866211,0.577391028,0.870070696,0.645952523,0.431362629,0.638577998,0.599889696,0.299938917,0.060585056,0.258540273,0.465057969,0.052008972,0.18000001,0.41999999,0.37,0.56999999,0.38,0.74000001,0.19,0.46000001,55.200001,2,2024219.9,2.1693339,2215.1028,79.10453
Rural,Dadra & Nagar Haveli and Daman & Diu,9.841170907,3.218494728,1.914797723,44.67619658,0.52738646,36.98186278,7.896853983,39.55208063,17.8416729,0.529470325,0.992746651,0.314693123,0.506867409,0.332123578,0.361873895,0,0.285186857,0.007601317,0.006208573,0.222339571,0.014964336,,,,,,,,,,,,,0.22,0.47,0.46000001,0.63999999,0.40000001,0.70999998,0.19,0.41999999,,,,,2257.7422,80.627251
Urban,Dadra & Nagar Haveli and Daman & Diu,6.202181429,3.370344639,1.503208838,29.81466055,0.143655238,31.78589344,3.355497122,2.839357406,15.55165648,0.336255163,0.988220394,0.243252665,0.472984582,0.287696809,0.066428244,0,0.052642096,0.033783659,0.017495556,0.112457372,0.025271919,,,,,,,,,,,,,0.050000001,0.18000001,0.059999999,0.23,0.11,0.34,0.01,0.1,,,,,3318.7083,118.51588
All,Dadra & Nagar Haveli and Daman & Diu,8.153058589,3.28893736,1.723863371,37.78198957,0.349375093,34.57147479,5.790136755,22.52119631,16.77934378,0.426442891,0.99033314,0.279498875,0.489833027,0.310237288,0.193876818,0,0.152956635,0.022489188,0.012626607,0.159858063,0.020825461,,,,,,,,,,,,,0.14,0.34,0.23999999,0.41999999,0.28,0.55000001,0.090000004,0.23999999,,,,,2888.8733,103.16586
Rural,Delhi,3.049911745,1.288070064,1.905961707,20.35413086,0.065128581,12.54713982,2.216629311,1.932769828,2.319395356,0.243540406,0.981727242,0.343327969,0.451958328,0.404774755,0.06038918,0,0.118279897,0,0.483355045,0.004830193,0.001610064,19069.80078,1.716517329,1.811520815,0.050934002,0.000623868,0.525102913,0.493746042,0.028572045,0.05971561,0.323251009,0.17943272,0.19462274,0.02,0.07,0.029999999,0.12,0.050000001,0.31999999,0.01,0.07,,,2073981.8,2.2226632,2929.5681,104.61912
Urban,Delhi,4.392629489,2.804476954,1.364486758,20.43932825,0.143328274,19.42001581,1.909379661,0.884287152,4.52487357,0.128932387,0.992153883,0.190940127,0.23588571,0.22617273,0.067851722,0,0.150293887,0.0007749,0.411559731,0.005462718,0.001762026,17912.51953,1.591772676,1.63122201,0.095738798,0.065973766,0.461057574,0.445500016,0.048457034,0.03374321,0.225795686,0.182487026,0.025560724,0.029999999,0.11,0.039999999,0.19,0.11,0.28999999,0.02,0.1,,,2073981.8,2.2226632,3673.3237,131.17972
All,Delhi,4.359808564,2.767410316,1.377722342,20.43724507,0.141416781,19.25201714,1.916890033,0.909915939,4.470963404,0.13125439,0.991942644,0.194434404,0.240594223,0.230268091,0.067715593,0,0.149709895,0.000760765,0.412869394,0.00545118,0.001759254,17912.51953,1.594403863,1.635024905,0.094793752,0.064595371,0.462509423,0.446593702,0.047958668,0.034411661,0.228478119,0.182420388,0.02918924,0.029999999,0.11,0.039999999,0.19,0.1,0.28999999,0.02,0.1,,,2073981.8,2.2226632,3617.6677,129.19215
Rural,Goa,3.68944481,0.913096033,0.411408301,22.3017931,0,14.16427344,2.425623685,5.665533617,1.97795406,0.417593628,0.998494208,0.30678001,0.195855767,0.245178685,0.738543928,0,0.129795998,0,0.002760492,0.10193979,0.011817241,21730.59961,2.266919613,2.300829172,0.113425359,0.093002774,0.505853057,0.455485553,0.066339359,0.099569462,0.165542558,0.244728982,0.122837871,0.029999999,0.1,0.079999998,0.22,0.050000001,0.31999999,0,0.02,53.599998,3,374228.25,0.40105626,3960.1182,141.42155
Urban,Goa,1.743590645,0.556277065,0.368958199,18.78946573,0,10.95404327,0.898568612,0.477334531,1.626414433,0.246750414,0.997049212,0.304659903,0.1800991,0.255635858,0.529231966,0,0.12888056,0,0.003312044,0.147407115,0.011597863,21157.89648,2.621023655,2.644743919,0.068647854,0.047569215,0.505915463,0.46666491,0.021311125,0.077583298,0.263341874,0.290699542,0.185309708,0,0.059999999,0.039999999,0.11,0.050000001,0.19,0.01,0.01,53.599998,3,374228.25,0.40105626,4382.9873,156.52284
All,Goa,2.527759224,0.700073177,0.386065361,20.20491511,0,12.24774867,1.513963472,2.568150498,1.768082939,0.316131294,0.99763602,0.305490047,0.186387435,0.251541346,0.620411694,0,0.12927933,0,0.003071779,0.127600804,0.011693428,21604.80859,2.484782457,2.512423038,0.085875958,0.06504973,0.505889237,0.461962938,0.039984096,0.086829841,0.223371029,0.271507859,0.161801428,0.01,0.079999998,0.050000001,0.15000001,0.050000001,0.25999999,0.01,0.02,53.599998,3,374228.25,0.40105626,4137.8838,147.76982
Rural,Gujarat,10.33831984,6.157227606,2.347060293,44.46475208,3.767795861,36.74650192,8.176106215,55.35080433,16.38070345,0.450586021,0.984671116,0.34587577,0.502999425,0.326437503,0.662529707,0.001815199,0.166604146,0.035203706,0.007308745,0.234534085,0.017297249,9346.6875,0.836921394,1.023838282,0.4676193,0.328505158,0.678111911,0.668119311,0.233072713,0.014735887,0.239674479,0.507019579,0.00746405,0.20999999,0.47,0.33000001,0.57999998,0.34999999,0.69999999,0.039999999,0.28999999,50.5,5,9306908,9.9741096,2517.5818,89.906494
Urban,Gujarat,4.499176517,3.498942032,1.044400036,28.96468341,0.55998764,10.77398434,1.229212899,5.247257277,4.214763641,0.214818016,0.986708522,0.213968962,0.332759857,0.205462322,0.228463098,0,0.057243034,0.022679949,0.00971455,0.144807145,0.020387255,15344.68848,1.364911556,1.482759118,0.25132826,0.175043866,0.543635428,0.524358928,0.06269037,0.035458501,0.266703099,0.278046817,0.043728195,0.039999999,0.11,0.07,0.18000001,0.18000001,0.38999999,0.029999999,0.12,50.5,5,9306908,9.9741096,3336.2864,119.14362
All,Gujarat,7.939845324,5.065315589,1.811982319,38.09797764,2.450163104,26.07808411,5.322614685,34.77037251,11.38344631,0.349091679,0.985548198,0.290690422,0.430721998,0.27582559,0.488810182,0.001088731,0.122836299,0.030191522,0.008271581,0.198624104,0.018533912,11119.33984,1.037058949,1.197794676,0.385632992,0.27033481,0.620744705,0.606791675,0.170262396,0.022477947,0.250916123,0.410977006,0.017755054,0.14,0.31999999,0.22,0.41,0.28,0.57999998,0.039999999,0.22,50.5,5,9306908,9.9741096,2794.8945,99.809738
Rural,Haryana,5.985795334,4.616883025,2.122780494,28.77037525,0.498474808,15.48547447,8.942996711,59.83303785,5.940575898,0.27966398,0.994884729,0.323572457,0.397727877,0.314896911,0.441845953,0.000813688,0.255611718,0.242986187,0.01039208,0.136247322,0.015441331,13649.56543,1.292409658,1.402541518,0.235376984,0.152168408,0.4821845,0.458631486,0.132280111,0.048846453,0.309015781,0.233013928,0.028860545,0.090000004,0.30000001,0.13,0.38,0.11,0.37,0.039999999,0.16,27.4,14,3534732,3.7881329,3242.5161,115.79495
Urban,Haryana,4.561418667,3.661050275,1.260704175,20.74057907,0.202667317,14.43035454,2.057364397,10.75088754,3.731519729,0.197521165,0.994909585,0.219956726,0.260863215,0.219417974,0.20377335,0,0.134449691,0.272676945,0.011072404,0.100333527,0.003916104,17137.89453,1.822360992,1.913556337,0.141259015,0.07385575,0.479349971,0.456985205,0.059241708,0.046656437,0.241432801,0.201947495,0.038813084,0.039999999,0.14,0.07,0.19,0.090000004,0.25,0.029999999,0.11,27.4,14,3534732,3.7881329,4007.0898,143.09898
All,Haryana,5.524732172,4.307484999,1.843730919,26.17117167,0.402723486,15.14393687,6.714154035,43.94540191,5.225515738,0.250739813,0.994893491,0.289020717,0.351155907,0.283058465,0.354983866,0.000516809,0.211405098,0.253819019,0.0106403,0.123143978,0.01123629,15644.79688,1.485078812,1.588326097,0.201159447,0.123697042,0.481071353,0.457984984,0.103659868,0.047989491,0.282713264,0.220854133,0.032422613,0.07,0.25,0.11,0.31,0.11,0.33000001,0.039999999,0.14,27.4,14,3534732,3.7881329,3439.0591,122.81378
Rural,Himachal Pradesh,4.901954159,0.845700968,1.17129311,24.33661371,0.461655203,18.6607033,5.442658439,59.55459476,6.938928366,0.208448216,0.995701075,0.290364385,0.419426203,0.261358351,0.887514055,0.001935853,0.066994712,0.615770519,0.729152799,0.411261886,0.04111046,7738.213379,0.771544576,0.959833264,0.575163424,0.443618,0.701655388,0.648020506,0.197061256,0.076440521,0.24763912,0.623646796,0.090435237,0.059999999,0.25,0.090000004,0.31,0.050000001,0.28999999,0.01,0.059999999,,,931463.38,0.99823892,3615.1602,129.10262
Urban,Himachal Pradesh,2.778236195,1.316856872,0.341698923,13.6467889,1.093076356,15.47667831,3.073682822,6.595760584,5.443560332,0.080882087,0.998295903,0.233110815,0.199179426,0.219517723,0.521442652,0,0.016160648,0.518722713,0.520899653,0.273443997,0.024138434,15941.33691,2.025566101,2.147826672,0.191238329,0.108687058,0.623321176,0.56790036,0.066212878,0.088912174,0.176557347,0.431527555,0.179796845,0.02,0.079999998,0.02,0.1,0.039999999,0.16,0.02,0.050000001,,,931463.38,0.99823892,4453.9097,159.05556
All,Himachal Pradesh,4.628386721,0.906393118,1.064428501,22.9595989,0.542992027,18.25055182,5.137497559,52.73267627,6.7463018,0.189977884,0.996076763,0.282996982,0.389654428,0.255974293,0.84958142,0.001735258,0.061727244,0.605714321,0.707573414,0.39698109,0.039351806,8727.631836,0.862079561,1.045601368,0.547445714,0.419437438,0.691942632,0.638086259,0.182621703,0.077833548,0.236926541,0.60332793,0.097195052,0.050000001,0.23,0.079999998,0.28999999,0.050000001,0.28,0.01,0.059999999,,,931463.38,0.99823892,3686.887,131.66408
Rural,India,13.76697123,6.08526282,2.386407927,35.01276374,4.299030825,35.15242636,9.317580611,58.61680508,12.59544641,0.535749197,0.963957727,0.338790268,0.385764837,0.32961154,0.458168954,0.062459544,0.554675639,0.216804624,0.157503396,0.271913499,0.020179288,9540.262695,0.837492526,1.017843604,0.439092994,0.300428927,0.589432001,0.56466943,0.202369943,0.042010989,0.288367629,0.39650479,0.038984984,0.20999999,0.44,0.37,0.58999997,0.31,0.64999998,0.059999999,0.28,,,93310664,100,2615.0027,93.385536
Urban,India,6.090090424,3.433036804,1.332373917,23.77061695,0.969314296,18.86748672,2.84733288,10.91016829,4.708899558,0.330067694,0.983562768,0.212952271,0.262889236,0.216240406,0.324729145,0.028447053,0.322402924,0.253153443,0.168380767,0.18031159,0.016320296,15548.38672,1.558676481,1.721192241,0.244276091,0.135610834,0.507970273,0.474049181,0.064868048,0.066777647,0.275949597,0.261182398,0.086839624,0.059999999,0.16,0.090000004,0.23,0.17,0.40000001,0.029999999,0.14,,,93310664,100,3408.6965,121.72949
All,India,11.40130237,5.267966166,2.061602101,31.54844046,3.272962198,30.13414145,7.323741913,43.91576946,10.1651676,0.467509359,0.970462203,0.298906654,0.346071571,0.293679208,0.420354515,0.052821016,0.488853753,0.227105215,0.16058585,0.245955154,0.019085718,10844.25781,1.026369333,1.202049375,0.388070762,0.257263333,0.564487815,0.536920786,0.165196046,0.048835434,0.28470239,0.355689824,0.049583524,0.16,0.34999999,0.28,0.47,0.27000001,0.57999998,0.050000001,0.23999999,,,93310664,100,2800.2224,100
Rural,Jammu and Kashmir,4.787199944,3.37548703,0.814846717,16.54430032,1.005038712,27.79524326,13.37209791,41.85527563,10.23464575,0.618180275,0.995737553,0.18835482,0.222978905,0.239207014,0.593229115,0.006917276,0.44302094,0.355083525,0.012239942,0.738074124,0.073536068,11344.69531,0.974974513,1.134325027,0.421875626,0.28672868,0.614374578,0.574530602,0.11760518,0.064852953,0.216749221,0.492899418,0.079630278,0.079999998,0.20999999,0.2,0.41,0.07,0.31999999,0.01,0.17,,,675785.38,0.72423166,3203.6895,114.40839
Urban,Jammu and Kashmir,2.724602632,1.682324335,0.492559467,12.70370036,0.06003704,14.28743303,1.819743775,4.713558406,1.733446121,0.412418097,0.994591832,0.125630826,0.17476128,0.15000765,0.420570284,0.002589019,0.19178924,0.403989255,0.019161774,0.694999278,0.045904394,16687.7832,1.484056473,1.648066759,0.226267248,0.115643471,0.529683232,0.468221784,0.053669285,0.116034329,0.221436635,0.302673995,0.288680702,0.02,0.059999999,0.050000001,0.14,0.059999999,0.23999999,0.01,0.059999999,,,675785.38,0.72423166,4032.6914,144.01324
All,Jammu and Kashmir,4.252594337,2.936635539,0.731312949,15.54885358,0.760103343,24.29414839,10.37783772,32.22849667,8.031215519,0.560708523,0.995417535,0.171959132,0.209855884,0.215890825,0.554937124,0.005957362,0.387303174,0.365929753,0.013775055,0.728521049,0.067407958,12423.3291,1.049414039,1.209445953,0.393273145,0.261712074,0.597620249,0.553499699,0.106905587,0.073827058,0.217563987,0.455375254,0.107039638,0.059999999,0.17,0.15000001,0.33000001,0.07,0.30000001,0.01,0.15000001,,,675785.38,0.72423166,3327.9304,118.84522
Rural,Jharkhand,19.09308136,9.876748919,2.933307365,44.54879463,7.101714611,49.22611117,21.39280289,80.99973798,18.17337722,0.658262849,0.993715703,0.412290663,0.284961432,0.365065902,0.728662968,0.217213577,0.206865817,0.08115156,0.193062097,0.070253842,0.009638526,8344.445313,0.713271856,0.868457198,0.522453606,0.38510856,0.568713069,0.561259091,0.2527574,0.013106771,0.277189672,0.377378017,0.000734502,0.37,0.62,0.56,0.76999998,0.50999999,0.86000001,0.19,0.47999999,51.599998,4,1657278.9,1.7760873,2103.5911,75.122284
Urban,Jharkhand,6.564608216,3.747869655,1.371333655,26.47223473,0.970602501,24.03633446,9.443743527,30.07454574,6.612185389,0.400827467,0.995393038,0.209376529,0.158852518,0.218258947,0.396158934,0.030732025,0.091633298,0.113643147,0.204490855,0.041449212,0.007383848,14546.05371,1.453377128,1.582600117,0.27769348,0.174919367,0.430602163,0.398199797,0.081873693,0.075249009,0.281655759,0.178260371,0.066910453,0.090000004,0.23999999,0.17,0.36000001,0.27000001,0.47,0.079999998,0.25,51.599998,4,1657278.9,1.7760873,2985.6733,106.62272
All,Jharkhand,16.16994292,8.446761966,2.568868361,40.3311789,5.671206489,43.34884286,18.60485375,69.11789179,15.4759258,0.596288681,0.994119465,0.365145624,0.255127639,0.330956787,0.667050481,0.182658808,0.185513392,0.087172203,0.195179835,0.064916387,0.009220737,9001.705078,0.821880519,0.973255932,0.486535668,0.354263812,0.540643215,0.52811873,0.226570636,0.023165988,0.278074771,0.3382999,0.00757798,0.31,0.52999997,0.47,0.67000002,0.46000001,0.76999998,0.17,0.44,51.599998,4,1657278.9,1.7760873,2222.0688,79.353302
Rural,Karnataka,8.99618715,2.896650881,1.486914326,34.04883146,0.965845026,31.60350025,8.834403008,31.60321414,9.316128492,0.898406088,0.990780771,0.320862621,0.625177026,0.312591672,0.03230397,0.010205707,0.885095894,0.017425833,0.093937337,0.294661403,0.013610319,12433.63672,1.049387455,1.20592773,0.363296717,0.241090968,0.57575959,0.563005686,0.205804899,0.022151528,0.24458608,0.402338833,0.012647348,0.12,0.34,0.25,0.47999999,0.12,0.5,0.01,0.12,40.799999,10,5741303,6.1528907,3039.1641,108.53295
Urban,Karnataka,4.250061885,1.872494631,0.975003466,23.47487807,0.762382615,16.2456736,4.244762287,5.40342629,4.129796848,0.654316723,0.989883184,0.25898999,0.471991211,0.259583265,0.034605954,0.000734576,0.489866108,0.002429909,0.018267261,0.134155229,0.005703226,18512.86523,2.0781703,2.214117527,0.174522802,0.090764612,0.51067394,0.486874551,0.045683905,0.046603858,0.243029267,0.275690585,0.047220897,0.029999999,0.14,0.059999999,0.19,0.15000001,0.37,0.01,0.07,40.799999,10,5741303,6.1528907,3939.7048,140.69257
All,Karnataka,7.159145921,2.50023976,1.288773492,29.95606363,0.887092669,25.65908134,7.057931274,21.46229446,7.308701426,0.797524929,0.990409791,0.295958906,0.562255144,0.291255802,0.033137418,0.006776617,0.742000163,0.011996453,0.06654045,0.236549005,0.0107475,13950.64355,1.402538419,1.552009702,0.298496157,0.189488336,0.551109195,0.534171879,0.150530577,0.030733071,0.243951082,0.354856253,0.022717787,0.079999998,0.25999999,0.17,0.36000001,0.13,0.46000001,0.01,0.1,40.799999,10,5741303,6.1528907,3262.5281,116.50961
Rural,Kerala,3.024294227,0.252875197,0.195382442,17.74909794,0.677732704,1.548038423,6.807506084,33.38807821,3.71302478,0.508200169,0.990635574,0.250004321,0.579134226,0.228476122,0.861632049,0.296832111,0.214750439,0.001106232,0.005916788,0.365415603,0.046269391,14366.95703,1.328903794,1.438145995,0.229978904,0.134191349,0.523710191,0.470901161,0.048670925,0.100836374,0.326643258,0.354480565,0.147422746,0.01,0.11,0.01,0.13,0.059999999,0.25999999,0.01,0.090000004,25.4,15,3264067.8,3.498065,3637.9006,129.9147
Urban,Kerala,1.897353679,0.247456715,0.21288672,15.19066095,0.105399278,1.028609928,3.85613367,22.41734713,2.349067852,0.407447875,0.987727821,0.213398501,0.552861214,0.209797964,0.744188786,0.237154324,0.157173768,6.39124E-05,0.006838519,0.21666038,0.027454877,16106.4668,1.548016191,1.703072548,0.228839949,0.122384101,0.492606878,0.44460538,0.033183947,0.097443797,0.232500538,0.314008415,0.143936276,0,0.07,0.01,0.090000004,0.07,0.25,0.02,0.1,25.4,15,3264067.8,3.498065,3934.5503,140.50848
All,Kerala,2.489135414,0.250302069,0.203694846,16.53415412,0.405944418,1.301373448,5.405965447,28.1783253,3.065312095,0.46051532,0.989259362,0.232613415,0.566689074,0.219602406,0.807480335,0.26931538,0.188202515,0.00062563,0.006341788,0.296826303,0.037594236,15550.59473,1.425008297,1.554344893,0.229479358,0.1290126,0.508893549,0.458374679,0.04151503,0.099271975,0.281625837,0.335065246,0.145855322,0.01,0.090000004,0.01,0.11,0.059999999,0.25,0.01,0.090000004,25.4,15,3264067.8,3.498065,3746.1804,133.78152
Rural,Ladakh,4.101693258,3.038706258,0.794393569,15.0974378,0.409039203,65.03844857,17.71396846,29.70548272,3.817862645,0.644899487,0.993881404,0.237922609,0.246585757,0.250852823,0.872376025,0.385892001,0.313173801,0.766030073,0.014092084,0.646400213,0.050263967,,,,,,,,,,,,,0.079999998,0.22,,,0,0.18000001,0.1,0.28999999,,,0,0,3164.1011,112.99463
Urban,Ladakh,4.174116999,1.996250451,1.369251497,13.21596652,0.885006599,25.63971579,5.750546604,1.661770791,1.110822055,0.524528384,0.98178798,0.23476027,0.283043563,0.273561597,0.76757133,0.142972368,0.102687471,0.702356339,0.00307486,0.715043426,0.020560009,,,,,,,,,,,,,0.02,0.12,,,0.02,0.11,0.039999999,0.13,,,0,0,3841.4055,137.18216
All,Ladakh,4.115407541,2.841305174,0.903249532,14.74115849,0.499169109,57.57784247,15.44855535,24.39508289,3.305253386,0.621846259,0.991565287,0.237332523,0.253428161,0.255090237,0.858815789,0.3544616,0.285939813,0.757791579,0.01266661,0.655281723,0.04642069,,,,,,,,,,,,,0.07,0.2,,,0,0.17,0.090000004,0.27000001,,,0,0,3201.8066,114.34115
Rural,Lakshadweep,1.157868002,0,1.483408082,32.23680258,0,0,13.67131621,65.71909189,5.230275542,0.403519869,1,0.384087861,0.354081988,0.154159158,0.819982469,0.167260303,0.201870516,0,0,0.017386338,0,19916.52344,1.985047698,2.043581724,0.220313087,0.161778986,0.563262224,0.480066299,0.010486669,0.147703722,0.380329669,0.186664611,0.53611207,0.01,0.28999999,0.02,0.28,0,0.039999999,0,0.029999999,,,0,0,4193.3755,149.75153
Urban,Lakshadweep,2.031031065,1.06705809,0,22.52783626,0.280654849,0.258812262,5.500007421,26.89931393,0.726426952,0.360866219,0.991919816,0.349784911,0.38283056,0.267894328,0.890899003,0,0.110348456,0,0.001260048,0.087538265,0.003956399,17984.21094,1.82718575,1.900794506,0.187123939,0.113515206,0.445991516,0.35610047,0.016200854,0.20155327,0.463149905,0.153031424,0.357038826,0.01,0.11,0.02,0.23,0,0.12,0,0.029999999,,,0,0,3901.686,139.33485
All,Lakshadweep,1.841858216,0.835877471,0.321383798,24.63130653,0.219850335,0.202739984,7.270339876,35.30970812,1.702196151,0.369686723,0.993590772,0.357742995,0.376546532,0.241508469,0.873714924,0.040529572,0.132525563,0,0.00095472,0.070539445,0.002997707,18773.75586,1.866295338,1.936169386,0.1953464,0.125472337,0.479834616,0.391875714,0.014180684,0.183310881,0.438872188,0.161872566,0.411321342,0.01,0.15000001,0.02,0.23999999,0,0.079999998,0,0.029999999,,,0,0,4091.7512,146.12238
Rural,Madhya Pradesh,14.42513317,7.59947747,2.522900142,37.08815873,1.916547492,41.1003679,26.98260844,76.19312406,19.56893355,0.60667628,0.993142366,0.374136984,0.351269871,0.353506655,0.615712762,0.014253873,0.344719559,0.124289624,0.237704128,0.46572566,0.017183926,8385.904297,0.638526261,0.852951527,0.557565928,0.386835903,0.648639143,0.634649575,0.314786345,0.021567548,0.274732232,0.443824202,0.02479808,0.30000001,0.55000001,0.51999998,0.74000001,0.47999999,0.77999997,0.059999999,0.27000001,42.200001,9,4362210.5,4.6749325,2450.8816,87.524536
Urban,Madhya Pradesh,5.586902797,4.282737151,1.729864627,27.56816447,0.592371915,19.39739883,6.570769101,16.73149318,5.863102153,0.418589652,0.993081272,0.311103195,0.303259879,0.295631111,0.363708794,0.007514771,0.132502347,0.244983301,0.166577429,0.272731513,0.017081935,11386.66992,1.306053877,1.580328345,0.378058314,0.188640043,0.508999884,0.48301506,0.116961695,0.051050827,0.285603493,0.246896639,0.044524159,0.079999998,0.2,0.14,0.31,0.28999999,0.54000002,0.029999999,0.22,42.200001,9,4362210.5,4.6749325,2933.5674,104.76194
All,Madhya Pradesh,12.15338409,6.746953726,2.319061011,34.6411705,1.576185971,35.52190959,21.73601836,60.909307,16.04603231,0.555571079,0.993125796,0.357452005,0.338254362,0.338187069,0.552462161,0.012562423,0.29145506,0.15458259,0.219852015,0.417285979,0.017158328,9040.757813,0.778704226,1.005697489,0.519870102,0.345215619,0.61177808,0.594622076,0.272367388,0.028042844,0.277495354,0.390901774,0.02814636,0.23999999,0.46000001,0.41,0.62,0.43000001,0.72000003,0.050000001,0.25999999,42.200001,9,4362210.5,4.6749325,2552.8413,91.165665
Rural,Maharashtra,7.949101925,2.554779686,1.238154341,36.51149869,3.278157488,30.63382506,15.90530425,33.14446509,13.72487098,0.471252531,0.993583739,0.268439442,0.29127115,0.283241004,0.525824368,0.000561134,0.401167631,0.29060024,0.015956666,0.08255209,0.01097018,9486.90625,0.773937047,0.9502244,0.478932381,0.339801729,0.608268976,0.585096836,0.210732073,0.038095225,0.236161709,0.441891104,0.032487638,0.13,0.34999999,0.27000001,0.51999998,0.23,0.63,0.079999998,0.31999999,50.299999,6,10582448,11.341092,2560.407,91.435844
Urban,Maharashtra,3.272286803,2.077288553,0.943500735,26.98190808,1.008020714,25.41642785,1.313090045,3.233408928,5.306760222,0.215830892,0.992288351,0.102757417,0.13346304,0.135409519,0.272798777,0,0.146811053,0.180965364,0.014504244,0.022492876,0.007002582,16500.51758,1.786944866,1.893371463,0.170072168,0.096875414,0.530991673,0.494394124,0.050061513,0.068923064,0.246239498,0.28497687,0.075139187,0.029999999,0.14,0.059999999,0.20999999,0.11,0.34,0.039999999,0.18000001,50.299999,6,10582448,11.341092,3343.3022,119.39417
All,Maharashtra,5.909208953,2.346511744,1.109634805,32.35496283,2.287988551,28.35814357,9.540596604,20.0981155,10.05313173,0.350047231,0.992969036,0.193928286,0.218120635,0.216757655,0.418977648,0.00032418,0.293758869,0.244304016,0.015343343,0.057190508,0.009294758,12578.85645,1.151585698,1.3018291,0.363789499,0.249238953,0.575214446,0.546299696,0.148536742,0.050267737,0.240619823,0.375833869,0.046102285,0.090000004,0.25999999,0.17,0.38,0.18000001,0.5,0.07,0.25999999,50.299999,6,10582448,11.341092,2850.5854,101.79854
Rural,Manipur,6.122110784,2.741150185,1.950442232,19.55923736,2.550497651,32.6405704,34.33010578,37.95093,15.46176523,0.47183612,0.985730112,0.200224757,0.105901547,0.256355196,0.796798587,0.000608425,0.093286969,0.179562837,0.022424603,0.175173685,0.012247041,13632.54199,1.323462844,1.478889108,0.237799406,0.128076747,0.593177915,0.564634204,0.110057056,0.048119999,0.183202505,0.477174699,0.047846511,0.13,0.33000001,0.25999999,0.51999998,0.51999998,0.81,0.090000004,0.36000001,,,121851,0.13058636,2302.7583,82.234833
Urban,Manipur,2.062277682,1.650947332,1.192486845,15.05389363,0.943857525,39.60961998,14.30035979,13.66547048,7.961690426,0.388102442,0.990041196,0.166925564,0.074272476,0.214059725,0.688243628,0.002475198,0.180430233,0.178573623,0.006528977,0.155625775,0.01143054,14382.69922,1.539057016,1.705282688,0.217603907,0.110802166,0.564751446,0.524533987,0.070805699,0.071212657,0.199025527,0.449388683,0.087755702,0.039999999,0.18000001,0.14,0.33000001,0.56999999,0.83999997,0.050000001,0.28,,,121851,0.13058636,2372.8008,84.736153
All,Manipur,4.585440457,2.328502201,1.663551666,17.85393804,1.942375116,35.2783978,26.74873173,28.75874341,12.62294352,0.44009617,0.987364233,0.187797368,0.09383788,0.240570351,0.767549336,0.001111412,0.116767026,0.1792963,0.018141653,0.169906646,0.012027041,13764.89648,1.38381505,1.542264462,0.232145995,0.123240992,0.584790409,0.552802205,0.099067777,0.05470024,0.187764511,0.468896121,0.059242412,0.1,0.27000001,0.20999999,0.44999999,0.52999997,0.81999999,0.079999998,0.33000001,,,121851,0.13058636,2321.948,82.920135
Rural,Meghalaya,19.68111992,8.548030257,3.407267481,37.41672635,9.451977909,16.70733243,26.7067641,78.37452888,42.34455228,0.649825096,0.435515434,0.382556766,0.301789641,0.416222155,0.736080229,0.067469464,0.136105433,0.022072481,0.025558798,0.294431835,0.018940492,10842.17773,1.133715391,1.244357824,0.371481806,0.286620229,0.797764361,0.756694973,0.08957985,0.051480643,0.137791321,0.749868512,0.067580089,0.31,0.54000002,0.38,0.63999999,0.19,0.68000001,0.11,0.37,,,165283.95,0.17713298,2491.0708,88.959747
Urban,Meghalaya,4.203071818,2.398160286,1.147869509,24.30988401,2.95551084,18.61546189,7.683315128,22.49622643,15.31577408,0.403272778,0.635281026,0.117626116,0.135547221,0.160047948,0.467567772,0.024824599,0.01509175,0.053760596,0.007725191,0.30813843,0.035328127,16297.04492,2.164814472,2.360668421,0.19498381,0.079154804,0.578335702,0.496830463,0.037806291,0.140930682,0.179577023,0.476793766,0.207079917,0.079999998,0.2,0.1,0.23999999,0.12,0.31,0.029999999,0.1,,,165283.95,0.17713298,3463.1038,123.67245
All,Meghalaya,16.72268361,7.372559607,2.975411899,34.91151631,8.210258931,17.07204729,23.07066917,67.6940918,37.17833757,0.596241653,0.478930652,0.331974477,0.267429739,0.367311716,0.697184145,0.06129203,0.118575685,0.026662746,0.022975463,0.296417356,0.021314366,11231.12305,1.269201875,1.39104116,0.348289967,0.25935927,0.760546148,0.712618232,0.083457448,0.063017771,0.144976333,0.701922655,0.084217466,0.27000001,0.47,0.33000001,0.56,0.18000001,0.60000002,0.1,0.33000001,,,165283.95,0.17713298,2632.3547,94.005203
Rural,Mizoram,12.30338588,3.931168467,1.203467138,19.89585906,3.576026484,6.750414521,8.013633639,34.82204378,22.98332751,0.407192469,0.968287408,0.388379484,0.111274265,0.372321576,0.891813397,0.087895225,0.153259099,0.669252515,0.007716607,0.008439628,0.005876554,16865.61133,1.402199268,1.5023489,0.299307555,0.238054499,0.557470083,0.549700677,0.21743232,0.013936922,0.100326136,0.427512169,0.011616596,0.11,0.25999999,0.2,0.40000001,0.16,0.51999998,0.029999999,0.16,,,133113.56,0.14265633,2946.9243,105.23894
Urban,Mizoram,1.969894581,1.246338803,0.689466158,12.31146529,0.46771043,2.871179394,2.054248191,1.949614845,3.391110152,0.143347487,0.968464136,0.284525752,0.080805518,0.265662581,0.942914367,0.048456906,0.098022342,0.734541774,0.006934939,0.02114206,0.007369052,22219.75977,1.944171071,2.007389784,0.157774344,0.121075571,0.525992215,0.507036328,0.100993007,0.036038321,0.098766878,0.408180803,0.042966682,0.01,0.050000001,0.01,0.079999998,0.090000004,0.27000001,0.01,0.050000001,,,133113.56,0.14265633,3790.8811,135.37787
All,Mizoram,6.766407192,2.49256026,0.928050745,15.83192497,1.910502277,4.671809822,4.820425063,17.20806062,12.48525977,0.262047887,0.968384624,0.333677709,0.094449051,0.316142201,0.914337039,0.070512113,0.128912553,0.698029876,0.007372073,0.014038442,0.006534398,20342.49219,1.639719009,1.723683596,0.237280473,0.186788365,0.54306376,0.530174673,0.16646786,0.023733988,0.099606954,0.418367893,0.026084982,0.059999999,0.15000001,0.1,0.22,0.13,0.40000001,0.02,0.11,,,133113.56,0.14265633,3281.4438,117.18511
Rural,Nagaland,13.23977113,5.18444255,1.866387576,21.59676701,1.976823807,9.556411207,12.16057613,74.71591234,38.79552484,0.786160767,0.970168829,0.130693078,0.120165087,0.291472852,0.482376754,0,0.435864896,0.070642158,0.001169624,0.310599476,0.009183222,12251.77832,1.163123727,1.306433916,0.408675283,0.310844272,0.753657281,0.706967413,0.176687747,0.061951023,0.279316574,0.658738673,0.061824817,0.22,0.38999999,0.31,0.5,0.12,0.50999999,0.07,0.30000001,,,102806.01,0.11017606,2767.3162,98.824867
Urban,Nagaland,4.791303724,3.010908514,0.489116507,18.52908581,0.366269285,17.82462001,6.908296794,18.40990931,10.13154984,0.462333292,0.982881665,0.053964976,0.054810669,0.135963842,0.388283104,0.004913877,0.402909279,0.147548914,0.005373018,0.169284776,0.013558906,17984.21094,1.947655916,2.039114952,0.192751095,0.131421179,0.62934345,0.555123389,0.041229013,0.117932536,0.240542546,0.504466176,0.124731436,0.059999999,0.18000001,0.11,0.23999999,0.23999999,0.44,0.01,0.07,,,102806.01,0.11017606,3424.3774,122.28948
All,Nagaland,10.50591245,4.481103644,1.420713402,20.6040889,1.455660909,12.23193929,10.46097949,56.49573207,29.52008545,0.681645453,0.974271894,0.106036387,0.098283745,0.241499797,0.457776546,0.001284702,0.427248865,0.090748943,0.002268575,0.273653656,0.010327217,13165.7793,1.344294667,1.475630999,0.358812183,0.269410342,0.717847824,0.663227737,0.144028068,0.076088704,0.266195804,0.615405738,0.076309092,0.17,0.33000001,0.23999999,0.41,0.17,0.47999999,0.050000001,0.23999999,,,102806.01,0.11017606,2920.095,104.28082
Rural,Odisha,14.92652148,4.302702472,1.709195971,32.89984763,3.462567553,42.15646386,15.20677209,74.4361043,13.75165731,0.533114851,0.994054377,0.42464301,0.576672077,0.400975883,0.616782069,0.08027152,0.392943442,0.18448393,0.02460267,0.606310606,0.020597102,7861.785156,0.678718686,0.896030724,0.537660122,0.357855946,0.597264528,0.569348097,0.232818738,0.046740457,0.341390759,0.403315216,0.035496645,0.23999999,0.44999999,0.40000001,0.60000002,0.47,0.79000002,0.1,0.41,67.800003,1,3078629.8,3.2993333,2249.1389,80.320015
Urban,Odisha,5.966648832,2.07611192,0.927051809,20.24855912,0.975074153,28.25240791,5.217441171,23.31484854,5.001505837,0.294786185,0.994959295,0.322481364,0.429881752,0.287174523,0.389943451,0.01448547,0.217784449,0.380334318,0.014197788,0.327636153,0.014558484,14312.50195,1.517961025,1.700611234,0.303609997,0.171359286,0.516592681,0.474537104,0.073760681,0.081409536,0.313881248,0.287000716,0.106618136,0.07,0.18000001,0.14,0.28,0.25,0.55000001,0.059999999,0.23999999,67.800003,1,3078629.8,3.2993333,2875.6162,102.69242
All,Odisha,13.43965083,3.93320471,1.579400897,30.8003962,3.049773909,39.84912038,13.54906559,65.95264673,12.29958981,0.492669225,0.994207919,0.407057315,0.551621556,0.381386548,0.583925545,0.070742727,0.367572516,0.212851912,0.023095572,0.565945923,0.019722437,8432.805664,0.788215935,1.00100553,0.507123291,0.333523452,0.584758103,0.554649711,0.211721838,0.051488627,0.336964756,0.386101067,0.043320745,0.20999999,0.40000001,0.36000001,0.55000001,0.44,0.75999999,0.090000004,0.38999999,67.800003,1,3078629.8,3.2993333,2320.0164,82.851143
Rural,Puducherry,4.802833125,0,0.307841203,15.75880796,0.31958858,25.93191862,1.437494624,9.843470156,2.968312614,0.212563783,0.997439206,0.234892845,0.147990406,0.165718034,0.203035712,0,0.348377854,0.902173579,0.053057987,0.079967856,0,12054.7373,1.558763146,1.77908504,0.308512211,0.13963145,0.539301336,0.519154966,0.010208385,0.037356403,0.204870492,0.363824725,0.054640856,0.02,0.1,0.07,0.20999999,0.039999999,0.20999999,0.01,0.029999999,,,194240.22,0.20816508,3604.2456,128.71283
Urban,Puducherry,2.776413783,2.416914888,0.199422822,13.01041096,0.047088493,10.41235328,2.534307539,2.416380495,1.703042164,0.189564154,0.995513201,0.247512043,0.218837306,0.217402875,0.102248058,0,0.144559324,0.844015002,0.022520382,0.059123147,0.002632135,19571.05469,2.10665679,2.176830769,0.120616563,0.072923481,0.480637282,0.442719698,0.024376081,0.078890264,0.252861977,0.282335818,0.072816662,0.01,0.07,0.02,0.11,0.02,0.11,0.01,0.050000001,,,194240.22,0.20816508,4541.0171,162.16629
All,Puducherry,3.406484798,1.665427908,0.233133161,13.86496574,0.131816452,15.23782313,2.193277515,4.725671932,2.096450515,0.196598649,0.996102273,0.243718117,0.196961284,0.201863974,0.135836154,0,0.212483093,0.863396704,0.032697227,0.066069774,0.00175496,15670.80469,1.870048523,2.005064011,0.201759428,0.101731367,0.502951443,0.471793503,0.01844611,0.061950162,0.235068798,0.312290519,0.065032832,0.01,0.079999998,0.029999999,0.14,0.029999999,0.15000001,0.01,0.039999999,,,194240.22,0.20816508,4210.9404,150.37878
Rural,Punjab,6.716553867,2.408033982,1.532789599,21.60768658,0.386616774,14.11613673,2.293472365,35.77228785,1.665667817,0.244288445,0.992658138,0.24906455,0.176651075,0.245212048,0.398778051,0.001916416,0.197802871,0.43997094,0.783271432,0.125351682,0.012098073,11002.52148,1.054251075,1.192774653,0.294666052,0.190431401,0.560910702,0.517763197,0.105222784,0.076924071,0.329786718,0.32634443,0.087203696,0.050000001,0.2,0.07,0.25,0.090000004,0.34999999,0.01,0.079999998,10.7,18,2848066.5,3.0522411,3473.9622,124.06022
Urban,Punjab,6.835589558,3.373475745,0.995775033,19.49741393,0.251516583,13.02171648,1.071153488,7.136058062,1.491037849,0.173362613,0.990631521,0.13785775,0.121743709,0.137876704,0.192172632,0,0.151627034,0.432440758,0.702780604,0.053973433,0.008992878,13621.53125,1.351911902,1.489216685,0.236292496,0.139807463,0.522943974,0.486919075,0.064122394,0.068888672,0.29521817,0.237712264,0.100919455,0.039999999,0.11,0.039999999,0.11,0.1,0.33000001,0.01,0.079999998,10.7,18,2848066.5,3.0522411,3760.1138,134.27911
All,Punjab,6.759826839,2.759003639,1.337567344,20.84053308,0.337503455,13.7182802,1.849119551,25.36208332,1.602184214,0.216409788,0.991861522,0.208334208,0.156296462,0.205899656,0.325325102,0.001235086,0.181386307,0.437293798,0.754655123,0.099975087,0.010994106,12433.63672,1.160969496,1.299056053,0.273737758,0.172281533,0.546482503,0.506041706,0.09019392,0.074001968,0.315627694,0.293397814,0.091334499,0.050000001,0.17,0.059999999,0.19,0.090000004,0.34,0.01,0.079999998,10.7,18,2848066.5,3.0522411,3566.4331,127.3625
Rural,Rajasthan,11.59037948,4.679132998,2.289209329,36.16299331,2.324537002,34.04081762,12.76571602,74.99859333,13.07574362,0.282171249,0.995699406,0.336265951,0.306016803,0.309383303,0.406181186,0.00019722,0.472096384,0.062578507,0.759763718,0.361377835,0.066912591,10594.33398,0.665257454,0.8317101,0.482171446,0.35273546,0.622007847,0.590225637,0.301660627,0.051096216,0.273601264,0.470311135,0.039563715,0.2,0.46000001,0.38999999,0.63,0.22,0.57999998,0.07,0.25,28.6,12,5199396.5,5.5721354,2758.0146,98.492699
Urban,Rajasthan,5.062009767,2.85063684,1.68248862,27.3657918,0.335780834,12.68862039,1.995223761,13.70254159,3.251707181,0.153093591,0.997196853,0.227357551,0.186914891,0.21901454,0.235691771,0,0.208805144,0.063583679,0.631450653,0.250509381,0.051072091,14810.52734,1.235900044,1.357922435,0.232683271,0.142979473,0.509737194,0.459658831,0.093461506,0.09824343,0.303002506,0.274549633,0.13485311,0.039999999,0.17,0.11,0.25999999,0.14,0.38999999,0.029999999,0.14,28.6,12,5199396.5,5.5721354,3355.0178,119.81255
All,Rajasthan,10.05457714,4.24897857,2.146477997,34.09344852,1.856681146,29.01770175,10.23195237,60.57866812,10.76463386,0.250370651,0.996068299,0.310110599,0.277119219,0.287680417,0.365149468,0.000149755,0.40873,0.06282042,0.728882611,0.334695101,0.063100256,11421.3457,0.784588873,0.941750348,0.429999083,0.308871776,0.590051711,0.553061783,0.252408057,0.062689334,0.281545818,0.417198747,0.056577109,0.17,0.38999999,0.31999999,0.54000002,0.2,0.54000002,0.059999999,0.22,28.6,12,5199396.5,5.5721354,2884.2373,103.00029
Rural,Sikkim,11.02749258,1.189400163,0.401166547,12.21001968,0.880517438,10.75209454,10.5123587,36.7713064,16.98696315,0.494535536,0.986502945,0.211964533,0.327255934,0.222846851,0.510756493,0.000935,0.439474165,0.336373985,0.251517147,0.028176537,0.010971267,11700.35352,1.010088086,1.110456347,0.44373554,0.367997825,0.800550163,0.777255535,0.209607288,0.029098313,0.172488332,0.751583397,0.024569085,0.050000001,0.18000001,0.059999999,0.2,0.11,0.63,0,0.02,,,167101.23,0.17908053,3549.1807,126.74638
Urban,Sikkim,4.115414247,1.080193836,0,7.441282272,0.574501837,16.15629196,2.928049304,2.024691552,9.656053782,0.392366737,0.96366632,0.135055259,0.126093194,0.166709602,0.247046188,0,0.103748441,0.2646074,0.016179936,0.004687281,0.004268856,18512.86523,1.757235408,1.781199694,0.086915746,0.070252292,0.567147374,0.549630642,0.08990515,0.030885665,0.160568133,0.320234656,0.069357388,0,0.050000001,0.029999999,0.1,0.090000004,0.34,0,0.01,,,167101.23,0.17908053,4704.1094,167.99057
All,Sikkim,8.570853621,1.150586922,0.258586952,10.51515117,0.771755679,12.67281324,7.816800475,24.42192584,14.38146681,0.451325506,0.976844728,0.184528768,0.245837763,0.202821076,0.438720226,0.000679591,0.347765863,0.316769898,0.187231392,0.021760108,0.009140407,12649.20801,1.132811785,1.220630169,0.385125637,0.319091231,0.746728003,0.724765718,0.188674346,0.029411351,0.168965697,0.659954965,0.029185666,0.039999999,0.13,0.050000001,0.17,0.11,0.56999999,0,0.02,,,167101.23,0.17908053,3850.8804,137.52051
Rural,Tamil Nadu,11.11682057,1.223840844,1.082724147,22.5193873,0.917527918,36.7826283,7.039491087,23.76765758,5.312232673,0.295785725,0.994404495,0.31096679,0.300761431,0.284691036,0.946858048,0.395186189,0.734794021,0.314508468,0.830242336,0.193407178,0.023751659,10890.90625,1.100252986,1.309552431,0.360143065,0.202027276,0.602793038,0.558413029,0.080310963,0.073623993,0.29995513,0.464172184,0.090033345,0.050000001,0.23,0.12,0.34,0.13,0.40000001,0.01,0.07,29.200001,11,8286430.5,8.880475,3396.3723,121.28938
Urban,Tamil Nadu,5.555958301,1.382556092,0.567944394,15.39054513,0.390428468,17.88157523,4.191225395,5.200504512,2.24938523,0.207462192,0.994048357,0.239914671,0.232584238,0.215097144,0.837809503,0.119231283,0.658321023,0.356929123,0.801446855,0.102340803,0.01194089,15427.3877,1.692342281,1.889797807,0.241765276,0.118029565,0.504665971,0.471611083,0.038101539,0.065498568,0.277747989,0.291057825,0.08268708,0.02,0.090000004,0.029999999,0.15000001,0.059999999,0.28,0.01,0.039999999,29.200001,11,8286430.5,8.880475,3990.5903,142.50977
All,Tamil Nadu,8.521125466,1.297925785,0.842435658,19.19179112,0.671488838,27.96001136,5.709980056,15.10089636,3.882559016,0.253507018,0.994234025,0.277023822,0.267835796,0.251444668,0.897213399,0.269556992,0.699979484,0.333820581,0.817133129,0.151948974,0.018374775,12706.05859,1.3362391,1.540817976,0.312961817,0.168548718,0.557839692,0.51864785,0.062727921,0.070256449,0.28962931,0.38476032,0.087484121,0.039999999,0.16,0.07,0.25,0.1,0.34,0.01,0.059999999,29.200001,11,8286430.5,8.880475,3643.6003,130.11826
Rural,Telangana,18.39606464,1.37193976,1.256563887,31.0181886,0.557462731,27.23578513,4.285271093,11.24878898,10.83829999,0.918473899,0.995713532,0.284095973,0.347863883,0.256398022,0.252782285,0,0.701547265,0.696043909,0.038878381,0.246396467,0.015805332,12062.28516,0.902164936,1.046647191,0.399172336,0.275337189,0.637376845,0.607502043,0.168634236,0.046871539,0.257897824,0.507935643,0.04091939,0.090000004,0.30000001,0.25999999,0.51999998,0.090000004,0.44999999,0.01,0.12,43.599998,8,3787309.3,4.0588174,3049.449,108.90024
Urban,Telangana,7.146284729,1.296638418,0.95452955,23.14517647,0.197876315,18.99465322,1.578145288,1.511048153,4.014514759,0.729434669,0.994255364,0.232540354,0.239609271,0.214341894,0.160756648,0,0.39612022,0.658466935,0.009923076,0.18321763,0.008238094,22127.23047,1.972984791,2.058905363,0.156482026,0.093645945,0.539865434,0.494189501,0.055403896,0.084606148,0.283294261,0.306976289,0.113491707,0.029999999,0.12,0.059999999,0.22,0.079999998,0.25,0,0.059999999,43.599998,8,3787309.3,4.0588174,3848.7415,137.44414
All,Telangana,14.55718279,1.346243825,1.153497491,28.33159566,0.43475721,24.4235754,3.361489624,7.925875485,8.509746194,0.851959288,0.995200455,0.266331941,0.310053617,0.24190715,0.212196827,0,0.566846848,0.679471612,0.026108418,0.218533128,0.012468004,15199.45117,1.237567425,1.363707066,0.323156804,0.218427807,0.599350452,0.563313663,0.129896328,0.060126383,0.268802524,0.431834072,0.06045578,0.07,0.23999999,0.17,0.38999999,0.079999998,0.37,0.01,0.090000004,43.599998,8,3787309.3,4.0588174,3312.1372,118.28122
Rural,Tripura,12.26854697,2.814247087,1.88598074,27.83887684,2.194345929,28.48050892,18.16339493,66.91197157,18.49819124,0.480980486,0.990751266,0.313050926,0.299081355,0.290423751,0.97294879,0.538351373,0.61918354,0.076305859,0.008600192,0.408214957,0.036459528,10890.90625,0.984386563,1.093880415,0.349007279,0.252090424,0.642701685,0.630413949,0.182562664,0.019118898,0.224387765,0.476047099,0.01857209,0.2,0.41999999,0.25,0.47999999,0.18000001,0.56999999,0,0.07,,,282970.13,0.30325595,3134.314,111.93089
Urban,Tripura,5.998209864,1.710961014,0.723921042,22.08670229,0.595692964,21.76851183,3.088476323,24.12139177,5.668798462,0.350937456,0.9936198,0.233954817,0.18030788,0.23118031,0.935365677,0.280975844,0.438769013,0.110704727,0.009113293,0.308689028,0.023212221,14731.35352,1.267727375,1.419775605,0.280848414,0.16564253,0.481350273,0.463872313,0.071497627,0.036310248,0.247856706,0.283870518,0.058348812,0.059999999,0.22,0.079999998,0.22,0.11,0.41999999,0,0.02,,,282970.13,0.30325595,4188.3799,149.57312
All,Tripura,10.48579141,2.500565536,1.555588841,26.2034446,1.739823632,26.57218277,13.87735754,54.74593043,14.85059261,0.442181677,0.99160707,0.290669352,0.265313119,0.273659825,0.965170562,0.485084768,0.581844866,0.083425067,0.008706384,0.387617022,0.033717856,11556.86426,1.029884934,1.146212101,0.338062435,0.238208771,0.613060653,0.599819481,0.166783795,0.021598535,0.228235185,0.439804673,0.023413884,0.16,0.36000001,0.2,0.41,0.17,0.55000001,0,0.059999999,,,282970.13,0.30325595,3275.6411,116.97789
Rural,Uttar Pradesh,14.03859258,11.32725403,3.727802634,38.88626397,11.14986017,35.21574736,2.258675545,64.89402652,8.504552394,0.396133751,0.990339756,0.396811455,0.429233193,0.389850885,0.311704189,0.000440284,0.660556912,0.202703699,0.012595112,0.056200292,0.003749387,8475.467773,0.689966321,0.864444733,0.502230763,0.364568681,0.538566172,0.517750859,0.23776415,0.038649451,0.321911424,0.303168356,0.020334911,0.25999999,0.50999999,0.47999999,0.69,0.44,0.77999997,0.059999999,0.33000001,45.900002,7,7709481.5,8.2621651,2374.2437,84.787682
Urban,Uttar Pradesh,10.30012369,9.521200508,2.905794978,28.29408646,2.584148012,19.65547502,1.38796242,13.17876726,5.468342081,0.242054597,0.989512563,0.241183698,0.27687797,0.258637309,0.235648036,5.90E-06,0.404780924,0.275239766,0.012433688,0.045174014,0.00383924,12694.7373,1.312357068,1.500083685,0.314736187,0.174175039,0.4651618,0.429313719,0.106800355,0.077065788,0.327607632,0.158890978,0.125803337,0.12,0.23999999,0.18000001,0.34,0.34,0.58999997,0.039999999,0.22,45.900002,7,7709481.5,8.2621651,2834.9902,101.24161
All,Uttar Pradesh,13.17178011,10.90849712,3.537209332,36.43032908,9.163788706,31.60789609,2.056789398,52.90316939,7.80056715,0.356779784,0.990128517,0.359104514,0.391533434,0.358059227,0.296355128,0.00035262,0.608938158,0.217342362,0.012562536,0.053975053,0.00376752,9035.148438,0.798228562,0.975011408,0.46961692,0.331450522,0.522264123,0.498110294,0.21269612,0.046248328,0.323119313,0.272208512,0.033545449,0.23,0.44,0.41,0.60000002,0.41999999,0.74000001,0.059999999,0.31,45.900002,7,7709481.5,8.2621651,2448.4512,87.437744
Rural,Uttarakhand,8.060547709,4.600769281,2.082444169,24.42113161,0.445445813,22.40168899,8.798199147,59.4294548,11.1767225,0.413427174,0.994403481,0.375099599,0.250250906,0.31817016,0.353039742,0,0.387267679,0.4831101,0.01315047,0.431252688,0.032616206,11672.57715,1.051863074,1.131605268,0.362850636,0.293155968,0.571903944,0.535764813,0.165515453,0.06319084,0.26168704,0.412683249,0.051738318,0.11,0.31,0.22,0.44999999,0.059999999,0.44999999,0.029999999,0.18000001,,,1438469.4,1.5415916,3057.2083,109.17734
Urban,Uttarakhand,7.460040599,4.7575064,1.438387576,21.99227959,0.268803514,20.12132555,1.637470163,9.025613964,4.289285466,0.192546502,0.98454088,0.327205718,0.243825302,0.28779462,0.277282387,0,0.119406253,0.52877748,0.013112349,0.382504135,0.052100435,16306.62207,1.782050252,1.855524659,0.145074308,0.101500474,0.48518759,0.450485915,0.070811592,0.071522161,0.280721933,0.226071358,0.147251442,0.07,0.16,0.090000004,0.20999999,0.15000001,0.40000001,0.02,0.11,,,1438469.4,1.5415916,3522.0747,125.77839
All,Uttarakhand,7.878417522,4.648306593,1.887105964,23.68447632,0.391871342,21.71006948,6.626396626,44.14229989,9.087807685,0.341411829,0.99118793,0.359965205,0.24818109,0.308571547,0.337246597,0,0.331426561,0.492630392,0.013142522,0.421090066,0.036678087,13126.39844,1.214018106,1.292368412,0.314488351,0.250594407,0.550027013,0.514250576,0.144585922,0.065044902,0.266758561,0.366269946,0.066400908,0.1,0.25999999,0.17,0.37,0.079999998,0.43000001,0.029999999,0.16,,,1438469.4,1.5415916,3142.1011,112.20898
Rural,West Bengal,15.50779939,2.299091592,1.167154033,30.68740666,3.345154598,35.12257636,5.873437971,80.30620217,10.07753238,0.538493335,0.98818332,0.355356842,0.463616788,0.349408776,0.039711025,0.082516871,0.963156164,0.229423806,0.065135196,0.78231746,0.040875115,8225.780273,0.813524246,1.067590356,0.455632865,0.282584548,0.602438867,0.583489299,0.118584901,0.031454798,0.294926673,0.382307947,0.029747806,0.2,0.43000001,0.31999999,0.54000002,0.34,0.70999998,0.029999999,0.25,21.799999,16,5618423,6.0212016,2552.7161,91.161194
Urban,West Bengal,7.302759588,1.744901203,0.839779899,20.53898275,0.700186519,25.24226308,3.06613557,21.48566246,4.122224078,0.322317392,0.992099583,0.200841606,0.311101675,0.203352243,0.035330687,0.03573381,0.7188586,0.39879784,0.029110707,0.614784658,0.040665057,10639.48926,1.288037539,1.608203411,0.383315951,0.192022353,0.534177065,0.506467104,0.055803865,0.051874071,0.291148812,0.292888612,0.067361996,0.059999999,0.19,0.14,0.28999999,0.2,0.41,0.050000001,0.2,21.799999,16,5618423,6.0212016,3259.8213,116.41294
All,West Bengal,12.8602609,2.120269835,1.061519515,27.41279304,2.49169711,31.93447292,4.967599735,61.32645607,8.155920357,0.467152357,0.989475727,0.307012856,0.41417259,0.303711295,0.038494982,0.069529226,0.895335674,0.276444465,0.055134285,0.735807955,0.040816799,8825.584961,0.943769336,1.215978742,0.435783207,0.257726908,0.581579447,0.559952855,0.101232767,0.037185937,0.293877691,0.354918063,0.039255712,0.15000001,0.34999999,0.25999999,0.46000001,0.30000001,0.62,0.039999999,0.23999999,21.799999,16,5618423,6.0212016,2702.6262,96.514702
,Dadra and Nagar Haveli,,,,,,,,,,,,,,,,,,,,,,,,,,,,,,,,,,,,,,,,,,,,0,0,,
Rural,Daman and Diu,,,,,,,,,,,,,,,,,,,,,,,1.262664318,1.427535176,0.418608427,0.290514588,0.735097647,0.710750341,0.203319907,0.033121191,0.320641994,0.608080745,0,,,,,,,,,,,,,,
Urban,Daman and Diu,,,,,,,,,,,,,,,,,,,,,,,2.047721148,2.139268637,0.130844444,0.088064499,0.616879404,0.597532928,0.024846312,0.031361837,0.246082827,0.236173943,0.053447008,,,,,,,,,,,,,,
All,Daman and Diu,,,,,,,,,,,,,,,,,,,,,,,1.740863919,1.861071467,0.243323535,0.167196706,0.665987849,0.644564033,0.106598005,0.032168522,0.279395193,0.405942917,0.01690067,,,,,,,,,,,,,,
,Daman and Diu,,,,,,,,,,,,,,,,,,,,,,,,,,,,,,,,,,,,,,,,,,,,0,0,,
