State,fhiscore,rank202223,qualityofexpenditure,revenuemobilization,fiscalprudence,debtindex,debtsustainability,A,Year,Persons,Male,Female,Slno,StateCC,Rural,Urban,Total,Population_Percentage,Statey,Agriculture,Mining,Manufacturing,Construction,Electricity,Trade,Services,totalgva,argiperc,miningperc,manugva,consgva,elecgva,tradegva,servicesgva,india_gva,state_share_india,_merge
Andhra Pradesh,20.9,17,31.4,22.1,13.3,37.799999,0,431,2022,52972,26489,26482,420,AP,33972,19000,52972,3.850867921,Andhra Pradesh,2068553.25,184451.41,816029.31,497925.19,240878.09,515389.91,419443.69,4742670.5,0.43615791,0.038891889,0.17206115,0.10498836,0.050789546,0.10867082,0.088440403,93310664,5.0826674,Matched (3)
Bihar,27.799999,13,56.099998,5.3000002,11.5,47.200001,18.799999,434,2022,124919,64939,59981,423,BR,109679,15240,124919,9.081147962,Bihar,810623.06,4448.28,373267.59,364956,78927.91,591641.19,529719.88,2753584,0.29438835,0.001615451,0.135557,0.13253854,0.028663702,0.21486223,0.19237469,93310664,2.9509854,Matched (3)
Chhattisgarh,55.200001,2,55.099998,56.5,56,79.599998,29,436,2022,29836,14966,14871,424,CG,21840,7996,29836,2.168966535,Chhattisgarh,435252.41,264632.5,484731.91,245529.91,266701.69,155793.59,171577.91,2024219.9,0.2150223,0.13073309,0.23946604,0.12129607,0.13175529,0.076964758,0.084762484,93310664,2.1693339,Matched (3)
Goa,53.599998,3,45.5,87.099998,59.400002,51,25.200001,441,2022,1567,790,777,429,GA,396,1171,1567,0.113915088,Goa,28751.6,774.11,216527.81,16999.03,49902.14,35267.48,26006.13,374228.25,0.076829046,0.00206855,0.57859826,0.04542423,0.1333468,0.094240561,0.069492698,93310664,0.40105626,Matched (3)
Gujarat,50.5,5,40,48.700001,52.700001,69,42,442,2022,70648,37066,33581,430,GUJ,36571,34077,70648,5.135847559,Gujarat,1560070.13,349779.94,4372249,812638.31,425364.16,1385757.63,401048.69,9306908,0.16762497,0.03758283,0.46978533,0.087315604,0.045704134,0.14889559,0.043091506,93310664,9.9741096,Matched (3)
Haryana,27.4,14,24.799999,47.799999,26.1,24.1,14.3,443,2022,29846,15804,14042,432,HR,17458,12388,29846,2.169693498,Haryana,881998.88,11631.81,1230693.38,380165.53,47315.32,710392.81,272534.56,3534732,0.24952355,0.003290719,0.34817162,0.10755144,0.01338583,0.20097502,0.077101901,93310664,3.7881329,Matched (3)
Jharkhand,51.599998,4,47.299999,45.700001,62.400002,66.900002,35.700001,447,2022,38969,19948,19021,434,JH,28836,10133,38969,2.83290176,Jharkhand,285226.19,185555.8,532797.31,198769.2,48132.1,267450.19,139348,1657278.9,0.17210513,0.11196414,0.32148924,0.11993708,0.029042849,0.16137911,0.08408241,93310664,1.7760873,Matched (3)
Karnataka,40.799999,10,47.400002,43.900002,43.900002,62.200001,6.6999998,448,2022,67268,34126,33142,437,KRN,37718,29550,67268,4.890134096,Karnataka,1296899.5,110979.3,1831322.38,618780.88,179325.45,1031223,672772.06,5741303,0.2258894,0.019329986,0.3189733,0.10777708,0.031234277,0.1796148,0.11718108,93310664,6.1528907,Matched (3)
Kerala,25.4,15,4.1999998,54.200001,34,23.1,11.3,449,2022,35633,17113,18520,436,KER,9554,26079,35633,2.590386933,Kerala,450076.19,20283.44,581933.69,692857.5,76451.71,834715,607750.13,3264067.8,0.13788813,0.00621416,0.17828481,0.21226811,0.023422219,0.25572845,0.18619409,93310664,3.498065,Matched (3)
Madhya Pradesh,42.200001,9,59.700001,27.6,35.599998,61,27.200001,452,2022,85548,44119,41429,443,MP,60839,24709,85548,6.219022293,Madhya Pradesh,1896995.88,145417,699964.13,483995.59,240357.41,536983.5,358497.09,4362210.5,0.43487033,0.033335622,0.16046087,0.11095191,0.055099912,0.12309894,0.082182437,93310664,4.6749325,Matched (3)
Maharashtra,50.299999,6,37.099998,59.099998,41.799999,76.400002,36.799999,453,2022,125411,65220,60191,440,MAH,64891,60520,125411,9.116914537,Maharashtra,2310105.75,680592.69,3411553.5,979469.25,396012.75,1525559.63,1279153.63,10582448,0.21829598,0.064313352,0.32237849,0.092556015,0.037421659,0.14415942,0.12087502,93310664,11.341092,Matched (3)
Odisha,67.800003,1,52,69.900002,54,99,64,458,2022,45987,23141,22846,446,OR,37411,8576,45987,3.343084329,Odisha,600448.81,449539.28,1003991.13,281230.91,154136.53,322517.53,266765.59,3078629.8,0.19503768,0.14601928,0.32611623,0.091349378,0.050066601,0.10476009,0.086650752,93310664,3.2993333,Matched (3)
Punjab,10.7,18,4.6999998,28.1,5.5999999,0,15.2,460,2022,30535,16039,14495,447,PB,17875,12660,30535,2.219781242,Punjab,943222.44,567.8,623117.88,271216.31,138318.3,422298.31,449325.44,2848066.5,0.33117992,0.000199363,0.21878628,0.095228225,0.048565686,0.14827543,0.15776508,93310664,3.0522411,Matched (3)
Rajasthan,28.6,12,38.299999,35.400002,19.9,32.299999,16.799999,461,2022,80153,41178,38975,449,RJ,58935,21218,80153,5.826825804,Rajasthan,1986138.38,228332.73,994997,560504.25,130861.98,726335.5,572226.44,5199396.5,0.38199401,0.043915238,0.19136779,0.10780179,0.025168687,0.13969612,0.11005632,93310664,5.5721354,Matched (3)
Tamil Nadu,29.200001,11,32,41.200001,25.799999,36,11.1,463,2022,76631,38263,38368,451,TN,35836,40795,76631,5.570789467,Tamil Nadu,1406158.38,51580.7,2903985,1409626.63,100318.87,1366949.13,1047811.94,8286430.5,0.1696941,0.006224719,0.35045066,0.17011265,0.012106404,0.16496237,0.12644914,93310664,8.880475,Matched (3)
Telangana,43.599998,8,36.900002,75.199997,40.799999,53.299999,11.7,464,2022,37907,19066,18842,453,TS,20030,17877,37907,2.755698299,Telangana,888891,185389.34,940064.56,324667.53,104491.47,936224.5,407580.69,3787309.3,0.23470251,0.048950147,0.24821436,0.085725114,0.027589897,0.24720043,0.10761748,93310664,4.0588174,Matched (3)
Uttar Pradesh,45.900002,7,45.799999,34.599998,44.700001,59.900002,44.5,466,2022,233297,121540,111757,454,UP,177579,55718,233297,16.95982658,Uttar Pradesh,2652218.25,159960.8,1688107.75,1318963.38,181623.5,1067476,641131.31,7709481.5,0.34402031,0.020748582,0.21896514,0.17108329,0.023558458,0.13846275,0.083161406,93310664,8.2621651,Matched (3)
West Bengal,21.799999,16,32.299999,12.4,25.4,18.299999,20.6,468,2022,98604,50312,48292,456,WB,62743,35861,98604,7.168145067,West Bengal,1489717.63,101578.9,1280808.5,783152.5,196104,1116660.13,650401.31,5618423,0.2651487,0.018079611,0.22796583,0.1393901,0.034903746,0.19874975,0.11576226,93310664,6.0212016,Matched (3)
Andaman and Nicobar Islands,,,,,,,,430,2022,402,212,190,419,AN,227,175,402,0.029223909,Andaman and Nicobar Islands,8088.11,428.03,558.67,8500.2,3077.03,6928.47,9782.7,37363.211,0.21647257,0.011455921,0.014952409,0.22750185,0.082354538,0.18543561,0.26182708,93310664,0.040041737,Using only (2)
Arunachal Pradesh,,,,,,,,432,2022,1548,796,752,421,AR,1155,393,1548,0.112533858,Arunachal Pradesh,65392,3283.6,1917.3,15443,20494.6,5621.6,31938.3,144090.41,0.45382619,0.022788471,0.013306229,0.10717577,0.14223431,0.039014395,0.22165459,93310664,0.15442008,Using only (2)
Assam,,,,,,,,433,2022,35378,18006,17371,422,AS,29916,5462,35378,2.571849379,Assam,461002.88,211341.8,451450,225408.7,43120.9,218563.41,220344.7,1831232.5,0.2517446,0.1154096,0.24652795,0.12309125,0.023547474,0.11935318,0.1203259,93310664,1.9625115,Using only (2)
Chandigarh,,,,,,,,435,2022,1219,659,560,425,CH,1,1218,1219,0.088616779,Chandigarh,1595.9,,9520.2,14060.7,3918.9,91851.8,18581.1,139528.59,0.011437799,,0.068231173,0.10077289,0.028086716,0.65830094,0.13317056,93310664,0.14953125,Using only (2)
Dadra & Nagar Haveli,,,,,,,,438,2022,654,394,260,428,DNH,206,448,654,0.047543374,NA,,,,,,,,0,,,,,,,,93310664,0,Using only (2)
Daman & Diu,,,,,,,,439,2022,516,370,147,426,DD,27,489,516,0.037511286,NA,,,,,,,,0,,,,,,,,93310664,0,Using only (2)
Delhi,,,,,,,,440,2022,20965,11164,9801,427,DEL,112,20853,20965,1.524077739,Delhi,14528.67,141242.84,287794.94,252381.95,170096.84,689911.38,518025.09,2073981.8,0.007005206,0.068102255,0.13876446,0.12168957,0.082014628,0.33265066,0.24977322,93310664,2.2226632,Using only (2)
Himachal Pradesh,,,,,,,,444,2022,7431,3768,3663,431,HP,6667,764,7431,0.540206138,Himachal Pradesh,161473.77,2478.44,408977.28,83349.77,71749.46,96397.7,107037.03,931463.38,0.17335494,0.002660802,0.43906963,0.089482605,0.077028751,0.1034906,0.11491276,93310664,0.99823892,Using only (2)
India,,,,,,,,445,2022,1375586,706912,668674,433,IN,897511,478075,1375586,100,India,23293732.43,3578704.4,26198361.31,11185663.37,3663209.34,15154745.76,10236250.05,93310664,0.24963634,0.038352575,0.28076491,0.11987551,0.039258208,0.16241172,0.10970075,93310664,100,Using only (2)
Jammu and Kashmir,,,,,,,,446,2022,13505,7075,6430,435,JK,9415,4090,13505,0.981763408,Jammu and Kashmir,168348.11,1672.94,121771.09,79929.03,117005.41,91624.65,95434.21,675785.38,0.24911475,0.002475549,0.18019196,0.11827576,0.1731399,0.13558248,0.14121971,93310664,0.72423166,Using only (2)
Ladakh,,,,,,,,450,2022,299,168,131,438,LD,209,90,299,0.021736191,NA,,,,,,,,0,,,,,,,,93310664,0,Using only (2)
Lakshadweep,,,,,,,,451,2022,68,35,33,439,LKP,1,67,68,0.004943348,NA,,,,,,,,0,,,,,,,,93310664,0,Using only (2)
Manipur,,,,,,,,454,2022,3194,1603,1591,442,MN,2167,1027,3194,0.232191953,Manipur,39787.2,,4110.2,11211.6,3562.8,27271.7,35907.5,121851,0.32652336,,0.03373136,0.092010736,0.029238988,0.22381186,0.29468367,93310664,0.13058636,Using only (2)
Meghalaya,,,,,,,,455,2022,3318,1663,1655,441,MEG,2634,684,3318,0.241206293,Meghalaya,42567.55,3782.78,25400.23,11911.69,4491.6,54110.69,23019.41,165283.95,0.25754195,0.022886554,0.15367632,0.072068036,0.027175052,0.32738018,0.1392719,93310664,0.17713298,Using only (2)
Mizoram,,,,,,,,456,2022,1227,619,608,444,MZ,555,672,1227,0.089198349,Mizoram,30630.7,984.86,1134.18,18136.55,33063.04,26556.76,22607.47,133113.56,0.23010954,0.007398645,0.008520394,0.13624871,0.24838221,0.19950454,0.16983597,93310664,0.14265633,Using only (2)
Nagaland,,,,,,,,457,2022,2213,1142,1071,445,NLD,1231,982,2213,0.160876892,Nagaland,37809.05,1593.75,2385.04,11602.94,4780.81,14688.77,29945.65,102806.01,0.36777082,0.015502498,0.023199422,0.11286247,0.046503216,0.14287852,0.29128307,93310664,0.11017606,Using only (2)
Puducherry,,,,,,,,459,2022,1608,768,840,448,PDY,481,1127,1608,0.116895636,Puducherry,9068.86,4967.55,97424.05,34808.69,2719.32,13409.59,31842.15,194240.22,0.046688888,0.025574261,0.50156474,0.17920434,0.013999778,0.069036111,0.1639318,93310664,0.20816508,Using only (2)
Sikkim,,,,,,,,462,2022,683,360,323,450,SK,362,321,683,0.049651567,Sikkim,14012.23,67.86,73770.12,8509.19,40686.87,12424.38,17630.6,167101.23,0.083854735,0.000406101,0.44146964,0.050922364,0.24348634,0.074352413,0.1055085,93310664,0.17908053,Using only (2)
Tripura,,,,,,,,465,2022,4109,2089,2020,452,TRP,2544,1565,4109,0.298709059,Tripura,94749.1,52031.6,14979.2,18318.9,17343.8,41755.9,43791.6,282970.13,0.33483782,0.18387665,0.052935623,0.064737931,0.061291981,0.14756292,0.15475698,93310664,0.30325595,Using only (2)
Uttarakhand,,,,,,,,467,2022,11518,5902,5616,455,UT,7438,4080,11518,0.837315878,Uttarakhand,153330.63,19332.54,711027,150642.56,71874.59,214993.98,117268.06,1438469.4,0.10659291,0.013439661,0.49429417,0.10472421,0.049966019,0.14946024,0.081522807,93310664,1.5415916,Using only (2)
Dadra & Nagar Haveli and Daman & Diu,,,,,,,,,,,,,,,,,,,,,,,,,,,,,,,,,,,,,
