State,sector,bpl,aadhar,household_has_preg_benefits,household_health_met,household_angan_benefits,round,Year,level,area,dem,food_pds_subs,kerosene_pds_subs,food_pds_free,lpg_subs,elec_free,pmjay_ben,pmjay_ben_avail,real_wage_23,yr,JQdim365,JQdim215,POV_365,POV_215,lf_cws,emp_cws,unpaid_emp,unemp_cws,neet,lfpr_female,unemp_female,fhiscore,rank202223,totalgva,india_gva,state_share_india,poor_300,poor_420,poor_830,welfare_agg21_sp,india_welfare,welfare_pct_india,m_poor_1_33,m_poor_1_50
Andaman and Nicobar Islands,0,0.154091269,0.99747932,0.146831959,0.151558414,0.156682521,5,2019,State,urban/rural,All Households,0.804455876,0,0.003743825,0.107463002,0,0.003598354,0,17514.29,2022,1.438520789,1.513373494,0.254701346,0.22395356,0.673965335,0.60092181,0.240437016,0.108378798,0.117332406,0.50933063,0.153264791,,,37363.211,93310664,0.040041737,0.000277103,0.006295634,0.43005496,4482.738963,,160.0851,0.05071228,0.007259742
Andaman and Nicobar Islands,1,0.086228877,0.99810034,0.165482417,0.103530556,0.15369302,5,2019,State,urban/rural,All Households,0.524605811,0,0,0.154530481,0.009650447,0.005129694,0.005129694,19940.39,2022,1.894384742,1.945632935,0.106430307,0.061935619,0.569713116,0.496369481,0.024036385,0.128737837,0.103307299,0.313720435,0.24515748,,,37363.211,93310664,0.040041737,0.000807779,0.007518909,0.24629046,5680.745946,,202.86768,0.012839258,0
Andaman and Nicobar Islands,99,0.129988015,0.997699916,0.154191837,0.132506743,0.155502796,5,2019,State,All,All Households,0.69432503,0,0.002270499,0.125985712,0.00379779,0.00420099,0.002018715,18512.87,2022,1.624403238,1.689631104,0.194242552,0.157889336,0.627781034,0.55460459,0.154636651,0.116563715,0.110567681,0.422013938,0.183757976,,,37363.211,93310664,0.040041737,0.000485943,0.006777036,0.35773718,4979.810879,,177.83626,0.036707666,0.004575248
Andhra Pradesh,0,0.945261121,0.99473089,0.280996561,0.242983192,0.262054533,5,2019,State,urban/rural,All Households,0.870297194,0,0.551217794,0.423243433,0.210621268,0.690468729,0.040010612,12014.64453,2022,1.009328365,1.177202225,0.327214837,0.19079347,0.59960866,0.5516451,0.150324896,0.079991445,0.109913759,0.439673722,0.08647006,20.9,17,4742670.5,93310664,5.0826674,0.009290282,0.10105235,0.72684258,3164.430283,,113.00639,0.09402813,0.013321431
Andhra Pradesh,1,0.790307105,0.996125758,0.221015498,0.135113984,0.196956515,5,2019,State,urban/rural,All Households,0.685347736,3.43E-05,0.440947324,0.545005262,0.039691027,0.568490565,0.041463912,15199.27148,2022,1.453413844,1.658478022,0.259074748,0.125438556,0.500762522,0.460877568,0.072486185,0.07964848,0.107708223,0.286530137,0.083377823,20.9,17,4742670.5,93310664,5.0826674,0.015801989,0.077188797,0.61710441,3766.915488,,134.522,0.024677888,0.001193086
Andhra Pradesh,99,0.897868395,0.99515748,0.262593567,0.209581509,0.242081597,5,2019,State,All,All Households,0.812612236,1.07E-05,0.516824901,0.461220443,0.157308847,0.652424276,0.040463891,12713.20117,2022,1.127057433,1.304790735,0.309150577,0.173467591,0.569560707,0.524052918,0.129515395,0.07989978,0.109262884,0.392923027,0.085781686,20.9,17,4742670.5,93310664,5.0826674,0.011321256,0.093609408,0.69261569,3312.43388,,118.29182,0.073215201,0.009681554
Arunachal Pradesh,0,0.641738296,0.980033696,0.133490309,0.190475166,0.176282957,5,2019,State,urban/rural,All Households,0.578016639,0.012063119,0.193791538,0.123426519,0.023586914,0.067321114,0.014952799,10897.40332,2022,1.009446979,1.140969753,0.435199499,0.335791886,0.746586323,0.707815111,0.227106631,0.051931296,0.05034871,0.695746005,0.046565998,,,144090.41,93310664,0.15442008,0.11772633,0.29322305,0.80465615,2735.087942,,97.67395,0.14741497,0.030559966
Arunachal Pradesh,1,0.408069581,0.987059832,0.061154861,0.098446101,0.088707395,5,2019,State,urban/rural,All Households,0.373352587,0.0024895,0.100776009,0.028603744,0.003289626,0.012023154,0.00382757,20569.85156,2022,1.718633413,1.799607396,0.208399579,0.148887336,0.599802256,0.522999227,0.075570248,0.128047273,0.079558767,0.45626843,0.182771817,,,144090.41,93310664,0.15442008,0.011155266,0.10708218,0.57310581,3841.368719,,137.18085,0.044823367,0.009767555
Arunachal Pradesh,99,0.604825079,0.981143653,0.122517541,0.175747722,0.162998363,5,2019,State,All,All Households,0.539994657,0.010284556,0.176511347,0.105810575,0.019816134,0.057047993,0.012885982,12331.94434,2022,1.094183803,1.219666839,0.408100396,0.313459665,0.722114205,0.677002251,0.207589298,0.062472019,0.055394135,0.654197812,0.063047394,,,144090.41,93310664,0.15442008,0.097927824,0.25864226,0.7616393,2893.434815,,103.32875,0.1320613,0.027448211
Assam,0,0.539497375,0.182003871,0.329746276,0.401210725,0.327004164,5,2019,State,urban/rural,All Households,0.063703366,0.043741057,0.770801246,0.11809165,0.013900712,0.253161579,0.007043381,10361.36426,2022,0.930929244,1.160731673,0.363147259,0.224458575,0.650843263,0.618754506,0.113649972,0.049303375,0.085280977,0.467557341,0.064436831,,,1831232.5,93310664,1.9625115,0.094715394,0.38775709,0.95392805,2366.934611,,84.526665,0.23651862,0.06111826
Assam,1,0.30200699,0.39438507,0.205859333,0.269035071,0.204099253,5,2019,State,urban/rural,All Households,0.021776969,0.011620963,0.41868332,0.273232281,0.016168727,0.11811658,0.008144396,15644.79688,2022,1.528669834,1.655044675,0.22890082,0.136845633,0.542045176,0.500617921,0.055465769,0.076427639,0.09085498,0.288537234,0.126593933,,,1831232.5,93310664,1.9625115,0.028541261,0.16418132,0.72017974,3210.73797,,114.6601,0.078385226,0.013248416
Assam,99,0.500756919,0.21664837,0.312341839,0.381634116,0.309737682,5,2019,State,All,All Households,0.059235491,0.040318189,0.733277857,0.134624168,0.014142402,0.238770545,0.00716071,10541.00684,2022,0.98815769,1.208057761,0.350294352,0.216070414,0.637745678,0.604532659,0.107849523,0.052078713,0.085772686,0.445786595,0.069329403,,,1831232.5,93310664,1.9625115,0.087663561,0.3639318,0.92901874,2427.418183,,86.686623,0.21410458,0.054333124
Bihar,0,0.602115393,0.989220321,0.319522649,0.314317942,0.340337902,5,2019,State,urban/rural,All Households,0.442178875,0.124821538,0.584202886,0.263594508,0.045556143,0.024785312,0.002732027,12054.7373,2022,0.95067817,1.063650727,0.289973795,0.198775649,0.521696508,0.505796731,0.190899521,0.030477114,0.078910686,0.281663299,0.013180119,27.799999,13,2753584,93310664,2.9509854,0.079715282,0.35844949,0.93863606,2375.939511,,84.848244,0.38065317,0.14688942
Bihar,1,0.398872524,0.987440944,0.212217122,0.204167634,0.255876392,5,2019,State,urban/rural,All Households,0.29697299,0.064788301,0.337179691,0.440038472,0.055075321,0.040910807,0.004065203,13799.97266,2022,1.361638546,1.438985825,0.191599727,0.130237877,0.428198427,0.39653039,0.084881775,0.073956467,0.075855292,0.154124454,0.081113301,27.799999,13,2753584,93310664,2.9509854,0.052665599,0.23286927,0.80568725,2671.935076,,95.418671,0.16415334,0.051644884
Bihar,99,0.570409656,0.988942742,0.303372324,0.297421932,0.327625811,5,2019,State,All,All Households,0.430775106,0.120106819,0.564802885,0.277451575,0.046303734,0.02605173,0.002836728,12433.63672,2022,0.980897486,1.09125042,0.282739997,0.193735823,0.51236701,0.494893819,0.182423368,0.034102909,0.078649595,0.269531488,0.016875228,27.799999,13,2753584,93310664,2.9509854,0.077590927,0.34858704,0.92819488,2394.819954,,85.522491,0.34660864,0.13191225
Chandigarh,0,0,1,0.352941185,0.052631579,0.235294119,5,2019,State,urban/rural,All Households,0.003934377,0,0,0.097076163,0,0.048660412,0.004131728,12720.35059,2022,1.948495388,2.099487782,0.0765692,0.000688025,,,,,,,,,,139528.59,93310664,0.14953125,0,0,0.4853484,3402.727047,,121.51631,0.038834952,0
Chandigarh,1,0.082201064,0.993985534,0.208395138,0.096371993,0.236228317,5,2019,State,urban/rural,All Households,0.008378673,0,0.006067531,0.019516014,0.010157555,0.0220447,0.00328171,24685.06836,2022,2.372914314,2.407095909,0.058735326,0.036443353,0.545748353,0.492129654,0.01838286,0.09824805,0.070232518,0.312313855,0.19604066,,,139528.59,93310664,0.14953125,0,0,0.15836777,4882.289743,,174.35364,0.039434381,0.011991247
Chandigarh,99,0.081430003,0.99404192,0.21024254,0.095826939,0.236216366,5,2019,State,All,All Households,0.008210677,0,0.005838175,0.02244783,0.009773594,0.023050787,0.003313841,22564.12305,2022,2.348595381,2.389470339,0.059757188,0.034394607,0.545748353,0.492129654,0.01838286,0.09824805,0.070232518,0.312313855,0.19604066,,,139528.59,93310664,0.14953125,0,0,0.1707278,4771.019779,,170.38004,0.039426312,0.01182982
Chhattisgarh,0,0.91323626,0.995935261,0.374565333,0.458955944,0.34968996,5,2019,State,urban/rural,All Households,0.923837304,0.083831285,0.805553079,0.236643463,0.061229434,0.616013348,0.05644992,6066.048828,2022,0.462370574,0.755468845,0.689490914,0.470750749,0.662278175,0.628065884,0.34170565,0.051658496,0.114173912,0.504893899,0.039611001,55.200001,2,2024219.9,93310664,2.1693339,0.21540222,0.51471281,0.95704204,2110.28367,,75.36129,0.21517663,0.04576258
Chhattisgarh,1,0.714938045,0.992333114,0.275973707,0.332832545,0.260539353,5,2019,State,urban/rural,All Households,0.737815559,0.022261671,0.522403538,0.468380332,0.035565309,0.456463754,0.022678535,10413.18164,2022,1.172816277,1.463329077,0.420567632,0.22746256,0.546211123,0.490078568,0.091329105,0.102767177,0.126480997,0.305607051,0.133994922,55.200001,2,2024219.9,93310664,2.1693339,0.070788026,0.24990885,0.79199874,2860.68367,,102.15916,0.050845772,0.007517346
Chhattisgarh,99,0.868469238,0.995122015,0.351737052,0.429673821,0.32904768,5,2019,State,All,All Households,0.887871623,0.07192733,0.750808537,0.281447798,0.056267496,0.585165799,0.049920514,6532.866211,2022,0.577391028,0.870070696,0.645952523,0.431362629,0.638577998,0.599889696,0.299938917,0.060585056,0.116269395,0.465057969,0.052008972,55.200001,2,2024219.9,93310664,2.1693339,0.1874423,0.46351525,0.92513233,2215.10286,,79.10453,0.17884792,0.037307687
Dadra & Nagar Haveli and Diu & Daman,0,0.529470325,0.992746651,0.314693123,0.506867409,0.332123578,5,2019,State,urban/rural,All Households,,,,,,,,,,,,,,,,,,,,,,,,,,,,,,,,,
Dadra & Nagar Haveli and Diu & Daman,1,0.336255163,0.988220394,0.243252665,0.472984582,0.287696809,5,2019,State,urban/rural,All Households,,,,,,,,,,,,,,,,,,,,,,,,,,,,,,,,,
Dadra & Nagar Haveli and Diu & Daman,99,0.426442891,0.99033314,0.279498875,0.489833027,0.310237288,5,2019,State,All,All Households,,,,,,,,,,,,,,,,,,,,,,,,,,,,,,,,,
Delhi,0,0.243540406,0.981727242,0.343327969,0.451958328,0.404774755,5,2019,State,urban/rural,All Households,0.06038918,0,0.118279897,0,0.483355045,0.004830193,0.001610064,19069.80078,2022,1.716517329,1.811520815,0.050934002,0.000623868,0.525102913,0.493746042,0.028572045,0.05971561,0.084790364,0.17943272,0.19462274,,,2073981.8,93310664,2.2226632,0.008511367,0.068541244,0.70725322,2929.568032,,104.61912,0.02368954,0.008120588
Delhi,1,0.128932387,0.992153883,0.190940127,0.23588571,0.22617273,5,2019,State,urban/rural,All Households,0.067851722,0,0.150293887,0.0007749,0.411559731,0.005462718,0.001762026,17912.51953,2022,1.591772676,1.63122201,0.095738798,0.065973766,0.461057574,0.445500016,0.048457034,0.03374321,0.067443848,0.182487026,0.025560724,,,2073981.8,93310664,2.2226632,0.01634378,0.096701704,0.64082074,3673.323822,,131.17972,0.033789698,0.0048089
Delhi,99,0.13125439,0.991942644,0.194434404,0.240594223,0.230268091,5,2019,State,All,All Households,0.067715593,0,0.149709895,0.000760765,0.412869394,0.00545118,0.001759254,17912.51953,2022,1.594403863,1.635024905,0.094793752,0.064595371,0.462509423,0.446593702,0.047958668,0.034411661,0.067951582,0.182420388,0.02918924,,,2073981.8,93310664,2.2226632,0.016200904,0.096188009,0.64203256,3617.667802,,129.19215,0.033542812,0.00488985
Goa,0,0.417593628,0.998494208,0.30678001,0.195855767,0.245178685,5,2019,State,urban/rural,All Households,0.738543928,0,0.129795998,0,0.002760492,0.10193979,0.011817241,21730.59961,2022,2.266919613,2.300829172,0.113425359,0.093002774,0.505853057,0.455485553,0.066339359,0.099569462,0.035369743,0.244728982,0.122837871,53.599998,3,374228.25,93310664,0.40105626,0.002548154,0.024382368,0.54424989,3960.11812,,141.42155,0.028414149,0.003376751
Goa,1,0.246750414,0.997049212,0.304659903,0.1800991,0.255635858,5,2019,State,urban/rural,All Households,0.529231966,0,0.12888056,0,0.003312044,0.147407115,0.011597863,21157.89648,2022,2.621023655,2.644743919,0.068647854,0.047569215,0.505915463,0.46666491,0.021311125,0.077583298,0.055858303,0.290699542,0.185309708,53.599998,3,374228.25,93310664,0.40105626,0.007130097,0.011723981,0.5150187,4382.987542,,156.52284,0.004166212,0
Goa,99,0.316131294,0.99763602,0.305490047,0.186387435,0.251541346,5,2019,State,All,All Households,0.620411694,0,0.12927933,0,0.003071779,0.127600804,0.011693428,21604.80859,2022,2.484782457,2.512423038,0.085875958,0.06504973,0.505889237,0.461962938,0.039984096,0.086829841,0.047475122,0.271507859,0.161801428,53.599998,3,374228.25,93310664,0.40105626,0.005134127,0.017238183,0.52775228,4137.883579,,147.76982,0.013937999,0.001360812
Gujarat,0,0.450586021,0.984671116,0.34587577,0.502999425,0.326437503,5,2019,State,urban/rural,All Households,0.662529707,0.001815199,0.166604146,0.035203706,0.007308745,0.234534085,0.017297249,9346.6875,2022,0.836921394,1.023838282,0.4676193,0.328505158,0.678111911,0.668119311,0.233072713,0.014735887,0.094257705,0.507019579,0.00746405,50.5,5,9306908,93310664,9.9741096,0.044235144,0.29172641,0.9088878,2517.581763,,89.906494,0.21433543,0.046168625
Gujarat,1,0.214818016,0.986708522,0.213968962,0.332759857,0.205462322,5,2019,State,urban/rural,All Households,0.228463098,0,0.057243034,0.022679949,0.00971455,0.144807145,0.020387255,15344.68848,2022,1.364911556,1.482759118,0.25132826,0.175043866,0.543635428,0.524358928,0.06269037,0.035458501,0.101886854,0.278046817,0.043728195,50.5,5,9306908,93310664,9.9741096,0.025759637,0.12371254,0.70880675,3336.286307,,119.14362,0.043155078,0.007206296
Gujarat,99,0.349091679,0.985548198,0.290690422,0.430721998,0.27582559,5,2019,State,All,All Households,0.488810182,0.001088731,0.122836299,0.030191522,0.008271581,0.198624104,0.018533912,11119.33984,2022,1.037058949,1.197794676,0.385632992,0.27033481,0.620744705,0.606791675,0.170262396,0.022477947,0.09720885,0.410977006,0.017755054,50.5,5,9306908,93310664,9.9741096,0.036840986,0.22448491,0.82881254,2794.894606,,99.809738,0.14402173,0.030164538
Haryana,0,0.27966398,0.994884729,0.323572457,0.397727877,0.314896911,5,2019,State,urban/rural,All Households,0.441845953,0.000813688,0.255611718,0.242986187,0.01039208,0.136247322,0.015441331,13649.56543,2022,1.292409658,1.402541518,0.235376984,0.152168408,0.4821845,0.458631486,0.132280111,0.048846453,0.089249775,0.233013928,0.028860545,27.4,14,3534732,93310664,3.7881329,0.043565594,0.15770671,0.81625903,3242.516137,,115.79495,0.086267814,0.019693904
Haryana,1,0.197521165,0.994909585,0.219956726,0.260863215,0.219417974,5,2019,State,urban/rural,All Households,0.20377335,0,0.134449691,0.272676945,0.011072404,0.100333527,0.003916104,17137.89453,2022,1.822360992,1.913556337,0.141259015,0.07385575,0.479349971,0.456985205,0.059241708,0.046656437,0.08773987,0.201947495,0.038813084,27.4,14,3534732,93310664,3.7881329,0.027547117,0.10698679,0.58030885,4007.089906,,143.09898,0.041405171,0.008073798
Haryana,99,0.250739813,0.994893491,0.289020717,0.351155907,0.283058465,5,2019,State,All,All Households,0.354983866,0.000516809,0.211405098,0.253819019,0.0106403,0.123143978,0.01123629,15644.79688,2022,1.485078812,1.588326097,0.201159447,0.123697042,0.481071353,0.457984984,0.103659868,0.047989491,0.088685207,0.220854133,0.032422613,27.4,14,3534732,93310664,3.7881329,0.037721168,0.13920127,0.73017132,3439.05914,,122.81378,0.071746014,0.015932536
Himachal Pradesh,0,0.208448216,0.995701075,0.290364385,0.419426203,0.261358351,5,2019,State,urban/rural,All Households,0.887514055,0.001935853,0.066994712,0.615770519,0.729152799,0.411261886,0.04111046,7738.213379,2022,0.771544576,0.959833264,0.575163424,0.443618,0.701655388,0.648020506,0.197061256,0.076440521,0.093941152,0.623646796,0.090435237,,,931463.38,93310664,0.99823892,0.005679009,0.057282738,0.63645387,3615.160226,,129.10262,0.057492629,0.005818551
Himachal Pradesh,1,0.080882087,0.998295903,0.233110815,0.199179426,0.219517723,5,2019,State,urban/rural,All Households,0.521442652,0,0.016160648,0.518722713,0.520899653,0.273443997,0.024138434,15941.33691,2022,2.025566101,2.147826672,0.191238329,0.108687058,0.623321176,0.56790036,0.066212878,0.088912174,0.059699036,0.431527555,0.179796845,,,931463.38,93310664,0.99823892,0.020113772,0.054529775,0.49257934,4453.909474,,159.05556,0.02341295,0.009907729
Himachal Pradesh,99,0.189977884,0.996076763,0.282996982,0.389654428,0.255974293,5,2019,State,All,All Households,0.84958142,0.001735258,0.061727244,0.605714321,0.707573414,0.39698109,0.039351806,8727.631836,2022,0.862079561,1.045601368,0.547445714,0.419437438,0.691942632,0.638086259,0.182621703,0.077833548,0.089370824,0.60332793,0.097195052,,,931463.38,93310664,0.99823892,0.007174751,0.056997474,0.62154549,3686.887009,,131.66408,0.053102639,0.006345301
India,0,0.535749197,0.963957727,0.338790268,0.385764837,0.32961154,5,2019,National,urban/rural,All Households,0.458168954,0.062459544,0.554675639,0.216804624,0.157503396,0.271913499,0.020179288,9540.262695,2022,0.837492526,1.017843604,0.439092994,0.300428927,0.589432001,0.56466943,0.202369943,0.042010989,0.09801963,0.39650479,0.038984984,,,93310664,93310664,100,0.061849859,0.2768226,0.87585223,2615.002611,,93.385536,0.21237667,0.056454737
India,1,0.330067694,0.983562768,0.212952271,0.262889236,0.216240406,5,2019,National,urban/rural,All Households,0.324729145,0.028447053,0.322402924,0.253153443,0.168380767,0.18031159,0.016320296,15548.38672,2022,1.558676481,1.721192241,0.244276091,0.135610834,0.507970273,0.474049181,0.064868048,0.066777647,0.095522262,0.261182398,0.086839624,,,93310664,93310664,100,0.028913906,0.14308301,0.68091989,3408.69649,,121.72949,0.055155069,0.01101905
India,99,0.467509359,0.970462203,0.298906654,0.346071571,0.293679208,5,2019,National,All,All Households,0.420354515,0.052821016,0.488853753,0.227105215,0.16058585,0.245955154,0.019085718,10844.25781,2022,1.026369333,1.202049375,0.388070762,0.257263333,0.564487815,0.536920786,0.165196046,0.048835434,0.097362131,0.355689824,0.049583524,,,93310664,93310664,100,0.052516401,0.23892321,0.82061195,2800.222373,2800.2224,100,0.16392806,0.042453505
Jammu and Kashmir,0,0.618180275,0.995737553,0.18835482,0.222978905,0.239207014,5,2019,State,urban/rural,All Households,0.593229115,0.006917276,0.44302094,0.355083525,0.012239942,0.738074124,0.073536068,11344.69531,2022,0.974974513,1.134325027,0.421875626,0.28672868,0.614374578,0.574530602,0.11760518,0.064852953,0.064356349,0.492899418,0.079630278,,,675785.38,93310664,0.72423166,0.013379182,0.17097884,0.77813357,3203.689424,,114.40839,0.078970119,0.013209112
Jammu and Kashmir,1,0.412418097,0.994591832,0.125630826,0.17476128,0.15000765,5,2019,State,urban/rural,All Households,0.420570284,0.002589019,0.19178924,0.403989255,0.019161774,0.694999278,0.045904394,16687.7832,2022,1.484056473,1.648066759,0.226267248,0.115643471,0.529683232,0.468221784,0.053669285,0.116034329,0.061601967,0.302673995,0.288680702,,,675785.38,93310664,0.72423166,0.011964581,0.060683552,0.5890879,4032.691306,,144.01324,0.015621888,0.001160011
Jammu and Kashmir,99,0.560708523,0.995417535,0.171959132,0.209855884,0.215890825,5,2019,State,All,All Households,0.554937124,0.005957362,0.387303174,0.365929753,0.013775055,0.728521049,0.067407958,12423.3291,2022,1.049414039,1.209445953,0.393273145,0.261712074,0.597620249,0.553499699,0.106905587,0.073827058,0.063898399,0.455375254,0.107039638,,,675785.38,93310664,0.72423166,0.013065454,0.14651774,0.73620731,3327.930516,,118.84522,0.062550865,0.010086101
Jharkhand,0,0.658262849,0.993715703,0.412290663,0.284961432,0.365065902,5,2019,State,urban/rural,All Households,0.728662968,0.217213577,0.206865817,0.08115156,0.193062097,0.070253842,0.009638526,8344.445313,2022,0.713271856,0.868457198,0.522453606,0.38510856,0.568713069,0.561259091,0.2527574,0.013106771,0.090700097,0.377378017,0.000734502,51.599998,4,1657278.9,93310664,1.7760873,0.18990391,0.48395237,0.93019044,2103.591032,,75.122284,0.37289152,0.11367442
Jharkhand,1,0.400827467,0.995393038,0.209376529,0.158852518,0.218258947,5,2019,State,urban/rural,All Households,0.396158934,0.030732025,0.091633298,0.113643147,0.204490855,0.041449212,0.007383848,14546.05371,2022,1.453377128,1.582600117,0.27769348,0.174919367,0.430602163,0.398199797,0.081873693,0.075249009,0.093601651,0.178260371,0.066910453,51.599998,4,1657278.9,93310664,1.7760873,0.076997213,0.24785662,0.78059322,2985.673231,,106.62272,0.08632721,0.018519159
Jharkhand,99,0.596288681,0.994119465,0.365145624,0.255127639,0.330956787,5,2019,State,All,All Households,0.667050481,0.182658808,0.185513392,0.087172203,0.195179835,0.064916387,0.009220737,9001.705078,2022,0.821880519,0.973255932,0.486535668,0.354263812,0.540643215,0.52811873,0.226570636,0.023165988,0.091170758,0.3382999,0.00757798,51.599998,4,1657278.9,93310664,1.7760873,0.16898246,0.44020414,0.90247029,2222.068934,,79.353302,0.30603045,0.091472834
Karnataka,0,0.898406088,0.990780771,0.320862621,0.625177026,0.312591672,5,2019,State,urban/rural,All Households,0.03230397,0.010205707,0.885095894,0.017425833,0.093937337,0.294661403,0.013610319,12433.63672,2022,1.049387455,1.20592773,0.363296717,0.241090968,0.57575959,0.563005686,0.205804899,0.022151528,0.086711906,0.402338833,0.012647348,40.799999,10,5741303,93310664,6.1528907,0.011244263,0.116444,0.78394604,3039.164097,,108.53295,0.11833716,0.018633734
Karnataka,1,0.654316723,0.989883184,0.25898999,0.471991211,0.259583265,5,2019,State,urban/rural,All Households,0.034605954,0.000734576,0.489866108,0.002429909,0.018267261,0.134155229,0.005703226,18512.86523,2022,2.0781703,2.214117527,0.174522802,0.090764612,0.51067394,0.486874551,0.045683905,0.046603858,0.094116017,0.275690585,0.047220897,40.799999,10,5741303,93310664,6.1528907,0.010355606,0.07231342,0.54999644,3939.70477,,140.69257,0.032152899,0.00360988
Karnataka,99,0.797524929,0.990409791,0.295958906,0.562255144,0.291255802,5,2019,State,All,All Households,0.033137418,0.006776617,0.742000163,0.011996453,0.06654045,0.236549005,0.0107475,13950.64355,2022,1.402538419,1.552009702,0.298496157,0.189488336,0.551109195,0.534171879,0.150530577,0.030733071,0.089406736,0.354856253,0.022717787,40.799999,10,5741303,93310664,6.1528907,0.010922519,0.10046621,0.69924295,3262.528145,,116.50961,0.08497858,0.012818584
Kerala,0,0.508200169,0.990635574,0.250004321,0.579134226,0.228476122,5,2019,State,urban/rural,All Households,0.861632049,0.296832111,0.214750439,0.001106232,0.005916788,0.365415603,0.046269391,14366.95703,2022,1.328903794,1.438145995,0.229978904,0.134191349,0.523710191,0.470901161,0.048670925,0.100836374,0.114709273,0.354480565,0.147422746,25.4,15,3264067.8,93310664,3.498065,0.013362321,0.092849582,0.68309712,3637.900542,,129.9147,0.012588571,0.000577356
Kerala,1,0.407447875,0.987727821,0.213398501,0.552861214,0.209797964,5,2019,State,urban/rural,All Households,0.744188786,0.237154324,0.157173768,6.39E-05,0.006838519,0.21666038,0.027454877,16106.4668,2022,1.548016191,1.703072548,0.228839949,0.122384101,0.492606878,0.44460538,0.033183947,0.097443797,0.06610433,0.314008415,0.143936276,25.4,15,3264067.8,93310664,3.498065,0.01518869,0.097088233,0.63376081,3934.550226,,140.50848,0.004135723,0
Kerala,99,0.46051532,0.989259362,0.232613415,0.566689074,0.219602406,5,2019,State,All,All Households,0.807480335,0.26931538,0.188202515,0.00062563,0.006341788,0.296826303,0.037594236,15550.59473,2022,1.425008297,1.554344893,0.229479358,0.1290126,0.508893549,0.458374679,0.04151503,0.099271975,0.091683112,0.335065246,0.145855322,25.4,15,3264067.8,93310664,3.498065,0.014204438,0.094803974,0.66034871,3746.180383,,133.78152,0.008574503,0.000303183
Ladakh,0,0.644899487,0.993881404,0.237922609,0.246585757,0.250852823,5,2019,State,urban/rural,All Households,0.872376025,0.385892001,0.313173801,0.766030073,0.014092084,0.646400213,0.050263967,,,,,,,,,,,,,,,,0,93310664,0,0.098837726,0.29142737,0.85783261,3164.101029,,112.99463,0.076473728,0.008998775
Ladakh,1,0.524528384,0.98178798,0.23476027,0.283043563,0.273561597,5,2019,State,urban/rural,All Households,0.76757133,0.142972368,0.102687471,0.702356339,0.00307486,0.715043426,0.020560009,,,,,,,,,,,,,,,,0,93310664,0,0.03986875,0.12637158,0.66291881,3841.405543,,137.18216,0.01650467,0.003765208
Ladakh,99,0.621846259,0.991565287,0.237332523,0.253428161,0.255090237,5,2019,State,All,All Households,0.858815789,0.3544616,0.285939813,0.757791579,0.01266661,0.655281723,0.04642069,,,,,,,,,,,,,,,,0,93310664,0,0.091207966,0.27007148,0.83261347,3201.806552,,114.34115,0.065117896,0.008007739
Lakshadweep,0,0.403519869,1,0.384087861,0.354081988,0.154159158,5,2019,State,urban/rural,All Households,0.819982469,0.167260303,0.201870516,0,0,0.017386338,0,19916.52344,2022,1.985047698,2.043581724,0.220313087,0.161778986,0.563262224,0.480066299,0.010486669,0.147703722,0.150166646,0.186664611,0.53611207,,,0,93310664,0,0,0.02770669,0.66261804,4193.375693,,149.75153,0.012339019,0
Lakshadweep,1,0.360866219,0.991919816,0.349784911,0.38283056,0.267894328,5,2019,State,urban/rural,All Households,0.890899003,0,0.110348456,0,0.001260048,0.087538265,0.003956399,17984.21094,2022,1.82718575,1.900794506,0.187123939,0.113515206,0.445991516,0.35610047,0.016200854,0.20155327,0.15510653,0.153031424,0.357038826,,,0,93310664,0,0,0.029308192,0.70969182,3901.685952,,139.33485,0.007854932,0
Lakshadweep,99,0.369686723,0.993590772,0.357742995,0.376546532,0.241508469,5,2019,State,All,All Households,0.873714924,0.040529572,0.132525563,0,0.00095472,0.070539445,0.002997707,18773.75586,2022,1.866295338,1.936169386,0.1953464,0.125472337,0.479834616,0.391875714,0.014180684,0.183310881,0.153735071,0.161872566,0.411321342,,,0,93310664,0,0,0.028920125,0.69828516,4091.751338,,146.12238,0.00882642,0
Madhya Pradesh,0,0.60667628,0.993142366,0.374136984,0.351269871,0.353506655,5,2019,State,urban/rural,All Households,0.615712762,0.014253873,0.344719559,0.124289624,0.237704128,0.46572566,0.017183926,8385.904297,2022,0.638526261,0.852951527,0.557565928,0.386835903,0.648639143,0.634649575,0.314786345,0.021567548,0.109054446,0.443824202,0.02479808,42.200001,9,4362210.5,93310664,4.6749325,0.058144812,0.27106941,0.91215301,2450.88166,,87.524536,0.29620168,0.068865046
Madhya Pradesh,1,0.418589652,0.993081272,0.311103195,0.303259879,0.295631111,5,2019,State,urban/rural,All Households,0.363708794,0.007514771,0.132502347,0.244983301,0.166577429,0.272731513,0.017081935,11386.66992,2022,1.306053877,1.580328345,0.378058314,0.188640043,0.508999884,0.48301506,0.116961695,0.051050827,0.094868146,0.246896639,0.044524159,42.200001,9,4362210.5,93310664,4.6749325,0.031722229,0.2176183,0.78359485,2933.567355,,104.76194,0.076088704,0.013621197
Madhya Pradesh,99,0.555571079,0.993125796,0.357452005,0.338254362,0.338187069,5,2019,State,All,All Households,0.552462161,0.012562423,0.29145506,0.15458259,0.219852015,0.417285979,0.017158328,9040.757813,2022,0.778704226,1.005697489,0.519870102,0.345215619,0.61177808,0.594622076,0.272367388,0.028042844,0.105677791,0.390901774,0.02814636,42.200001,9,4362210.5,93310664,4.6749325,0.051512998,0.25765368,0.87988609,2552.841294,,91.165665,0.23962457,0.054665353
Maharashtra,0,0.471252531,0.993583739,0.268439442,0.29127115,0.283241004,5,2019,State,urban/rural,All Households,0.525824368,0.000561134,0.401167631,0.29060024,0.015956666,0.08255209,0.01097018,9486.90625,2022,0.773937047,0.9502244,0.478932381,0.339801729,0.608268976,0.585096836,0.210732073,0.038095225,0.086750567,0.441891104,0.032487638,50.299999,6,10582448,93310664,11.341092,0.084559999,0.32386929,0.88659859,2560.407063,,91.435844,0.13355947,0.022188794
Maharashtra,1,0.215830892,0.992288351,0.102757417,0.13346304,0.135409519,5,2019,State,urban/rural,All Households,0.272798777,0,0.146811053,0.180965364,0.014504244,0.022492876,0.007002582,16500.51758,2022,1.786944866,1.893371463,0.170072168,0.096875414,0.530991673,0.494394124,0.050061513,0.068923064,0.089073986,0.28497687,0.075139187,50.299999,6,10582448,93310664,11.341092,0.041690324,0.18416172,0.7262041,3343.30214,,119.39417,0.033417873,0.003379995
Maharashtra,99,0.350047231,0.992969036,0.193928286,0.218120635,0.216757655,5,2019,State,All,All Households,0.418977648,0.00032418,0.293758869,0.244304016,0.015343343,0.057190508,0.009294758,12578.85645,2022,1.151585698,1.3018291,0.363789499,0.249238953,0.575214446,0.546299696,0.148536742,0.050267737,0.087704085,0.375833869,0.046102285,50.299999,6,10582448,93310664,11.341092,0.066457152,0.2648741,0.8188678,2850.585466,,101.79854,0.089880563,0.013984932
Manipur,0,0.47183612,0.985730112,0.200224757,0.105901547,0.256355196,5,2019,State,urban/rural,All Households,0.796798587,0.000608425,0.093286969,0.179562837,0.022424603,0.175173685,0.012247041,13632.54199,2022,1.323462844,1.478889108,0.237799406,0.128076747,0.593177915,0.564634204,0.110057056,0.048119999,0.036285833,0.477174699,0.047846511,,,121851,93310664,0.13058636,0.088997297,0.35581729,0.92803466,2302.758237,,82.234833,0.12873229,0.019285617
Manipur,1,0.388102442,0.990041196,0.166925564,0.074272476,0.214059725,5,2019,State,urban/rural,All Households,0.688243628,0.002475198,0.180430233,0.178573623,0.006528977,0.155625775,0.01143054,14382.69922,2022,1.539057016,1.705282688,0.217603907,0.110802166,0.564751446,0.524533987,0.070805699,0.071212657,0.034106914,0.449388683,0.087755702,,,121851,93310664,0.13058636,0.051570971,0.27513885,0.8984279,2372.800776,,84.736153,0.044142134,0.004728457
Manipur,99,0.44009617,0.987364233,0.187797368,0.09383788,0.240570351,5,2019,State,All,All Households,0.767549336,0.001111412,0.116767026,0.1792963,0.018141653,0.169906646,0.012027041,13764.89648,2022,1.38381505,1.542264462,0.232145995,0.123240992,0.584790409,0.552802205,0.099067777,0.05470024,0.035699818,0.468896121,0.059242412,,,121851,93310664,0.13058636,0.07891307,0.33407912,0.92005736,2321.948117,,82.920135,0.09671443,0.013775649
Meghalaya,0,0.649825096,0.435515434,0.382556766,0.301789641,0.416222155,5,2019,State,urban/rural,All Households,0.736080229,0.067469464,0.136105433,0.022072481,0.025558798,0.294431835,0.018940492,10842.17773,2022,1.133715391,1.244357824,0.371481806,0.286620229,0.797764361,0.756694973,0.08957985,0.051480643,0.047216896,0.749868512,0.067580089,,,165283.95,93310664,0.17713298,0.1111612,0.36745629,0.93784243,2491.070865,,88.959747,0.31466216,0.12106353
Meghalaya,1,0.403272778,0.635281026,0.117626116,0.135547221,0.160047948,5,2019,State,urban/rural,All Households,0.467567772,0.024824599,0.01509175,0.053760596,0.007725191,0.30813843,0.035328127,16297.04492,2022,2.164814472,2.360668421,0.19498381,0.079154804,0.578335702,0.496830463,0.037806291,0.140930682,0.056264393,0.476793766,0.207079917,,,165283.95,93310664,0.17713298,0.030449798,0.10350691,0.70086288,3463.103639,,123.67245,0.081994355,0.026902726
Meghalaya,99,0.596241653,0.478930652,0.331974477,0.267429739,0.367311716,5,2019,State,All,All Households,0.697184145,0.06129203,0.118575685,0.026662746,0.022975463,0.296417356,0.021314366,11231.12305,2022,1.269201875,1.39104116,0.348289967,0.25935927,0.760546148,0.712618232,0.083457448,0.063017771,0.048352018,0.701922655,0.084217466,,,165283.95,93310664,0.17713298,0.099469535,0.32922122,0.90351409,2632.354841,,94.005203,0.27019063,0.10306587
Mizoram,0,0.407192469,0.968287408,0.388379484,0.111274265,0.372321576,5,2019,State,urban/rural,All Households,0.891813397,0.087895225,0.153259099,0.669252515,0.007716607,0.008439628,0.005876554,16865.61133,2022,1.402199268,1.5023489,0.299307555,0.238054499,0.557470083,0.549700677,0.21743232,0.013936922,0.01477182,0.427512169,0.011616596,,,133113.56,93310664,0.14265633,0.025709497,0.16252035,0.81638187,2946.92427,,105.23894,0.11465691,0.037125126
Mizoram,1,0.143347487,0.968464136,0.284525752,0.080805518,0.265662581,5,2019,State,urban/rural,All Households,0.942914367,0.048456906,0.098022342,0.734541774,0.006934939,0.02114206,0.007369052,22219.75977,2022,1.944171071,2.007389784,0.157774344,0.121075571,0.525992215,0.507036328,0.100993007,0.036038321,0.013425085,0.408180803,0.042966682,,,133113.56,93310664,0.14265633,0.008681683,0.051781438,0.63482046,3790.881209,,135.37787,0.007993477,0.000680698
Mizoram,99,0.262047887,0.968384624,0.333677709,0.094449051,0.316142201,5,2019,State,All,All Households,0.914337039,0.070512113,0.128912553,0.698029876,0.007372073,0.014038442,0.006534398,20342.49219,2022,1.639719009,1.723683596,0.237280473,0.186788365,0.54306376,0.530174673,0.16646786,0.023733988,0.014169862,0.418367893,0.026084982,,,133113.56,93310664,0.14265633,0.018204197,0.11371028,0.73635554,3281.443742,,117.18511,0.057503603,0.017597163
Nagaland,0,0.786160767,0.970168829,0.130693078,0.120165087,0.291472852,5,2019,State,urban/rural,All Households,0.482376754,0,0.435864896,0.070642158,0.001169624,0.310599476,0.009183222,12251.77832,2022,1.163123727,1.306433916,0.408675283,0.310844272,0.753657281,0.706967413,0.176687747,0.061951023,0.057358865,0.658738673,0.061824817,,,102806.01,93310664,0.11017606,0.068904884,0.30312824,0.88810378,2767.316179,,98.824867,0.22169407,0.038815737
Nagaland,1,0.462333292,0.982881665,0.053964976,0.054810669,0.135963842,5,2019,State,urban/rural,All Households,0.388283104,0.004913877,0.402909279,0.147548914,0.005373018,0.169284776,0.013558906,17984.21094,2022,1.947655916,2.039114952,0.192751095,0.131421179,0.62934345,0.555123389,0.041229013,0.117932536,0.041508064,0.504466176,0.124731436,,,102806.01,93310664,0.11017606,0.008911032,0.069875583,0.67887902,3424.377471,,122.28948,0.063680984,0.008263414
Nagaland,99,0.681645453,0.974271894,0.106036387,0.098283745,0.241499797,5,2019,State,All,All Households,0.457776546,0.001284702,0.427248865,0.090748943,0.002268575,0.273653656,0.010327217,13165.7793,2022,1.344294667,1.475630999,0.358812183,0.269410342,0.717847824,0.663227737,0.144028068,0.076088704,0.052691702,0.615405738,0.076309092,,,102806.01,93310664,0.11017606,0.053219873,0.24214581,0.83340329,2920.09498,,104.28082,0.17056227,0.028929243
Odisha,0,0.533114851,0.994054377,0.42464301,0.576672077,0.400975883,5,2019,State,urban/rural,All Households,0.616782069,0.08027152,0.392943442,0.18448393,0.02460267,0.606310606,0.020597102,7861.785156,2022,0.678718686,0.896030724,0.537660122,0.357855946,0.597264528,0.569348097,0.232818738,0.046740457,0.127267376,0.403315216,0.035496645,67.800003,1,3078629.8,93310664,3.2993333,0.10004643,0.40905017,0.94037002,2249.138991,,80.320015,0.23550354,0.058836449
Odisha,1,0.294786185,0.994959295,0.322481364,0.429881752,0.287174523,5,2019,State,urban/rural,All Households,0.389943451,0.01448547,0.217784449,0.380334318,0.014197788,0.327636153,0.014558484,14312.50195,2022,1.517961025,1.700611234,0.303609997,0.171359286,0.516592681,0.474537104,0.073760681,0.081409536,0.122618794,0.287000716,0.106618136,67.800003,1,3078629.8,93310664,3.2993333,0.061960287,0.24486996,0.75912094,2875.616185,,102.69242,0.069765635,0.015707683
Odisha,99,0.492669225,0.994207919,0.407057315,0.551621556,0.381386548,5,2019,State,All,All Households,0.583925545,0.070742727,0.367572516,0.212851912,0.023095572,0.565945923,0.019722437,8432.805664,2022,0.788215935,1.00100553,0.507123291,0.333523452,0.584758103,0.554649711,0.211721838,0.051488627,0.126599893,0.386101067,0.043320745,67.800003,1,3078629.8,93310664,3.2993333,0.094529837,0.38526943,0.91411698,2320.016364,,82.851143,0.20799972,0.051679328
Puducherry,0,0.212563783,0.997439206,0.234892845,0.147990406,0.165718034,5,2019,State,urban/rural,All Households,0.203035712,0,0.348377854,0.902173579,0.053057987,0.079967856,0,12054.7373,2022,1.558763146,1.77908504,0.308512211,0.13963145,0.539301336,0.519154966,0.010208385,0.037356403,0.076219171,0.363824725,0.054640856,,,194240.22,93310664,0.20816508,0.006665924,0.027548967,0.68931913,3604.245584,,128.71283,0.015759077,0.001149195
Puducherry,1,0.189564154,0.995513201,0.247512043,0.218837306,0.217402875,5,2019,State,urban/rural,All Households,0.102248058,0,0.144559324,0.844015002,0.022520382,0.059123147,0.002632135,19571.05469,2022,2.10665679,2.176830769,0.120616563,0.072923481,0.480637282,0.442719698,0.024376081,0.078890264,0.093851835,0.282335818,0.072816662,,,194240.22,93310664,0.20816508,0.006823648,0.052673671,0.44767904,4541.016893,,162.16629,0.013531095,9.55E-05
Puducherry,99,0.196598649,0.996102273,0.243718117,0.196961284,0.201863974,5,2019,State,All,All Households,0.135836154,0,0.212483093,0.863396704,0.032697227,0.066069774,0.00175496,15670.80469,2022,1.870048523,2.005064011,0.201759428,0.101731367,0.502951443,0.471793503,0.01844611,0.061950162,0.087672494,0.312290519,0.065032832,,,194240.22,93310664,0.20816508,0.006771085,0.044300713,0.52820706,4210.940413,,150.37878,0.014223838,0.000423116
Punjab,0,0.244288445,0.992658138,0.24906455,0.176651075,0.245212048,5,2019,State,urban/rural,All Households,0.398778051,0.001916416,0.197802871,0.43997094,0.783271432,0.125351682,0.012098073,11002.52148,2022,1.054251075,1.192774653,0.294666052,0.190431401,0.560910702,0.517763197,0.105222784,0.076924071,0.117961846,0.32634443,0.087203696,10.7,18,2848066.5,93310664,3.0522411,0.005222674,0.075270243,0.73445809,3473.962069,,124.06022,0.049012713,0.00723106
Punjab,1,0.173362613,0.990631521,0.13785775,0.121743709,0.137876704,5,2019,State,urban/rural,All Households,0.192172632,0,0.151627034,0.432440758,0.702780604,0.053973433,0.008992878,13621.53125,2022,1.351911902,1.489216685,0.236292496,0.139807463,0.522943974,0.486919075,0.064122394,0.068888672,0.113683768,0.237712264,0.100919455,10.7,18,2848066.5,93310664,3.0522411,0.010864692,0.077757545,0.62288934,3760.113808,,134.27911,0.044360436,0.006945962
Punjab,99,0.216409788,0.991861522,0.208334208,0.156296462,0.205899656,5,2019,State,All,All Households,0.325325102,0.001235086,0.181386307,0.437293798,0.754655123,0.099975087,0.010994106,12433.63672,2022,1.160969496,1.299056053,0.273737758,0.172281533,0.546482503,0.506041706,0.09019392,0.074001968,0.116259299,0.293397814,0.091334499,10.7,18,2848066.5,93310664,3.0522411,0.00722854,0.076154537,0.69479287,3566.4331,,127.3625,0.047321457,0.007127417
Rajasthan,0,0.282171249,0.995699406,0.336265951,0.306016803,0.309383303,5,2019,State,urban/rural,All Households,0.406181186,0.00019722,0.472096384,0.062578507,0.759763718,0.361377835,0.066912591,10594.33398,2022,0.665257454,0.8317101,0.482171446,0.35273546,0.622007847,0.590225637,0.301660627,0.051096216,0.103973374,0.470311135,0.039563715,28.6,12,5199396.5,93310664,5.5721354,0.06599208,0.25015977,0.85034174,2758.01465,,98.492699,0.20367511,0.045247972
Rajasthan,1,0.153093591,0.997196853,0.227357551,0.186914891,0.21901454,5,2019,State,urban/rural,All Households,0.235691771,0,0.208805144,0.063583679,0.631450653,0.250509381,0.051072091,14810.52734,2022,1.235900044,1.357922435,0.232683271,0.142979473,0.509737194,0.459658831,0.093461506,0.09824343,0.120994173,0.274549633,0.13485311,28.6,12,5199396.5,93310664,5.5721354,0.02790701,0.13750267,0.70578527,3355.017867,,119.81255,0.042212449,0.00789541
Rajasthan,99,0.250370651,0.996068299,0.310110599,0.277119219,0.287680417,5,2019,State,All,All Households,0.365149468,0.000149755,0.40873,0.06282042,0.728882611,0.334695101,0.063100256,11421.3457,2022,0.784588873,0.941750348,0.429999083,0.308871776,0.590051711,0.553061783,0.252408057,0.062689334,0.108098298,0.417198747,0.056577109,28.6,12,5199396.5,93310664,5.5721354,0.056826137,0.22304656,0.81555128,2884.237249,,103.00029,0.16569094,0.036460765
Sikkim,0,0.494535536,0.986502945,0.211964533,0.327255934,0.222846851,5,2019,State,urban/rural,All Households,0.510756493,0.000935,0.439474165,0.336373985,0.251517147,0.028176537,0.010971267,11700.35352,2022,1.010088086,1.110456347,0.44373554,0.367997825,0.800550163,0.777255535,0.209607288,0.029098313,0.053741779,0.751583397,0.024569085,,,167101.23,93310664,0.17908053,0.001205116,0.024092028,0.46530247,3549.180616,,126.74638,0.054662313,0.00736835
Sikkim,1,0.392366737,0.96366632,0.135055259,0.126093194,0.166709602,5,2019,State,urban/rural,All Households,0.247046188,0,0.103748441,0.2646074,0.016179936,0.004687281,0.004268856,18512.86523,2022,1.757235408,1.781199694,0.086915746,0.070252292,0.567147374,0.549630642,0.08990515,0.030885665,0.042816803,0.320234656,0.069357388,,,167101.23,93310664,0.17908053,0.001368161,0.010510978,0.31988296,4704.109431,,167.99057,0.004252714,0.000171876
Sikkim,99,0.451325506,0.976844728,0.184528768,0.245837763,0.202821076,5,2019,State,All,All Households,0.438720226,0.000679591,0.347765863,0.316769898,0.187231392,0.021760108,0.009140407,12649.20801,2022,1.132811785,1.220630169,0.385125637,0.319091231,0.746728003,0.724765718,0.188674346,0.029411351,0.050868481,0.659954965,0.029185666,,,167101.23,93310664,0.17908053,0.001249654,0.020382168,0.42557904,3850.880286,,137.52051,0.036746111,0.004810633
Tamil Nadu,0,0.295785725,0.994404495,0.31096679,0.300761431,0.284691036,5,2019,State,urban/rural,All Households,0.946858048,0.395186189,0.734794021,0.314508468,0.830242336,0.193407178,0.023751659,10890.90625,2022,1.100252986,1.309552431,0.360143065,0.202027276,0.602793038,0.558413029,0.080310963,0.073623993,0.101796202,0.464172184,0.090033345,29.200001,11,8286430.5,93310664,8.880475,0.00850912,0.067697704,0.70368761,3396.3724,,121.28938,0.053213075,0.003506249
Tamil Nadu,1,0.207462192,0.994048357,0.239914671,0.232584238,0.215097144,5,2019,State,urban/rural,All Households,0.837809503,0.119231283,0.658321023,0.356929123,0.801446855,0.102340803,0.01194089,15427.3877,2022,1.692342281,1.889797807,0.241765276,0.118029565,0.504665971,0.471611083,0.038101539,0.065498568,0.087162003,0.291057825,0.08268708,29.200001,11,8286430.5,93310664,8.880475,0.006191715,0.041810699,0.52887714,3990.590328,,142.50977,0.021426186,0.000723416
Tamil Nadu,99,0.253507018,0.994234025,0.277023822,0.267835796,0.251444668,5,2019,State,All,All Households,0.897213399,0.269556992,0.699979484,0.333820581,0.817133129,0.151948974,0.018374775,12706.05859,2022,1.3362391,1.540817976,0.312961817,0.168548718,0.557839692,0.51864785,0.062727921,0.070256449,0.095094547,0.38476032,0.087484121,29.200001,11,8286430.5,93310664,8.880475,0.007454115,0.055912577,0.62410468,3643.600384,,130.11826,0.038375616,0.002207281
Telangana,0,0.918473899,0.995713532,0.284095973,0.347863883,0.256398022,5,2019,State,urban/rural,All Households,0.252782285,0,0.701547265,0.696043909,0.038878381,0.246396467,0.015805332,12062.28516,2022,0.902164936,1.046647191,0.399172336,0.275337189,0.637376845,0.607502043,0.168634236,0.046871539,0.090499885,0.507935643,0.04091939,43.599998,8,3787309.3,93310664,4.0588174,0.014599845,0.11678658,0.82509714,3049.448899,,108.90024,0.088028349,0.010582929
Telangana,1,0.729434669,0.994255364,0.232540354,0.239609271,0.214341894,5,2019,State,urban/rural,All Households,0.160756648,0,0.39612022,0.658466935,0.009923076,0.18321763,0.008238094,22127.23047,2022,1.972984791,2.058905363,0.156482026,0.093645945,0.539865434,0.494189501,0.055403896,0.084606148,0.084734991,0.306976289,0.113491707,43.599998,8,3787309.3,93310664,4.0588174,0.003096462,0.060528021,0.58470231,3848.741492,,137.44414,0.028692333,0.003414035
Telangana,99,0.851959288,0.995200455,0.266331941,0.310053617,0.24190715,5,2019,State,All,All Households,0.212196827,0,0.566846848,0.679471612,0.026108418,0.218533128,0.012468004,15199.45117,2022,1.237567425,1.363707066,0.323156804,0.218427807,0.599350452,0.563313663,0.129896328,0.060126383,0.088073261,0.431834072,0.06045578,43.599998,8,3787309.3,93310664,4.0588174,0.009526585,0.091975249,0.71907741,3312.137274,,118.28122,0.067780487,0.008136611
Tripura,0,0.480980486,0.990751266,0.313050926,0.299081355,0.290423751,5,2019,State,urban/rural,All Households,0.97294879,0.538351373,0.61918354,0.076305859,0.008600192,0.408214957,0.036459528,10890.90625,2022,0.984386563,1.093880415,0.349007279,0.252090424,0.642701685,0.630413949,0.182562664,0.019118898,0.096619934,0.476047099,0.01857209,,,282970.13,93310664,0.30325595,0.004701012,0.066455081,0.7500968,3134.313948,,111.93089,0.19702396,0.035889946
Tripura,1,0.350937456,0.9936198,0.233954817,0.18030788,0.23118031,5,2019,State,urban/rural,All Households,0.935365677,0.280975844,0.438769013,0.110704727,0.009113293,0.308689028,0.023212221,14731.35352,2022,1.267727375,1.419775605,0.280848414,0.16564253,0.481350273,0.463872313,0.071497627,0.036310248,0.074375093,0.283870518,0.058348812,,,282970.13,93310664,0.30325595,0,0.015521985,0.49748915,4188.379902,,149.57312,0.056249794,0.009139598
Tripura,99,0.442181677,0.99160707,0.290669352,0.265313119,0.273659825,5,2019,State,All,All Households,0.965170562,0.485084768,0.581844866,0.083425067,0.008706384,0.387617022,0.033717856,11556.86426,2022,1.029884934,1.146212101,0.338062435,0.238208771,0.613060653,0.599819481,0.166783795,0.021598535,0.093270838,0.439804673,0.023413884,,,282970.13,93310664,0.30325595,0.003728087,0.055913936,0.69781697,3275.641086,,116.97789,0.15699963,0.028284401
Uttar Pradesh,0,0.396133751,0.990339756,0.396811455,0.429233193,0.389850885,5,2019,State,urban/rural,All Households,0.311704189,0.000440284,0.660556912,0.202703699,0.012595112,0.056200292,0.003749387,8475.467773,2022,0.689966321,0.864444733,0.502230763,0.364568681,0.538566172,0.517750859,0.23776415,0.038649451,0.107926674,0.303168356,0.020334911,45.900002,7,7709481.5,93310664,8.2621651,0.06198445,0.3303566,0.92558616,2374.243596,,84.787682,0.26366782,0.077120312
Uttar Pradesh,1,0.242054597,0.989512563,0.241183698,0.27687797,0.258637309,5,2019,State,urban/rural,All Households,0.235648036,5.90E-06,0.404780924,0.275239766,0.012433688,0.045174014,0.00383924,12694.7373,2022,1.312357068,1.500083685,0.314736187,0.174175039,0.4651618,0.429313719,0.106800355,0.077065788,0.112477094,0.158890978,0.125803337,45.900002,7,7709481.5,93310664,8.2621651,0.042179435,0.22461841,0.80509943,2834.990265,,101.24161,0.11581855,0.028515523
Uttar Pradesh,99,0.356779784,0.990128517,0.359104514,0.391533434,0.358059227,5,2019,State,All,All Households,0.296355128,0.00035262,0.608938158,0.217342362,0.012562536,0.053975053,0.00376752,9035.148438,2022,0.798228562,0.975011408,0.46961692,0.331450522,0.522264123,0.498110294,0.21269612,0.046248328,0.10877236,0.272208512,0.033545449,45.900002,7,7709481.5,93310664,8.2621651,0.057987556,0.30901733,0.90127045,2448.451256,,87.437744,0.22938703,0.065850653
Uttarakhand,0,0.413427174,0.994403481,0.375099599,0.250250906,0.31817016,5,2019,State,urban/rural,All Households,0.353039742,0,0.387267679,0.4831101,0.01315047,0.431252688,0.032616206,11672.57715,2022,1.051863074,1.131605268,0.362850636,0.293155968,0.571903944,0.535764813,0.165515453,0.06319084,0.081712388,0.412683249,0.051738318,,,1438469.4,93310664,1.5415916,0.029022308,0.17605311,0.80750453,3057.208291,,109.17734,0.11215628,0.015606856
Uttarakhand,1,0.192546502,0.98454088,0.327205718,0.243825302,0.28779462,5,2019,State,urban/rural,All Households,0.277282387,0,0.119406253,0.52877748,0.013112349,0.382504135,0.052100435,16306.62207,2022,1.782050252,1.855524659,0.145074308,0.101500474,0.48518759,0.450485915,0.070811592,0.071522161,0.087704711,0.226071358,0.147251442,,,1438469.4,93310664,1.5415916,0.019860417,0.11026376,0.60348004,3522.074619,,125.77839,0.065843552,0.01389845
Uttarakhand,99,0.341411829,0.99118793,0.359965205,0.24818109,0.308571547,5,2019,State,All,All Households,0.337246597,0,0.331426561,0.492630392,0.013142522,0.421090066,0.036678087,13126.39844,2022,1.214018106,1.292368412,0.314488351,0.250594407,0.550027013,0.514250576,0.144585922,0.065044902,0.083303295,0.366269946,0.066400908,,,1438469.4,93310664,1.5415916,0.027112328,0.16233799,0.76497149,3142.101143,,112.20898,0.098109931,0.015088708
West Bengal,0,0.538493335,0.98818332,0.355356842,0.463616788,0.349408776,5,2019,State,urban/rural,All Households,0.039711025,0.082516871,0.963156164,0.229423806,0.065135196,0.78231746,0.040875115,8225.780273,2022,0.813524246,1.067590356,0.455632865,0.282584548,0.602438867,0.583489299,0.118584901,0.031454798,0.10641557,0.382307947,0.029747806,21.799999,16,5618423,93310664,6.0212016,0.033751212,0.25012556,0.90326798,2552.716137,,91.161194,0.19842692,0.036459342
West Bengal,1,0.322317392,0.992099583,0.200841606,0.311101675,0.203352243,5,2019,State,urban/rural,All Households,0.035330687,0.03573381,0.7188586,0.39879784,0.029110707,0.614784658,0.040665057,10639.48926,2022,1.288037539,1.608203411,0.383315951,0.192022353,0.534177065,0.506467104,0.055803865,0.051874071,0.100877367,0.292888612,0.067361996,21.799999,16,5618423,93310664,6.0212016,0.0473965,0.20150696,0.73392755,3259.821257,,116.41294,0.056735307,0.011043457
West Bengal,99,0.467152357,0.989475727,0.307012856,0.41417259,0.303711295,5,2019,State,All,All Households,0.038494982,0.069529226,0.895335674,0.276444465,0.055134285,0.735807955,0.040816799,8825.584961,2022,0.943769336,1.215978742,0.435783207,0.257726908,0.581579447,0.559952855,0.101232767,0.037185937,0.105030924,0.354918063,0.039255712,21.799999,16,5618423,93310664,6.0212016,0.037539341,0.23662834,0.85625666,2702.626219,,96.514702,0.15270698,0.028258344
Dadra & Nagar Haveli and Daman & Diu,0,,,,,,,2022,State,urban/rural,,0.361873895,0,0.285186857,0.007601317,0.006208573,0.222339571,0.014964336,,,,,,,,,,,,,,,,,,,0.1948013,0.41775808,0.90647262,2257.742264,,80.627251,0.22195493,0.033448994
Dadra & Nagar Haveli and Daman & Diu,1,,,,,,,2022,State,urban/rural,,0.066428244,0,0.052642096,0.033783659,0.017495556,0.112457372,0.025271919,,,,,,,,,,,,,,,,,,,0.009747067,0.099094391,0.7728368,3318.708187,,118.51588,0.051075306,0.013339214
Dadra & Nagar Haveli and Daman & Diu,99,,,,,,,2022,State,All,,0.193876818,0,0.152956635,0.022489188,0.012626607,0.159858063,0.020825461,,,,,,,,,,,,,,,,,,,0.089575283,0.23655869,0.83048427,2888.8733,,103.16586,0.14268456,0.024120146
Dadra and Nagar Haveli,,,,,,,,2022,,,,,,,,,,,,,,,,,,,,,,,,,,0,93310664,0,,,,,,,,
Daman and Diu,0,,,,,,,2022,state,urban/rural,All Households,,,,,,,,,2022,1.262664318,1.427535176,0.418608427,0.290514588,0.735097647,0.710750341,0.203319907,0.033121191,0.155270293,0.608080745,0,,,,,,,,,,,,,
Daman and Diu,1,,,,,,,2022,state,urban/rural,All Households,,,,,,,,,2022,2.047721148,2.139268637,0.130844444,0.088064499,0.616879404,0.597532928,0.024846312,0.031361837,0.089258388,0.236173943,0.053447008,,,,,,,,,,,,,
Daman and Diu,99,,,,,,,2022,state,All,All Households,,,,,,,,,2022,1.740863919,1.861071467,0.243323535,0.167196706,0.665987849,0.644564033,0.106598005,0.032168522,0.120075859,0.405942917,0.01690067,,,,,,,,,,,,,
Daman and Diu,,,,,,,,2022,,,,,,,,,,,,,,,,,,,,,,,,,,0,93310664,0,,,,,,,,
Jammu and Kashmir,,,,,,,,2022,,,,,,,,,,,,,,,,,,,,,,,,,,675785.38,93310664,0.72423166,,,,,,,,
