statenumber,state,lf_cws,emp_cws,unpaid_emp,unemp_cws,neet,lfpr_female,unemp_female,type,sector,level,area,year,dem,yr
35,Andaman and Nicobar Islands,0.673965335,0.60092181,0.240437016,0.108378798,0.366824478,0.50933063,0.153264791,State+Urban+All,0,state,urban/rural,2023,All,2023
35,Andaman and Nicobar Islands,0.627781034,0.55460459,0.154636651,0.116563715,0.328423113,0.422013938,0.183757976,State+AllSectors+All,99,state,All,2023,All,2023
35,Andaman and Nicobar Islands,0.569713116,0.496369481,0.024036385,0.128737837,0.288510978,0.313720435,0.24515748,State+Urban+All,1,state,urban/rural,2023,All,2023
35,Andaman and Nicobar Islands,0.646793246,0.545375109,0.135511607,0.156801492,0.309264958,0.467619777,0.245187759,State+AllSectors+All,99,state,All,2022,All,2022
35,Andaman and Nicobar Islands,0.63334471,0.507968307,0.025813099,0.197959125,0.307866693,0.446902335,0.349144459,State+Urban+All,1,state,urban/rural,2022,All,2022
35,Andaman and Nicobar Islands,0.657265365,0.574503064,0.211039126,0.125919163,0.310409665,0.48424527,0.168196976,State+Urban+All,0,state,urban/rural,2022,All,2022
28,Andhra Pradesh,0.604427278,0.562731266,0.144284591,0.068984352,0.320355952,0.441514105,0.084054202,State+Urban+All,0,state,urban/rural,2022,All,2022
28,Andhra Pradesh,0.500762522,0.460877568,0.072486185,0.07964848,0.299515545,0.286530137,0.083377823,State+Urban+All,1,state,urban/rural,2023,All,2023
28,Andhra Pradesh,0.59960866,0.5516451,0.150324896,0.079991445,0.316325247,0.439673722,0.08647006,State+Urban+All,0,state,urban/rural,2023,All,2023
28,Andhra Pradesh,0.569560707,0.524052918,0.129515395,0.07989978,0.310960799,0.392923027,0.085781686,State+AllSectors+All,99,state,All,2023,All,2023
28,Andhra Pradesh,0.577102304,0.533614218,0.123696201,0.075355887,0.315909982,0.40133819,0.091416009,State+AllSectors+All,99,state,All,2022,All,2022
28,Andhra Pradesh,0.514238954,0.466628194,0.066576004,0.092584923,0.306128681,0.309578687,0.115395673,State+Urban+All,1,state,urban/rural,2022,All,2022
12,Arunachal Pradesh,0.679030001,0.645638764,0.223139122,0.049174894,0.189857334,0.582291245,0.045987282,State+AllSectors+All,99,state,All,2022,All,2022
12,Arunachal Pradesh,0.599802256,0.522999227,0.075570248,0.128047273,0.263769209,0.45626843,0.182771817,State+Urban+All,1,state,urban/rural,2023,All,2023
12,Arunachal Pradesh,0.548168361,0.488510638,0.105199903,0.108831055,0.253746748,0.370957792,0.167191863,State+Urban+All,1,state,urban/rural,2022,All,2022
12,Arunachal Pradesh,0.722114205,0.677002251,0.207589298,0.062472019,0.170142278,0.654197812,0.063047394,State+AllSectors+All,99,state,All,2023,All,2023
12,Arunachal Pradesh,0.703582764,0.675119758,0.239150882,0.040454388,0.176261365,0.622753263,0.032164153,State+Urban+All,0,state,urban/rural,2022,All,2022
12,Arunachal Pradesh,0.746586323,0.707815111,0.227106631,0.051931296,0.149760023,0.695746005,0.046565998,State+Urban+All,0,state,urban/rural,2023,All,2023
18,Assam,0.542045176,0.500617921,0.055465769,0.076427639,0.304931611,0.288537234,0.126593933,State+Urban+All,1,state,urban/rural,2023,All,2023
18,Assam,0.637745678,0.604532659,0.107849523,0.052078713,0.285871238,0.445786595,0.069329403,State+AllSectors+All,99,state,All,2023,All,2023
18,Assam,0.650843263,0.618754506,0.113649972,0.049303375,0.283624858,0.467557341,0.064436831,State+Urban+All,0,state,urban/rural,2023,All,2023
18,Assam,0.514064312,0.479549736,0.065539971,0.067140646,0.268663645,0.274250656,0.144592732,State+Urban+All,1,state,urban/rural,2022,All,2022
18,Assam,0.571340621,0.548104107,0.108445138,0.040670153,0.312819719,0.322012842,0.058577336,State+AllSectors+All,99,state,All,2022,All,2022
18,Assam,0.578381002,0.556530774,0.1129895,0.037778243,0.31765306,0.327950865,0.049634524,State+Urban+All,0,state,urban/rural,2022,All,2022
10,Bihar,0.51236701,0.494893819,0.182423368,0.034102909,0.307866335,0.269531488,0.016875228,State+AllSectors+All,99,state,All,2023,All,2023
10,Bihar,0.484078646,0.462530583,0.130389661,0.044513531,0.345105559,0.210554153,0.021895733,State+Urban+All,0,state,urban/rural,2022,All,2022
10,Bihar,0.413324982,0.380633086,0.083890513,0.079094909,0.301093161,0.115149669,0.105153188,State+Urban+All,1,state,urban/rural,2022,All,2022
10,Bihar,0.477854639,0.455326289,0.126970261,0.047144763,0.341118634,0.202487752,0.02589885,State+AllSectors+All,99,state,All,2022,All,2022
10,Bihar,0.428198427,0.39653039,0.084881775,0.073956467,0.277436018,0.154124454,0.081113301,State+Urban+All,1,state,urban/rural,2023,All,2023
10,Bihar,0.521696508,0.505796731,0.190899521,0.030477114,0.311254084,0.281663299,0.013180119,State+Urban+All,0,state,urban/rural,2023,All,2023
4,Chandigarh,0.545748353,0.492129654,0.01838286,0.09824805,0.202268034,0.312313855,0.19604066,State+AllSectors+All,99,state,All,2023,All,2023
4,Chandigarh,0.583207905,0.548684418,0.000688025,0.059195828,0.27212137,0.292676926,0.212822378,State+Urban+All,0,state,urban/rural,2022,All,2022
4,Chandigarh,0.458412349,0.430433542,0.02342676,0.061034139,0.181224465,0.192234382,0.072970927,State+Urban+All,1,state,urban/rural,2022,All,2022
4,Chandigarh,0.464092046,0.435815394,0.022123855,0.060928997,0.187835261,0.196933463,0.082694598,State+AllSectors+All,99,state,All,2022,All,2022
4,Chandigarh,0.545748353,0.492129654,0.01838286,0.09824805,0.202268034,0.312313855,0.19604066,State+Urban+All,1,state,urban/rural,2023,All,2023
22,Chhattisgarh,0.541055322,0.484812975,0.110998876,0.103949323,0.29067865,0.322459519,0.130145788,State+Urban+All,1,state,urban/rural,2022,All,2022
22,Chhattisgarh,0.638577998,0.599889696,0.299938917,0.060585056,0.258540273,0.465057969,0.052008972,State+AllSectors+All,99,state,All,2023,All,2023
22,Chhattisgarh,0.642117739,0.599103093,0.258468837,0.066988721,0.265670508,0.463815093,0.057968739,State+AllSectors+All,99,state,All,2022,All,2022
22,Chhattisgarh,0.546211123,0.490078568,0.091329105,0.102767177,0.30032742,0.305607051,0.133994922,State+Urban+All,1,state,urban/rural,2023,All,2023
22,Chhattisgarh,0.662278175,0.628065884,0.34170565,0.051658496,0.248520553,0.504893899,0.039611001,State+Urban+All,0,state,urban/rural,2023,All,2023
22,Chhattisgarh,0.667404294,0.627699316,0.286967635,0.059491642,0.259594291,0.50069648,0.045840599,State+Urban+All,0,state,urban/rural,2022,All,2022
25,Daman and Diu,0.665987849,0.644564033,0.106598005,0.032168522,0.279395193,0.405942917,0.01690067,State+AllSectors+All,99,state,All,2023,All,2023
25,Daman and Diu,0.689131141,0.655599773,0.171490848,0.048657466,0.163678885,0.469100088,0.069507703,State+Urban+All,0,state,urban/rural,2022,All,2022
25,Daman and Diu,0.735097647,0.710750341,0.203319907,0.033121191,0.320641994,0.608080745,0,State+Urban+All,0,state,urban/rural,2023,All,2023
25,Daman and Diu,0.640109837,0.618501246,0.08873257,0.033757608,0.210875377,0.317956537,0.068129867,State+AllSectors+All,99,state,All,2022,All,2022
25,Daman and Diu,0.611473024,0.596829414,0.035627171,0.023948144,0.237610057,0.220798641,0.066248156,State+Urban+All,1,state,urban/rural,2022,All,2022
25,Daman and Diu,0.616879404,0.597532928,0.024846312,0.031361837,0.246082827,0.236173943,0.053447008,State+Urban+All,1,state,urban/rural,2023,All,2023
7,Delhi,0.397289574,0.356666505,0.000623868,0.102250524,0.355120718,0.039018795,0,State+Urban+All,0,state,urban/rural,2022,All,2022
7,Delhi,0.470114201,0.456993431,0.038527925,0.02790975,0.231060475,0.153417766,0.049768478,State+Urban+All,1,state,urban/rural,2022,All,2022
7,Delhi,0.461057574,0.445500016,0.048457034,0.03374321,0.225795686,0.182487026,0.025560724,State+Urban+All,1,state,urban/rural,2023,All,2023
7,Delhi,0.462509423,0.446593702,0.047958668,0.034411661,0.228478119,0.182420388,0.02918924,State+AllSectors+All,99,state,All,2023,All,2023
7,Delhi,0.468157679,0.454298019,0.037728433,0.029604668,0.234590232,0.150209695,0.04940594,State+AllSectors+All,99,state,All,2022,All,2022
7,Delhi,0.525102913,0.493746042,0.028572045,0.05971561,0.323251009,0.17943272,0.19462274,State+Urban+All,0,state,urban/rural,2023,All,2023
30,Goa,0.505915463,0.46666491,0.021311125,0.077583298,0.263341874,0.290699542,0.185309708,State+Urban+All,1,state,urban/rural,2023,All,2023
30,Goa,0.504316211,0.455736428,0.018349964,0.09632805,0.230570048,0.276914746,0.15213193,State+Urban+All,1,state,urban/rural,2022,All,2022
30,Goa,0.505889237,0.461962938,0.039984096,0.086829841,0.223371029,0.271507859,0.161801428,State+AllSectors+All,99,state,All,2023,All,2023
30,Goa,0.492027313,0.439016491,0.036009092,0.10773962,0.240545779,0.267809898,0.175832823,State+AllSectors+All,99,state,All,2022,All,2022
30,Goa,0.505853057,0.455485553,0.066339359,0.099569462,0.165542558,0.244728982,0.122837871,State+Urban+All,0,state,urban/rural,2023,All,2023
30,Goa,0.474146158,0.414687872,0.064247757,0.125400767,0.254950941,0.255473226,0.210641786,State+Urban+All,0,state,urban/rural,2022,All,2022
24,Gujarat,0.620744705,0.606791675,0.170262396,0.022477947,0.250916123,0.410977006,0.017755054,State+AllSectors+All,99,state,All,2023,All,2023
24,Gujarat,0.526372313,0.509060502,0.073786512,0.032888919,0.275728524,0.252555609,0.054808795,State+Urban+All,1,state,urban/rural,2022,All,2022
24,Gujarat,0.67056036,0.656094134,0.205379412,0.021573307,0.27706629,0.490224421,0.015154541,State+Urban+All,0,state,urban/rural,2022,All,2022
24,Gujarat,0.543635428,0.524358928,0.06269037,0.035458501,0.266703099,0.278046817,0.043728195,State+Urban+All,1,state,urban/rural,2023,All,2023
24,Gujarat,0.678111911,0.668119311,0.233072713,0.014735887,0.239674479,0.507019579,0.00746405,State+Urban+All,0,state,urban/rural,2023,All,2023
24,Gujarat,0.607098639,0.59138,0.155523404,0.025891421,0.276486337,0.386873245,0.026411505,State+AllSectors+All,99,state,All,2022,All,2022
6,Haryana,0.479349971,0.456985205,0.059241708,0.046656437,0.241432801,0.201947495,0.038813084,State+Urban+All,1,state,urban/rural,2023,All,2023
6,Haryana,0.459575146,0.414007545,0.112422004,0.099151619,0.347875178,0.184651524,0.073649146,State+Urban+All,0,state,urban/rural,2022,All,2022
6,Haryana,0.478402913,0.441332251,0.044084154,0.077488348,0.274671942,0.189887255,0.092530772,State+Urban+All,1,state,urban/rural,2022,All,2022
6,Haryana,0.466135979,0.423529267,0.087607607,0.091404051,0.324091494,0.18639949,0.080070794,State+AllSectors+All,99,state,All,2022,All,2022
6,Haryana,0.4821845,0.458631486,0.132280111,0.048846453,0.309015781,0.233013928,0.028860545,State+Urban+All,0,state,urban/rural,2023,All,2023
6,Haryana,0.481071353,0.457984984,0.103659868,0.047989491,0.282713264,0.220854133,0.032422613,State+AllSectors+All,99,state,All,2023,All,2023
2,Himachal Pradesh,0.707511187,0.660744011,0.214872479,0.066100933,0.20534429,0.627967119,0.065608129,State+AllSectors+All,99,state,All,2022,All,2022
2,Himachal Pradesh,0.701655388,0.648020506,0.197061256,0.076440521,0.24763912,0.623646796,0.090435237,State+Urban+All,0,state,urban/rural,2023,All,2023
2,Himachal Pradesh,0.724281907,0.680747986,0.227799624,0.060106348,0.202262625,0.65736264,0.054054506,State+Urban+All,0,state,urban/rural,2022,All,2022
2,Himachal Pradesh,0.691942632,0.638086259,0.182621703,0.077833548,0.236926541,0.60332793,0.097195052,State+AllSectors+All,99,state,All,2023,All,2023
2,Himachal Pradesh,0.623321176,0.56790036,0.066212878,0.088912174,0.176557347,0.431527555,0.179796845,State+Urban+All,1,state,urban/rural,2023,All,2023
2,Himachal Pradesh,0.555663049,0.479621351,0.04874279,0.136848599,0.227017611,0.365862191,0.250705361,State+Urban+All,1,state,urban/rural,2022,All,2022
.,India,0.54719764,0.518584788,0.159316018,0.052289695,0.296099603,0.324643791,0.051088989,AllStates+AllSectors+All,99,allindia,All,2022,All,2022
.,India,0.494293153,0.459848732,0.061364304,0.069684215,0.282211334,0.239821762,0.09092249,AllStates+Urban+All,1,allindia,urban/rural,2022,All,2022
.,India,0.589432001,0.56466943,0.202369943,0.042010989,0.288367629,0.39650479,0.038984984,AllStates+Urban+All,0,allindia,urban/rural,2023,All,2023
.,India,0.569381356,0.543213844,0.194085553,0.045957763,0.301668525,0.359526336,0.040161867,AllStates+Urban+All,0,allindia,urban/rural,2022,All,2022
.,India,0.564487815,0.536920786,0.165196046,0.048835434,0.28470239,0.355689824,0.049583524,AllStates+AllSectors+All,99,allindia,All,2023,All,2023
.,India,0.507970273,0.474049181,0.064868048,0.066777647,0.275949597,0.261182398,0.086839624,AllStates+Urban+All,1,allindia,urban/rural,2023,All,2023
1,Jammu and Kashmir,0.588168681,0.557017922,0.165799111,0.052962273,0.213134557,0.431710243,0.066337526,State+Urban+All,0,state,urban/rural,2022,All,2022
1,Jammu and Kashmir,0.597620249,0.553499699,0.106905587,0.073827058,0.217563987,0.455375254,0.107039638,State+AllSectors+All,99,state,All,2023,All,2023
1,Jammu and Kashmir,0.529683232,0.468221784,0.053669285,0.116034329,0.221436635,0.302673995,0.288680702,State+Urban+All,1,state,urban/rural,2023,All,2023
1,Jammu and Kashmir,0.614374578,0.574530602,0.11760518,0.064852953,0.216749221,0.492899418,0.079630278,State+Urban+All,0,state,urban/rural,2023,All,2023
1,Jammu and Kashmir,0.488559961,0.434549212,0.047727264,0.110550888,0.247273058,0.247221336,0.262698442,State+Urban+All,1,state,urban/rural,2022,All,2022
1,Jammu and Kashmir,0.570240319,0.534975052,0.148536935,0.061842833,0.218891755,0.399225205,0.08774849,State+AllSectors+All,99,state,All,2022,All,2022
20,Jharkhand,0.416669488,0.382384479,0.075452417,0.082283437,0.311135024,0.137793958,0.082083181,State+Urban+All,1,state,urban/rural,2022,All,2022
20,Jharkhand,0.430602163,0.398199797,0.081873693,0.075249009,0.281655759,0.178260371,0.066910453,State+Urban+All,1,state,urban/rural,2023,All,2023
20,Jharkhand,0.513189435,0.496519864,0.213585317,0.032482281,0.302266568,0.28764239,0.009789384,State+AllSectors+All,99,state,All,2022,All,2022
20,Jharkhand,0.535963118,0.523449898,0.237394214,0.023347184,0.300205082,0.321698159,0.002751839,State+Urban+All,0,state,urban/rural,2022,All,2022
20,Jharkhand,0.568713069,0.561259091,0.2527574,0.013106771,0.277189672,0.377378017,0.000734502,State+Urban+All,0,state,urban/rural,2023,All,2023
20,Jharkhand,0.540643215,0.52811873,0.226570636,0.023165988,0.278074771,0.3382999,0.00757798,State+AllSectors+All,99,state,All,2023,All,2023
29,Karnataka,0.51067394,0.486874551,0.045683905,0.046603858,0.243029267,0.275690585,0.047220897,State+Urban+All,1,state,urban/rural,2023,All,2023
29,Karnataka,0.570050299,0.553620636,0.191512316,0.028821388,0.248062477,0.374250948,0.02518088,State+Urban+All,0,state,urban/rural,2022,All,2022
29,Karnataka,0.549127102,0.53002876,0.141926587,0.034779441,0.245587632,0.343932509,0.033526734,State+AllSectors+All,99,state,All,2022,All,2022
29,Karnataka,0.513692498,0.490074575,0.047061499,0.045976758,0.241757259,0.29134354,0.052122571,State+Urban+All,1,state,urban/rural,2022,All,2022
29,Karnataka,0.551109195,0.534171879,0.150530577,0.030733071,0.243951082,0.354856253,0.022717787,State+AllSectors+All,99,state,All,2023,All,2023
29,Karnataka,0.57575959,0.563005686,0.205804899,0.022151528,0.24458608,0.402338833,0.012647348,State+Urban+All,0,state,urban/rural,2023,All,2023
32,Kerala,0.492606878,0.44460538,0.033183947,0.097443797,0.232500538,0.314008415,0.143936276,State+Urban+All,1,state,urban/rural,2023,All,2023
32,Kerala,0.508893549,0.458374679,0.04151503,0.099271975,0.281625837,0.335065246,0.145855322,State+AllSectors+All,99,state,All,2023,All,2023
32,Kerala,0.523710191,0.470901161,0.048670925,0.100836374,0.326643258,0.354480565,0.147422746,State+Urban+All,0,state,urban/rural,2023,All,2023
32,Kerala,0.524557948,0.471315593,0.061318226,0.101499446,0.302675277,0.346001029,0.134119928,State+Urban+All,0,state,urban/rural,2022,All,2022
32,Kerala,0.501169205,0.449248344,0.048129525,0.103599437,0.290631831,0.319111317,0.141210586,State+AllSectors+All,99,state,All,2022,All,2022
32,Kerala,0.474247932,0.423848182,0.031248789,0.106273025,0.277410507,0.287511706,0.151238382,State+Urban+All,1,state,urban/rural,2022,All,2022
31,Lakshadweep,0.3860434,0.329874516,0.060359262,0.145498827,0.531505704,0.153640673,0.16216442,State+AllSectors+All,99,state,All,2022,All,2022
31,Lakshadweep,0.445991516,0.35610047,0.016200854,0.20155327,0.463149905,0.153031424,0.357038826,State+Urban+All,1,state,urban/rural,2023,All,2023
31,Lakshadweep,0.563262224,0.480066299,0.010486669,0.147703722,0.380329669,0.186664611,0.53611207,State+Urban+All,0,state,urban/rural,2023,All,2023
31,Lakshadweep,0.374429405,0.319137871,0.039127909,0.147668719,0.49644655,0.164938629,0.153239444,State+Urban+All,1,state,urban/rural,2022,All,2022
31,Lakshadweep,0.426641732,0.367405981,0.124826133,0.138841957,0.64916575,0.112930477,0.209134549,State+Urban+All,0,state,urban/rural,2022,All,2022
31,Lakshadweep,0.479834616,0.391875714,0.014180684,0.183310881,0.438872188,0.161872566,0.411321342,State+AllSectors+All,99,state,All,2023,All,2023
23,Madhya Pradesh,0.648639143,0.634649575,0.314786345,0.021567548,0.274732232,0.443824202,0.02479808,State+Urban+All,0,state,urban/rural,2023,All,2023
23,Madhya Pradesh,0.572773397,0.545104861,0.246937841,0.048306312,0.31415087,0.320568442,0.045320749,State+AllSectors+All,99,state,All,2022,All,2022
23,Madhya Pradesh,0.508999884,0.48301506,0.116961695,0.051050827,0.285603493,0.246896639,0.044524159,State+Urban+All,1,state,urban/rural,2023,All,2023
23,Madhya Pradesh,0.61177808,0.594622076,0.272367388,0.028042844,0.277495354,0.390901774,0.02814636,State+AllSectors+All,99,state,All,2023,All,2023
23,Madhya Pradesh,0.60530901,0.581261456,0.288447022,0.039727699,0.312085181,0.368626803,0.03928224,State+Urban+All,0,state,urban/rural,2022,All,2022
23,Madhya Pradesh,0.479802459,0.441786706,0.09087766,0.079232097,0.320182055,0.185175076,0.079186641,State+Urban+All,1,state,urban/rural,2022,All,2022
27,Maharashtra,0.519683301,0.486231655,0.042942077,0.064369239,0.255254835,0.269871861,0.079331025,State+Urban+All,1,state,urban/rural,2022,All,2022
27,Maharashtra,0.530991673,0.494394124,0.050061513,0.068923064,0.246239498,0.28497687,0.075139187,State+Urban+All,1,state,urban/rural,2023,All,2023
27,Maharashtra,0.575214446,0.546299696,0.148536742,0.050267737,0.240619823,0.375833869,0.046102285,State+AllSectors+All,99,state,All,2023,All,2023
27,Maharashtra,0.628555596,0.600932539,0.224563926,0.043946818,0.253017783,0.474134207,0.023731695,State+Urban+All,0,state,urban/rural,2022,All,2022
27,Maharashtra,0.608268976,0.585096836,0.210732073,0.038095225,0.236161709,0.441891104,0.032487638,State+Urban+All,0,state,urban/rural,2023,All,2023
27,Maharashtra,0.582427621,0.552335083,0.156822309,0.051667415,0.253988862,0.388222158,0.039987657,State+AllSectors+All,99,state,All,2022,All,2022
14,Manipur,0.501978397,0.475111395,0.058596738,0.053522203,0.187571347,0.342469335,0.035718724,State+Urban+All,1,state,urban/rural,2022,All,2022
14,Manipur,0.510890186,0.486666322,0.083389416,0.047415063,0.238700211,0.313618302,0.046017244,State+AllSectors+All,99,state,All,2022,All,2022
14,Manipur,0.514472902,0.49131161,0.093027882,0.045019507,0.256769896,0.302001119,0.050719742,State+Urban+All,0,state,urban/rural,2022,All,2022
14,Manipur,0.564751446,0.524533987,0.070805699,0.071212657,0.199025527,0.449388683,0.087755702,State+Urban+All,1,state,urban/rural,2023,All,2023
14,Manipur,0.593177915,0.564634204,0.110057056,0.048119999,0.183202505,0.477174699,0.047846511,State+Urban+All,0,state,urban/rural,2023,All,2023
14,Manipur,0.584790409,0.552802205,0.099067777,0.05470024,0.187764511,0.468896121,0.059242412,State+AllSectors+All,99,state,All,2023,All,2023
17,Meghalaya,0.698047578,0.654824436,0.138289213,0.061920065,0.201010808,0.605546296,0.085126221,State+AllSectors+All,99,state,All,2022,All,2022
17,Meghalaya,0.578335702,0.496830463,0.037806291,0.140930682,0.179577023,0.476793766,0.207079917,State+Urban+All,1,state,urban/rural,2023,All,2023
17,Meghalaya,0.760546148,0.712618232,0.083457448,0.063017771,0.144976333,0.701922655,0.084217466,State+AllSectors+All,99,state,All,2023,All,2023
17,Meghalaya,0.538380742,0.471069157,0.023362894,0.125026003,0.197923109,0.400338858,0.185770676,State+Urban+All,1,state,urban/rural,2022,All,2022
17,Meghalaya,0.733729303,0.695889354,0.155675024,0.051572096,0.201710895,0.655707181,0.070105873,State+Urban+All,0,state,urban/rural,2022,All,2022
17,Meghalaya,0.797764361,0.756694973,0.08957985,0.051480643,0.137791321,0.749868512,0.067580089,State+Urban+All,0,state,urban/rural,2023,All,2023
15,Mizoram,0.557470083,0.549700677,0.21743232,0.013936922,0.100326136,0.427512169,0.011616596,State+Urban+All,0,state,urban/rural,2023,All,2023
15,Mizoram,0.588115275,0.5812971,0.234604388,0.011593265,0.097878255,0.47898072,0.014555641,State+Urban+All,0,state,urban/rural,2022,All,2022
15,Mizoram,0.525992215,0.507036328,0.100993007,0.036038321,0.098766878,0.408180803,0.042966682,State+Urban+All,1,state,urban/rural,2023,All,2023
15,Mizoram,0.54306376,0.530174673,0.16646786,0.023733988,0.099606954,0.418367893,0.026084982,State+AllSectors+All,99,state,All,2023,All,2023
15,Mizoram,0.536098897,0.517294705,0.115451783,0.035076004,0.095074929,0.420180768,0.04867116,State+Urban+All,1,state,urban/rural,2022,All,2022
15,Mizoram,0.56381613,0.551398754,0.182385638,0.022023806,0.096565433,0.450692832,0.029857034,State+AllSectors+All,99,state,All,2022,All,2022
13,Nagaland,0.706935346,0.67459625,0.216379285,0.045745477,0.19863537,0.619024098,0.039595608,State+AllSectors+All,99,state,All,2022,All,2022
13,Nagaland,0.606189847,0.553317189,0.078580432,0.087221287,0.230844975,0.489801854,0.088929527,State+Urban+All,1,state,urban/rural,2022,All,2022
13,Nagaland,0.717847824,0.663227737,0.144028068,0.076088704,0.266195804,0.615405738,0.076309092,State+AllSectors+All,99,state,All,2023,All,2023
13,Nagaland,0.62934345,0.555123389,0.041229013,0.117932536,0.240542546,0.504466176,0.124731436,State+Urban+All,1,state,urban/rural,2023,All,2023
13,Nagaland,0.753657281,0.706967413,0.176687747,0.061951023,0.279316574,0.658738673,0.061824817,State+Urban+All,0,state,urban/rural,2023,All,2023
13,Nagaland,0.746415079,0.72212255,0.257756084,0.032545567,0.18480131,0.669998407,0.02536883,State+Urban+All,0,state,urban/rural,2022,All,2022
21,Odisha,0.516592681,0.474537104,0.073760681,0.081409536,0.313881248,0.287000716,0.106618136,State+Urban+All,1,state,urban/rural,2023,All,2023
21,Odisha,0.547909737,0.5131042,0.20458512,0.063524224,0.354729563,0.333720207,0.043385588,State+AllSectors+All,99,state,All,2022,All,2022
21,Odisha,0.584758103,0.554649711,0.211721838,0.051488627,0.336964756,0.386101067,0.043320745,State+AllSectors+All,99,state,All,2023,All,2023
21,Odisha,0.557443202,0.523686707,0.224334881,0.060555987,0.357967734,0.348392457,0.038195144,State+Urban+All,0,state,urban/rural,2022,All,2022
21,Odisha,0.4930785,0.452239603,0.073050134,0.082824327,0.337260365,0.244100556,0.088634767,State+Urban+All,1,state,urban/rural,2022,All,2022
21,Odisha,0.597264528,0.569348097,0.232818738,0.046740457,0.341390759,0.403315216,0.035496645,State+Urban+All,0,state,urban/rural,2023,All,2023
34,Puducherry,0.456221759,0.42223984,0.02687967,0.074485488,0.21683459,0.244386524,0.098404504,State+Urban+All,1,state,urban/rural,2022,All,2022
34,Puducherry,0.611039996,0.563445389,0.082051277,0.077891193,0.271448374,0.454147905,0.051563907,State+Urban+All,0,state,urban/rural,2022,All,2022
34,Puducherry,0.480637282,0.442719698,0.024376081,0.078890264,0.252861977,0.282335818,0.072816662,State+Urban+All,1,state,urban/rural,2023,All,2023
34,Puducherry,0.502951443,0.471793503,0.01844611,0.061950162,0.235068798,0.312290519,0.065032832,State+AllSectors+All,99,state,All,2023,All,2023
34,Puducherry,0.539301336,0.519154966,0.010208385,0.037356403,0.204870492,0.363824725,0.054640856,State+Urban+All,0,state,urban/rural,2023,All,2023
34,Puducherry,0.512405217,0.473483264,0.050705567,0.075959325,0.239706933,0.319050938,0.074671768,State+AllSectors+All,99,state,All,2022,All,2022
3,Punjab,0.524414718,0.478224248,0.085895821,0.088080063,0.303951889,0.264154345,0.135973588,State+AllSectors+All,99,state,All,2022,All,2022
3,Punjab,0.546482503,0.506041706,0.09019392,0.074001968,0.315627694,0.293397814,0.091334499,State+AllSectors+All,99,state,All,2023,All,2023
3,Punjab,0.522943974,0.486919075,0.064122394,0.068888672,0.29521817,0.237712264,0.100919455,State+Urban+All,1,state,urban/rural,2023,All,2023
3,Punjab,0.560910702,0.517763197,0.105222784,0.076924071,0.329786718,0.32634443,0.087203696,State+Urban+All,0,state,urban/rural,2023,All,2023
3,Punjab,0.518205225,0.476102054,0.068579279,0.08124809,0.266754955,0.251726598,0.117699966,State+Urban+All,1,state,urban/rural,2022,All,2022
3,Punjab,0.527904153,0.479416817,0.095559619,0.091848768,0.324450046,0.270956755,0.145265937,State+Urban+All,0,state,urban/rural,2022,All,2022
8,Rajasthan,0.479130685,0.428774983,0.071529619,0.105098061,0.320706576,0.220266357,0.133623376,State+Urban+All,1,state,urban/rural,2022,All,2022
8,Rajasthan,0.509737194,0.459658831,0.093461506,0.09824343,0.303002506,0.274549633,0.13485311,State+Urban+All,1,state,urban/rural,2023,All,2023
8,Rajasthan,0.584519744,0.546724319,0.28963998,0.064660713,0.296161681,0.423994571,0.029378237,State+Urban+All,0,state,urban/rural,2022,All,2022
8,Rajasthan,0.590051711,0.553061783,0.252408057,0.062689334,0.281545818,0.417198747,0.056577109,State+AllSectors+All,99,state,All,2023,All,2023
8,Rajasthan,0.622007847,0.590225637,0.301660627,0.051096216,0.273601264,0.470311135,0.039563715,State+Urban+All,0,state,urban/rural,2023,All,2023
8,Rajasthan,0.557914555,0.516948283,0.243970156,0.073427483,0.302141726,0.374348253,0.044325579,State+AllSectors+All,99,state,All,2022,All,2022
11,Sikkim,0.746728003,0.724765718,0.188674346,0.029411351,0.168965697,0.659954965,0.029185666,State+AllSectors+All,99,state,All,2023,All,2023
11,Sikkim,0.596777141,0.587406039,0.051944416,0.015702803,0.167655498,0.336117268,0.035658754,State+Urban+All,1,state,urban/rural,2022,All,2022
11,Sikkim,0.800550163,0.777255535,0.209607288,0.029098313,0.172488332,0.751583397,0.024569085,State+Urban+All,0,state,urban/rural,2023,All,2023
11,Sikkim,0.567147374,0.549630642,0.08990515,0.030885665,0.160568133,0.320234656,0.069357388,State+Urban+All,1,state,urban/rural,2023,All,2023
11,Sikkim,0.776145637,0.762319386,0.247151747,0.017813977,0.12227495,0.747785091,0.024098841,State+Urban+All,0,state,urban/rural,2022,All,2022
11,Sikkim,0.739693046,0.726772189,0.215087712,0.017467825,0.134300232,0.670697927,0.025183652,State+AllSectors+All,99,state,All,2022,All,2022
33,Tamil Nadu,0.552566946,0.509092689,0.072392382,0.078676961,0.280188054,0.374744862,0.095374465,State+AllSectors+All,99,state,All,2022,All,2022
33,Tamil Nadu,0.501723409,0.466182828,0.044469532,0.070837043,0.271094561,0.280269921,0.082174219,State+Urban+All,1,state,urban/rural,2022,All,2022
33,Tamil Nadu,0.557839692,0.51864785,0.062727921,0.070256449,0.28962931,0.38476032,0.087484121,State+AllSectors+All,99,state,All,2023,All,2023
33,Tamil Nadu,0.602793038,0.558413029,0.080310963,0.073623993,0.29995513,0.464172184,0.090033345,State+Urban+All,0,state,urban/rural,2023,All,2023
33,Tamil Nadu,0.504665971,0.471611083,0.038101539,0.065498568,0.277747989,0.291057825,0.08268708,State+Urban+All,1,state,urban/rural,2023,All,2023
33,Tamil Nadu,0.591796458,0.542200744,0.090916313,0.083805345,0.287546307,0.445908755,0.101624116,State+Urban+All,0,state,urban/rural,2022,All,2022
36,Telangana,0.539865434,0.494189501,0.055403896,0.084606148,0.283294261,0.306976289,0.113491707,State+Urban+All,1,state,urban/rural,2023,All,2023
36,Telangana,0.637376845,0.607502043,0.168634236,0.046871539,0.257897824,0.507935643,0.04091939,State+Urban+All,0,state,urban/rural,2023,All,2023
36,Telangana,0.620380342,0.592363775,0.210800529,0.045160327,0.241186976,0.491357177,0.035297323,State+Urban+All,0,state,urban/rural,2022,All,2022
36,Telangana,0.599350452,0.563313663,0.129896328,0.060126383,0.268802524,0.431834072,0.06045578,State+AllSectors+All,99,state,All,2023,All,2023
36,Telangana,0.498122662,0.455548614,0.043963488,0.085468978,0.28429547,0.262030721,0.100806393,State+Urban+All,1,state,urban/rural,2022,All,2022
36,Telangana,0.574865937,0.541429818,0.158541918,0.058163248,0.25825122,0.407150418,0.050778061,State+AllSectors+All,99,state,All,2022,All,2022
16,Tripura,0.481350273,0.463872313,0.071497627,0.036310248,0.247856706,0.283870518,0.058348812,State+Urban+All,1,state,urban/rural,2023,All,2023
16,Tripura,0.557966292,0.550122797,0.097678296,0.014057282,0.261896342,0.361884683,0.006489892,State+Urban+All,0,state,urban/rural,2022,All,2022
16,Tripura,0.492137581,0.476547182,0.048229694,0.0316789,0.241613284,0.262868315,0.046616025,State+Urban+All,1,state,urban/rural,2022,All,2022
16,Tripura,0.613060653,0.599819481,0.166783795,0.021598535,0.228235185,0.439804673,0.023413884,State+AllSectors+All,99,state,All,2023,All,2023
16,Tripura,0.546058774,0.536814034,0.089737929,0.016930029,0.258485943,0.343534857,0.012179994,State+AllSectors+All,99,state,All,2022,All,2022
16,Tripura,0.642701685,0.630413949,0.182562664,0.019118898,0.224387765,0.476047099,0.01857209,State+Urban+All,0,state,urban/rural,2023,All,2023
9,Uttar Pradesh,0.530395567,0.516056836,0.240335807,0.027034014,0.320752412,0.283658445,0.013898832,State+Urban+All,0,state,urban/rural,2022,All,2022
9,Uttar Pradesh,0.442245364,0.406584978,0.103579611,0.08063484,0.311985075,0.130247548,0.13227576,State+Urban+All,1,state,urban/rural,2022,All,2022
9,Uttar Pradesh,0.4651618,0.429313719,0.106800355,0.077065788,0.327607632,0.158890978,0.125803337,State+Urban+All,1,state,urban/rural,2023,All,2023
9,Uttar Pradesh,0.5118047,0.492969275,0.216548026,0.036802016,0.318922341,0.252335012,0.026374742,State+AllSectors+All,99,state,All,2022,All,2022
9,Uttar Pradesh,0.522264123,0.498110294,0.21269612,0.046248328,0.323119313,0.272208512,0.033545449,State+AllSectors+All,99,state,All,2023,All,2023
9,Uttar Pradesh,0.538566172,0.517750859,0.23776415,0.038649451,0.321911424,0.303168356,0.020334911,State+Urban+All,0,state,urban/rural,2023,All,2023
5,Uttrakhand,0.571903944,0.535764813,0.165515453,0.06319084,0.26168704,0.412683249,0.051738318,State+Urban+All,0,state,urban/rural,2023,All,2023
5,Uttrakhand,0.519487202,0.48899588,0.20355843,0.058695056,0.261492312,0.32559827,0.063533917,State+AllSectors+All,99,state,All,2022,All,2022
5,Uttrakhand,0.457165599,0.422255397,0.08610934,0.07636226,0.278285444,0.161442891,0.109666951,State+Urban+All,1,state,urban/rural,2022,All,2022
5,Uttrakhand,0.48518759,0.450485915,0.070811592,0.071522161,0.280721933,0.226071358,0.147251442,State+Urban+All,1,state,urban/rural,2023,All,2023
5,Uttrakhand,0.54107374,0.512112975,0.237101555,0.053524591,0.255390108,0.378260851,0.057217274,State+Urban+All,0,state,urban/rural,2022,All,2022
5,Uttrakhand,0.550027013,0.514250576,0.144585922,0.065044902,0.266758561,0.366269946,0.066400908,State+AllSectors+All,99,state,All,2023,All,2023
19,West Bengal,0.512181461,0.487862796,0.054680105,0.047480609,0.294022292,0.259604931,0.04844334,State+Urban+All,1,state,urban/rural,2022,All,2022
19,West Bengal,0.581579447,0.559952855,0.101232767,0.037185937,0.293877691,0.354918063,0.039255712,State+AllSectors+All,99,state,All,2023,All,2023
19,West Bengal,0.552427649,0.534562349,0.099884063,0.032339629,0.295921445,0.303273469,0.028927013,State+AllSectors+All,99,state,All,2022,All,2022
19,West Bengal,0.602438867,0.583489299,0.118584901,0.031454798,0.294926673,0.382307947,0.029747806,State+Urban+All,0,state,urban/rural,2023,All,2023
19,West Bengal,0.569718122,0.554625273,0.116966739,0.026491741,0.296591401,0.322038084,0.022166573,State+Urban+All,0,state,urban/rural,2022,All,2022
19,West Bengal,0.534177065,0.506467104,0.055803865,0.051874071,0.291148812,0.292888612,0.067361996,State+Urban+All,1,state,urban/rural,2023,All,2023
