poor_300,poor_420,poor_830,year,level,area,State,sector,welfare_agg21_sp,india_welfare,india_welfare_filled,welfare_pct_india,round,m_poor_1_33,m_poor_1_20,m_poor_1_50
0.011018188,0.063195728,0.37054554,2023,State,urban/rural,Andaman and Nicobar Islands,0,5485.150703,,3516.8965,155.96565,5,0.05071228,0.16905554,0.007259742
0.003825937,0.011618746,0.24528602,2023,State,urban/rural,Andaman and Nicobar Islands,1,6321.640362,,3516.8965,179.75053,5,0.012839258,0.085952871,0
0.008091665,0.042209085,0.31957752,2023,State,All,Andaman and Nicobar Islands,99,5775.795791,,3516.8965,164.2299,5,0.036707666,0.13832599,0.004575248
0.010842919,0.052605674,0.69374466,2023,State,urban/rural,Andhra Pradesh,0,4212.281252,,3516.8965,119.77268,5,0.09402813,0.28607681,0.013321431
0.003879331,0.035007801,0.56658918,2023,State,urban/rural,Andhra Pradesh,1,4608.528986,,3516.8965,131.03966,5,0.024677888,0.094406933,0.001193086
0.00866147,0.047092877,0.65391129,2023,State,All,Andhra Pradesh,99,4332.056565,,3516.8965,123.17839,5,0.073215201,0.22855414,0.009681554
0.027343733,0.12766744,0.76018745,2023,State,urban/rural,Arunachal Pradesh,0,3744.487953,,3516.8965,106.47137,5,0.14741497,0.3417283,0.030559966
0.003078757,0.035558,0.4666107,2023,State,urban/rural,Arunachal Pradesh,1,5134.747442,,3516.8965,146.00223,5,0.044823367,0.17429151,0.009767555
0.023218639,0.11200865,0.71027881,2023,State,All,Arunachal Pradesh,99,3905.756394,,3516.8965,111.05691,5,0.1320613,0.31667003,0.027448211
0.04440695,0.27539548,0.94450396,2023,State,urban/rural,Assam,0,2942.772542,,3516.8965,83.67527,5,0.23651862,0.46463537,0.06111826
0.022240831,0.075103194,0.68775678,2023,State,urban/rural,Assam,1,4171.840023,,3516.8965,118.62277,5,0.078385226,0.22753364,0.013248416
0.041973755,0.25340924,0.91632062,2023,State,All,Assam,99,3034.050137,,3516.8965,86.270668,5,0.21410458,0.43102825,0.054333124
0.043747075,0.22750472,0.92948699,2023,State,urban/rural,Bihar,0,3124.438738,,3516.8965,88.84079,5,0.38065317,0.58998036,0.14688942
0.013677767,0.11103174,0.78371525,2023,State,urban/rural,Bihar,1,3623.752292,,3516.8965,103.03835,5,0.16415334,0.31281391,0.051644884
0.040867403,0.21635035,0.91552675,2023,State,All,Bihar,99,3159.423081,,3516.8965,89.835541,5,0.34660864,0.54639602,0.13191225
0,0,0.194506,2023,State,urban/rural,Chandigarh,0,6285.430072,,3516.8965,178.72093,5,0.038834952,0.2038835,0
0,0,0.10785437,2023,State,urban/rural,Chandigarh,1,8190.135352,,3516.8965,232.87962,5,0.039434381,0.10752901,0.011991247
0,0,0.1119533,2023,State,All,Chandigarh,99,8048.982695,,3516.8965,228.86607,5,0.039426312,0.10882615,0.01182982
0.095651746,0.38355139,0.95824182,2023,State,urban/rural,Chhattisgarh,0,2728.963615,,3516.8965,77.595787,5,0.21517663,0.48448575,0.04576258
0.027577957,0.15007442,0.76829553,2023,State,urban/rural,Chhattisgarh,1,3628.037535,,3516.8965,103.1602,5,0.050845772,0.18760894,0.007517346
0.081770487,0.33594197,0.91950893,2023,State,All,Chhattisgarh,99,2869.348601,,3516.8965,81.587517,5,0.17884792,0.41885504,0.037307687
0.03245632,0.36002097,0.94848758,2023,State,urban/rural,Dadra and Nagar Haveli and Daman and Diu,0,2766.456424,,3516.8965,78.661865,5,0.22195493,0.47380579,0.033448994
0,0.051976375,0.7266072,2023,State,urban/rural,Dadra and Nagar Haveli and Daman and Diu,1,3992.712487,,3516.8965,113.52943,5,0.051075306,0.17775886,0.013339214
0.011036836,0.15672755,0.8020581,2023,State,All,Dadra and Nagar Haveli and Daman and Diu,99,3509.990881,,3516.8965,99.803642,5,0.14268456,0.33647081,0.024120146
0,0.024838936,0.5769015,2023,State,urban/rural,Delhi,0,4725.615603,,3516.8965,134.36891,5,0.02368954,0.072663538,0.008120588
0.003888334,0.027951844,0.5313198,2023,State,urban/rural,Delhi,1,4754.909883,,3516.8965,135.20187,5,0.033789698,0.10625662,0.0048089
0.003789265,0.027872531,0.53248113,2023,State,All,Delhi,99,4754.909883,,3516.8965,135.20187,5,0.033542812,0.10543548,0.00488985
0.000318306,0.036312647,0.3334066,2023,State,urban/rural,Goa,0,5666.744935,,3516.8965,161.12914,5,0.028414149,0.10485242,0.003376751
0.001493051,0.01343594,0.29912105,2023,State,urban/rural,Goa,1,5825.936848,,3516.8965,165.65562,5,0.004166212,0.059586637,0
0.001003884,0.022961875,0.31339768,2023,State,All,Goa,99,5736.117832,,3516.8965,163.1017,5,0.013937999,0.077828497,0.001360812
0.026497511,0.23765494,0.91053653,2023,State,urban/rural,Gujarat,0,3084.090188,,3516.8965,87.69352,5,0.21433543,0.46807891,0.046168625
0.007401744,0.062289156,0.66641241,2023,State,urban/rural,Gujarat,1,4165.80164,,3516.8965,118.45107,5,0.043155078,0.11100871,0.007206296
0.018316381,0.16252361,0.8059473,2023,State,All,Gujarat,99,3470.850636,,3516.8965,98.690727,5,0.14402173,0.32140946,0.030164538
0.002330782,0.040784672,0.69804877,2023,State,urban/rural,Haryana,0,4232.887685,,3516.8965,120.35861,5,0.086267814,0.30422625,0.019693904
0.002206185,0.026594378,0.51534331,2023,State,urban/rural,Haryana,1,4824.434318,,3516.8965,137.17874,5,0.041405171,0.13928151,0.008073798
0.002284517,0.035515532,0.63020658,2023,State,All,Haryana,99,4350.123686,,3516.8965,123.69212,5,0.071746014,0.25083449,0.015932536
0,0.023137687,0.54862994,2023,State,urban/rural,Himachal Pradesh,0,4708.912543,,3516.8965,133.89398,5,0.057492629,0.24980482,0.005818551
0,0.016806211,0.4018189,2023,State,urban/rural,Himachal Pradesh,1,5495.431597,,3516.8965,156.25798,5,0.02341295,0.07507129,0.009907729
0,0.022499118,0.53382313,2023,State,All,Himachal Pradesh,99,4759.177667,,3516.8965,135.32323,5,0.053102639,0.22729644,0.006345301
0.030654749,0.19317964,0.86834031,2023,National,urban/rural,India,0,3297.215069,,,93.75354256,5,0.21237667,0.435698,0.056454737
0.014111704,0.085746177,0.63850582,2023,National,urban/rural,India,1,4241.689025,,3516.8965,120.60886,5,0.055155069,0.16018414,0.01101905
0.025724066,0.1611589,0.79983777,2023,National,All,India,99,3516.896513,3516.8965,3516.8965,100,5,0.16392806,0.35079706,0.042453505
0.010684142,0.14141698,0.78875011,2023,State,urban/rural,Jammu and Kashmir,0,3609.299766,,3516.8965,102.62741,5,0.078970119,0.2137951,0.013209112
0.0010378,0.077322766,0.63129616,2023,State,urban/rural,Jammu and Kashmir,1,4332.143092,,3516.8965,123.18085,5,0.015621888,0.060676478,0.001160011
0.008642592,0.1278521,0.75542653,2023,State,All,Jammu and Kashmir,99,3745.735058,,3516.8965,106.50684,5,0.062550865,0.17410822,0.010086101
0.14338581,0.45345381,0.96708632,2023,State,urban/rural,Jharkhand,0,2584.063794,,3516.8965,73.475685,5,0.37289152,0.62111831,0.11367442
0.071954332,0.2441906,0.7707687,2023,State,urban/rural,Jharkhand,1,3392.947222,,3516.8965,96.475609,5,0.08632721,0.23683533,0.018519159
0.12916408,0.41179034,0.92800027,2023,State,All,Jharkhand,99,2690.950723,,3516.8965,76.514923,5,0.30603045,0.5314576,0.091472834
0.013571742,0.11513752,0.79136205,2023,State,urban/rural,Karnataka,0,3687.911149,,3516.8965,104.86266,5,0.11833716,0.34039354,0.018633734
0.012603205,0.066280946,0.54465079,2023,State,urban/rural,Karnataka,1,4663.404077,,3516.8965,132.59998,5,0.032152899,0.14483665,0.00360988
0.013214458,0.097114764,0.70035249,2023,State,All,Karnataka,99,3985.206419,,3516.8965,113.316,5,0.08497858,0.26470107,0.012818584
0.003704225,0.038535424,0.62571061,2023,State,urban/rural,Kerala,0,4379.908546,,3516.8965,124.53902,5,0.012588571,0.11400884,0.000577356
0.004443758,0.031847369,0.54296881,2023,State,urban/rural,Kerala,1,4715.467592,,3516.8965,134.08037,5,0.004135723,0.07394027,0
0.004068956,0.035236936,0.58490312,2023,State,All,Kerala,99,4534.44889,,3516.8965,128.93324,5,0.008574503,0.094981171,0.000303183
0,0.10992622,0.73324811,2023,State,urban/rural,Ladakh,0,3672.382539,,3516.8965,104.42111,5,0.076473728,0.21826017,0.008998775
0.002978301,0.11340304,0.56490654,2023,State,urban/rural,Ladakh,1,4491.171015,,3516.8965,127.70267,5,0.01650467,0.12042805,0.003765208
0.000465939,0.11047015,0.70691198,2023,State,All,Ladakh,99,3792.347685,,3516.8965,107.83222,5,0.065117896,0.19973452,0.008007739
0.009602008,0.082967781,0.70546496,2023,State,urban/rural,Lakshadweep,0,4242.992823,,3516.8965,120.64594,5,0.012339019,0.28639063,0
0.007392305,0.042734608,0.58588684,2023,State,urban/rural,Lakshadweep,1,4614.062348,,3516.8965,131.19699,5,0.007854932,0.11465459,0
0.00799828,0.05376792,0.61867923,2023,State,All,Lakshadweep,99,4497.745979,,3516.8965,127.88963,5,0.00882642,0.15186161,0
0.027124435,0.22630452,0.91503352,2023,State,urban/rural,Madhya Pradesh,0,3117.144067,,3516.8965,88.633377,5,0.29620168,0.55072546,0.068865046
0.020813201,0.12301733,0.74425787,2023,State,urban/rural,Madhya Pradesh,1,3763.115949,,3516.8965,107.00105,5,0.076088704,0.20383355,0.013621197
0.025459701,0.19906016,0.86998755,2023,State,All,Madhya Pradesh,99,3248.548173,,3516.8965,92.369743,5,0.23962457,0.46156156,0.054665353
0.035063937,0.22753136,0.90959108,2023,State,urban/rural,Maharashtra,0,3139.907904,,3516.8965,89.280647,5,0.13355947,0.35237268,0.022188794
0.027129333,0.13003898,0.70144176,2023,State,urban/rural,Maharashtra,1,3945.395924,,3516.8965,112.18402,5,0.033417873,0.13875385,0.003379995
0.031630535,0.1853452,0.81952232,2023,State,All,Maharashtra,99,3412.803206,,3516.8965,97.040192,5,0.089880563,0.25919822,0.013984932
0.0508327,0.27618897,0.95370525,2023,State,urban/rural,Manipur,0,2971.607785,,3516.8965,84.495171,5,0.12873229,0.32885969,0.019285617
0.013818737,0.11161821,0.82941973,2023,State,urban/rural,Manipur,1,3632.081367,,3516.8965,103.27518,5,0.044142134,0.17527275,0.004728457
0.041788079,0.23597495,0.92333519,2023,State,All,Manipur,99,3122.280549,,3516.8965,88.779427,5,0.09671443,0.27072614,0.013775649
0.067293748,0.25111413,0.92881578,2023,State,urban/rural,Meghalaya,0,3045.061447,,3516.8965,86.583763,5,0.31466216,0.53535467,0.12106353
0.003225337,0.040957056,0.55953288,2023,State,urban/rural,Meghalaya,1,4641.974841,,3516.8965,131.99066,5,0.081994355,0.19546889,0.026902726
0.058432344,0.22204696,0.87773967,2023,State,All,Meghalaya,99,3154.83844,,3516.8965,89.705185,5,0.27019063,0.47038975,0.10306587
0.006943846,0.083179086,0.74743956,2023,State,urban/rural,Mizoram,0,3810.201786,,3516.8965,108.33989,5,0.11465691,0.2615371,0.037125126
0,0.010094862,0.52104837,2023,State,urban/rural,Mizoram,1,4844.145621,,3516.8965,137.73921,5,0.007993477,0.050763432,0.000680698
0.003761613,0.04968597,0.6436888,2023,State,All,Mizoram,99,4339.381539,,3516.8965,123.38667,5,0.057503603,0.14859857,0.017597163
0.036270715,0.17357977,0.88488209,2023,State,urban/rural,Nagaland,0,3376.996906,,3516.8965,96.022072,5,0.22169407,0.39372507,0.038815737
0,0.031741906,0.53931034,2023,State,urban/rural,Nagaland,1,4767.914694,,3516.8965,135.57166,5,0.063680984,0.18255338,0.008263414
0.026506636,0.135397,0.79185414,2023,State,All,Nagaland,99,3670.939425,,3516.8965,104.38008,5,0.17056227,0.32539153,0.028929243
0.059770316,0.31704846,0.92551291,2023,State,urban/rural,Odisha,0,2881.624412,,3516.8965,81.936569,5,0.23550354,0.44558415,0.058836449
0.025133053,0.14163277,0.69720918,2023,State,urban/rural,Odisha,1,3834.836427,,3516.8965,109.04035,5,0.069765635,0.18479642,0.015707683
0.054121405,0.28844032,0.88827938,2023,State,All,Odisha,99,2991.653652,,3516.8965,85.065163,5,0.20799972,0.40230703,0.051679328
0.001493831,0.008150813,0.44012406,2023,State,urban/rural,Puducherry,0,5088.667952,,3516.8965,144.692,5,0.015759077,0.10008521,0.001149195
0.01760548,0.021668283,0.38225991,2023,State,urban/rural,Puducherry,1,5366.340402,,3516.8965,152.58739,5,0.013531095,0.073897228,9.55E-05
0.012295536,0.017213307,0.40133029,2023,State,All,Puducherry,99,5249.223111,,3516.8965,149.25725,5,0.014223838,0.082039811,0.000423116
0.001566654,0.023796283,0.65795183,2023,State,urban/rural,Punjab,0,4410.301395,,3516.8965,125.40322,5,0.049012713,0.20349662,0.00723106
0.000766456,0.016422575,0.46227446,2023,State,urban/rural,Punjab,1,5031.909052,,3516.8965,143.07811,5,0.044360436,0.11416804,0.006945962
0.00125845,0.020956228,0.58258474,2023,State,All,Punjab,99,4628.77841,,3516.8965,131.61543,5,0.047321457,0.17102277,0.007127417
0.034331646,0.18191858,0.82041711,2023,State,urban/rural,Rajasthan,0,3484.589532,,3516.8965,99.081375,5,0.20367511,0.46079925,0.045247972
0.012147513,0.095439039,0.6402483,2023,State,urban/rural,Rajasthan,1,4192.409789,,3516.8965,119.20766,5,0.042212449,0.17437097,0.00789541
0.028784301,0.16029358,0.77536422,2023,State,All,Rajasthan,99,3621.248073,,3516.8965,102.96715,5,0.16569094,0.39341688,0.036460765
0.005910369,0.047046892,0.39272347,2023,State,urban/rural,Sikkim,0,5449.679944,,3516.8965,154.95708,5,0.054662313,0.1795864,0.00736835
0,0.002776505,0.25790581,2023,State,urban/rural,Sikkim,1,6405.278119,,3516.8965,182.12871,5,0.004252714,0.049531545,0.000171876
0.004420901,0.035890341,0.35874817,2023,State,All,Sikkim,99,5624.704513,,3516.8965,159.93375,5,0.036746111,0.13336328,0.004810633
0.003638857,0.041002676,0.71394598,2023,State,urban/rural,Tamil Nadu,0,4146.806262,,3516.8965,117.91096,5,0.053213075,0.2319472,0.003506249
0.002706544,0.021139771,0.51396418,2023,State,urban/rural,Tamil Nadu,1,4833.154892,,3516.8965,137.4267,5,0.021426186,0.088378064,0.000723416
0.003205997,0.031780615,0.62109727,2023,State,All,Tamil Nadu,99,4434.238609,,3516.8965,126.08385,5,0.038375616,0.16493212,0.002207281
0.002736485,0.050651059,0.82162291,2023,State,urban/rural,Telangana,0,3832.208632,,3516.8965,108.96564,5,0.088028349,0.29814309,0.010582929
0,0.022407698,0.50938338,2023,State,urban/rural,Telangana,1,4878.37718,,3516.8965,138.71255,5,0.028692333,0.11993708,0.003414035
0.0015416,0.038318604,0.6852836,2023,State,All,Telangana,99,4207.722401,,3516.8965,119.64306,5,0.067780487,0.23733194,0.008136611
0.000579748,0.019580891,0.64363515,2023,State,urban/rural,Tripura,0,4441.162875,,3516.8965,126.28074,5,0.19702396,0.42060491,0.035889946
0,0.004222081,0.45122468,2023,State,urban/rural,Tripura,1,5134.901372,,3516.8965,146.00661,5,0.056249794,0.22139145,0.009139598
0.000474424,0.01679063,0.60867965,2023,State,All,Tripura,99,4539.827603,,3516.8965,129.08618,5,0.15699963,0.36396539,0.028284401
0.020659722,0.2171305,0.93097794,2023,State,urban/rural,Uttar Pradesh,0,3101.588278,,3516.8965,88.191063,5,0.26366782,0.50526744,0.077120312
0.017155817,0.13915648,0.78958714,2023,State,urban/rural,Uttar Pradesh,1,3591.914383,,3516.8965,102.13307,5,0.11581855,0.24175237,0.028515523
0.019924281,0.20076437,0.90130115,2023,State,All,Uttar Pradesh,99,3186.881348,,3516.8965,90.616295,5,0.22938703,0.44416803,0.065850653
0.012614531,0.10861152,0.8206988,2023,State,urban/rural,Uttarakhand,0,3664.129606,,3516.8965,104.18645,5,0.11215628,0.30502388,0.015606856
0.011111183,0.069815971,0.61070728,2023,State,urban/rural,Uttarakhand,1,4296.90538,,3516.8965,122.1789,5,0.065843552,0.1559851,0.01389845
0.012219762,0.098424092,0.76555651,2023,State,All,Uttarakhand,99,3803.523768,,3516.8965,108.15001,5,0.098109931,0.25982139,0.015088708
0.018572979,0.15265268,0.89367408,2023,State,urban/rural,West Bengal,0,3309.641801,,3516.8965,94.106888,5,0.19842692,0.43164256,0.036459342
0.022362115,0.12741764,0.68302166,2023,State,urban/rural,West Bengal,1,3888.708881,,3516.8965,110.57217,5,0.056735307,0.19362412,0.011043457
0.019698881,0.14515434,0.83108085,2023,State,All,West Bengal,99,3421.350695,,3516.8965,97.283234,5,0.15270698,0.35484064,0.028258344
