,Source, ,Country,,VariableName,VariableCode,,Year,,Calculation,,Period average,,1990.0,,Suggested peers,,,,,,Suggested peers
,\\Wbgmsstat002\PFR\TOOLS\Excel tool\Subnational\India, ,Gujarat,,TOTAL REVENUE,REV_TOTAL,,1990,,Period average,,Last available figure,,1991.0,,Customized groups,,Difference,,Difference,,Customised peers 1
,, ,,,TAX REVENUE (A+B),REV_TAX_I,,1991,,Last available figure,,,,1992.0,,,,Growth,,Growth,,Customised peers 2
,,,,,State's Own Tax Revenue (1 to 3),REV_TAX_I_A,,1992,,,,,,1993.0,,,,,,Percent,,
,,,,,Taxes on Income (i+ii),REV_TAX_I_A_1,,1993,,,,,,1994.0,,,,,,Difference of percents,,
,,,,,Agricultural Income Tax,REV_TAX_I_A_1_AI,,1994,,,,,,1995.0,,,,,,Incidence,,
,,,,,"Taxes on Professions, Trades, Callings and Employment",REV_TAX_I_A_1_PT,,1995,,,,,,1996.0,,,,,,,,
,,,,,Taxes on Property and Capital Transactions (i to iii),REV_TAX_I_A_2,,1996,,,,,,1997.0,,,,,,,,
,,,,,Land Revenue,REV_TAX_I_A_2_LR,,1997,,,,,,1998.0,,,,,,,,
,,,,,Stamps and Registration Fees,REV_TAX_I_A_2_SR,,1998,,,,,,1999.0,,,,,,,,
,,,,,Urban Immovable Property Tax,REV_TAX_I_A_2_UI,,1999,,,,,,2000.0,,,,,,,,
,,,,,Taxes on Commodities and Services (i to vii),REV_TAX_I_A_3,,2000,,,,,,2001.0,,,,,,,,
,,,,,Sales Tax (a to e),REV_TAX_I_A_3_ST,,2001,,,,,,2002.0,,,,,,,,
,,,,,Central Sales Tax,REV_TAX_I_A_3_CST,,2002,,,,,,2003.0,,,,,,,,
,,,,,State Sales Tax/VAT,REV_TAX_I_A_3_SST,,2003,,,,,,2004.0,,,,,,,,
,,,,,Sales Tax on Motor Spirit and Lubricants,REV_TAX_I_A_3_STM,,2004,,,,,,2005.0,,,,,,,,
,,,,,Surcharge on Sales Tax,REV_TAX_I_A_3_SS,,2005,,,,,,2006.0,,,,,,,,
,,,,,Receipts of Turnover Tax,REV_TAX_I_A_3_RT,,2006,,,,,,2007.0,,,,,,,,
,,,,,Other Receipts,REV_TAX_I_A_3_OR,,2007,,,,,,2008.0,,,,,,,,
,,,,,State Excise,REV_TAX_I_A_3_SE,,2008,,,,,,2009.0,,,,,,,,
,,,,,Taxes on Vehicles,REV_TAX_I_A_3_TV,,2009,,,,,,2010.0,,,,,,,,
,,,,,Taxes on Goods and Passengers,REV_TAX_I_A_3_TG,,2010,,,,,,2011.0,,,,,,,,
,,,,,Taxes and Duties on Electricity,REV_TAX_I_A_3_TE,,2011,,,,,,2012.0,,,,,,,,
,,,,,Entertainment Tax,REV_TAX_I_A_3_ET,,2012,,,,,,2013.0,,,,,,,,
,,,,,State Goods and Services Tax,REV_TAX_I_A_3_GS,,2013,,,,,,2014.0,,,,,,,,
,,,,,Other Taxes and Duties,REV_TAX_I_A_3_OT,,2014,,,,,,2015.0,,,,,,,,
,,,,,Share in Central Taxes (i to ix),REV_TAX_I_B,,2015,,,,,,2016.0,,,,,,,,
,,,,,Central Goods and Services Tax (CGST),REV_TAX_I_B_CG,,2016,,,,,,2017.0,,,,,,,,
,,,,,Corporation Tax,REV_TAX_I_B_CT,,2017,,,,,,2018.0,,,,,,,,
,,,,,Income Tax,REV_TAX_I_B_IT,,2018,,,,,,2019.0,,,,,,,,
,,,,,Estate Duty,REV_TAX_I_B_ED,,2019,,,,,,2020.0,,,,,,,,
,,,,,Other Taxes on Income and Expenditure,REV_TAX_I_B_OI,,2020,,,,,,2021.0,,,,,,,,
,,,,,Taxes on Wealth,REV_TAX_I_B_TW,,2021,,,,,,2022.0,,,,,,,,
,,,,,Customs,REV_TAX_I_B_CU,,2022,,,,,,2023.0,,,,,,,,
,,,,,Union Excise Duties,REV_TAX_I_B_UE,,2023,,,,,,2024.0,,,,,,,,
,,,,,IGST,REV_TAX_I_B_IGST,,2024,,,,,,,,,,,,,,
,,,,,Service Tax,REV_TAX_I_B_ST,,,,,,,,,,,,,,,,
,,,,,Other Taxes and Duties on Commodities and Services,REV_TAX_I_B_OT,,,,,,,,,,,,,,,,
,,,,,NON-TAX REVENUE (C+D),REV_NTAX_II,,,,,,,,,,,,,,,,
,,,,,State's Own Non-Tax Revenue (1 to 6),REV_NTAX_II_C,,,,,,,,,,,,,,,,
,,,,,Interest Receipts,REV_NTAX_II_C_IR,,,,,,,,,,,,,,,,
,,,,,Dividends and Profits,REV_NTAX_II_C_DP,,,,,,,,,,,,,,,,
,,,,,General Services,REV_NTAX_II_C_GS,,,,,,,,,,,,,,,,
,,,,,of which: State Lotteries,REV_NTAX_II_C_SL,,,,,,,,,,,,,,,,
,,,,,Social Services (i to ix),REV_NTAX_II_C_SS,,,,,,,,,,,,,,,,
,,,,,"Education, Sports, Art and Culture",REV_NTAX_II_C_SS_ES,,,,,,,,,,,,,,,,
,,,,,Medical and Public Health,REV_NTAX_II_C_SS_MH,,,,,,,,,,,,,,,,
,,,,,Family Welfare,REV_NTAX_II_C_SS_FW,,,,,,,,,,,,,,,,
,,,,,Water Supply and Sanitation,REV_NTAX_II_C_SS_WS,,,,,,,,,,,,,,,,
,,,,,Housing,REV_NTAX_II_C_SS_H,,,,,,,,,,,,,,,,
,,,,,Urban Development,REV_NTAX_II_C_SS_UD,,,,,,,,,,,,,,,,
,,,,,Labour and Employment,REV_NTAX_II_C_SS_LE,,,,,,,,,,,,,,,,
,,,,,Social Security and Welfare,REV_NTAX_II_C_SS_SW,,,,,,,,,,,,,,,,
,,,,,Others,REV_NTAX_II_C_SS_O,,,,,,,,,,,,,,,,
,,,,,Fiscal Services,REV_NTAX_II_C_FS,,,,,,,,,,,,,,,,
,,,,,Economic Services (i to xvii),REV_NTAX_II_C_ES,,,,,,,,,,,,,,,,
,,,,,Crop Husbandry,REV_NTAX_II_C_ES_CH,,,,,,,,,,,,,,,,
,,,,,Animal Husbandry,REV_NTAX_II_C_ES_AH,,,,,,,,,,,,,,,,
,,,,,Fisheries,REV_NTAX_II_C_ES_FI,,,,,,,,,,,,,,,,
,,,,,Forestry and Wildlife,REV_NTAX_II_C_ES_FW,,,,,,,,,,,,,,,,
,,,,,Plantations,REV_NTAX_II_C_ES_PL,,,,,,,,,,,,,,,,
,,,,,Co-operation,REV_NTAX_II_C_ES_CO,,,,,,,,,,,,,,,,
,,,,,Other Agricultural Programmes,REV_NTAX_II_C_ES_OA,,,,,,,,,,,,,,,,
,,,,,Major and Medium Irrigation Projects,REV_NTAX_II_C_ES_MI,,,,,,,,,,,,,,,,
,,,,,Minor Irrigation,REV_NTAX_II_C_ES_MII,,,,,,,,,,,,,,,,
,,,,,Power,REV_NTAX_II_C_ES_PW,,,,,,,,,,,,,,,,
,,,,,Petroleum,REV_NTAX_II_C_ES_PE,,,,,,,,,,,,,,,,
,,,,,Village and Small Industries,REV_NTAX_II_C_ES_VI,,,,,,,,,,,,,,,,
,,,,,Industries,REV_NTAX_II_C_ES_IN,,,,,,,,,,,,,,,,
,,,,,Ports and Light Houses,REV_NTAX_II_C_ES_PH,,,,,,,,,,,,,,,,
,,,,,Road Transport,REV_NTAX_II_C_ES_RT,,,,,,,,,,,,,,,,
,,,,,Tourism,REV_NTAX_II_C_ES_TM,,,,,,,,,,,,,,,,
,,,,,Others,REV_NTAX_II_C_ES_O,,,,,,,,,,,,,,,,
,,,,,Grants from the Centre (1 to 7),REV_NTAX_II_D,,,,,,,,,,,,,,,,
,,,,,State Plan Schemes,REV_NTAX_II_D_SP,,,,,,,,,,,,,,,,
,,,,,Advance release of Plan Assistance for Natural Calamities,REV_NTAX_II_D_SP_ND,,,,,,,,,,,,,,,,
,,,,,Central Plan Schemes,REV_NTAX_II_D_CP,,,,,,,,,,,,,,,,
,,,,,Centrally Sponsored Schemes,REV_NTAX_II_D_CS,,,,,,,,,,,,,,,,
,,,,,NEC/ Special Plan Scheme,REV_NTAX_II_D_NEC,,,,,,,,,,,,,,,,
,,,,,Finance Commission Grants,REV_NTAX_II_D_FC,,,,,,,,,,,,,,,,
,,,,,Non-Plan Grants (a to c),REV_NTAX_II_D_FC_NPG,,,,,,,,,,,,,,,,
,,,,,Statutory Grants,REV_NTAX_II_D_FC_NPG_SG,,,,,,,,,,,,,,,,
,,,,,Grants for relief on account of Natural Calamities,REV_NTAX_II_D_FC_NPG_NC,,,,,,,,,,,,,,,,
,,,,,Others FC grants,REV_NTAX_II_D_FC_NPG_OT,,,,,,,,,,,,,,,,
,,,,,GST compensation,REV_NTAX_II_D_FC_NPG_GST,,,,,,,,,,,,,,,,
,,,,,VAT compensation,REV_NTAX_II_D_FC_NPG_VAT,,,,,,,,,,,,,,,,
,,,,,Central sales tax compensation,REV_NTAX_II_D_FC_NPG_CST,,,,,,,,,,,,,,,,
,,,,,Compensation cess (0009),REV_NTAX_II_D_FC_NPG_CESS,,,,,,,,,,,,,,,,
,,,,,Post Devolution Revenue Deficit Grants,REV_NTAX_II_D_FC_PD,,,,,,,,,,,,,,,,
,,,,,Grants for Rural Local Bodies,REV_NTAX_II_D_FC_RL,,,,,,,,,,,,,,,,
,,,,,Grants for Urban Local Bodies,REV_NTAX_II_D_FC_UL,,,,,,,,,,,,,,,,
,,,,,Grant in aid for State Disaster Response Fund,REV_NTAX_II_D_FC_DR,,,,,,,,,,,,,,,,
,,,,,Others (including Health Sector Grants),REV_NTAX_II_D_FC_O,,,,,,,,,,,,,,,,
,,,,,Grants under proviso to Article 275(1) of the Constitution,REV_NTAX_II_D_275,,,,,,,,,,,,,,,,
,,,,,Other Grants,REV_NTAX_II_D_OG,,,,,,,,,,,,,,,,
,,,,,GST Compensation (1)#,REV_NTAX_II_D_OG_GC1,,,,,,,,,,,,,,,,
,,,,,GST Compensation (2)#,REV_NTAX_II_D_OG_GC2,,,,,,,,,,,,,,,,
,,,,,TOTAL EXPENDITURE (I+II+III),EXP_CUR_TOTAL,,,,,,,,,,,,,,,,
,,,,,DEVELOPMENTAL EXPENDITURE (A + B),EXP_CUR_I,,,,,,,,,,,,,,,,
,,,,,Social Services (1 to 12),EXP_CUR_I_A,,,,,,,,,,,,,,,,
,,,,,"Education, Sports, Art and Culture",EXP_CUR_I_A_ES,,,,,,,,,,,,,,,,
,,,,,Medical and Public Health,EXP_CUR_I_A_MH,,,,,,,,,,,,,,,,
,,,,,Family Welfare,EXP_CUR_I_A_FW,,,,,,,,,,,,,,,,
,,,,,Water Supply and Sanitation,EXP_CUR_I_A_WS,,,,,,,,,,,,,,,,
,,,,,Housing,EXP_CUR_I_A_H,,,,,,,,,,,,,,,,
,,,,,Urban Development,EXP_CUR_I_A_UD,,,,,,,,,,,,,,,,
,,,,,"Welfare of Scheduled Castes, Scheduled Tribes and OBC",EXP_CUR_I_A_WSC,,,,,,,,,,,,,,,,
,,,,,Labour and Labour Welfare,EXP_CUR_I_A_LW,,,,,,,,,,,,,,,,
,,,,,Social Security and Welfare,EXP_CUR_I_A_SW,,,,,,,,,,,,,,,,
,,,,,Nutrition,EXP_CUR_I_A_N,,,,,,,,,,,,,,,,
,,,,,Relief on account of Natural Calamities,EXP_CUR_I_A_RNC,,,,,,,,,,,,,,,,
,,,,,Others*,EXP_CUR_I_A_O,,,,,,,,,,,,,,,,
,,,,,Economic Services (1 to 9),EXP_CUR_I_B,,,,,,,,,,,,,,,,
,,,,,Agriculture and Allied Activities (i to xii),EXP_CUR_I_B_AA,,,,,,,,,,,,,,,,
,,,,,Crop Husbandry,EXP_CUR_I_B_AA_CH,,,,,,,,,,,,,,,,
,,,,,Soil and Water Conservation,EXP_CUR_I_B_AA_SC,,,,,,,,,,,,,,,,
,,,,,Animal Husbandry,EXP_CUR_I_B_AA_AH,,,,,,,,,,,,,,,,
,,,,,Dairy Development,EXP_CUR_I_B_AA_DD,,,,,,,,,,,,,,,,
,,,,,Fisheries,EXP_CUR_I_B_AA_FI,,,,,,,,,,,,,,,,
,,,,,Forestry and Wild Life,EXP_CUR_I_B_AA_FW,,,,,,,,,,,,,,,,
,,,,,Plantations,EXP_CUR_I_B_AA_PL,,,,,,,,,,,,,,,,
,,,,,Food Storage and Warehousing,EXP_CUR_I_B_AA_FS,,,,,,,,,,,,,,,,
,,,,,Agricultural Research and Education,EXP_CUR_I_B_AA_RE,,,,,,,,,,,,,,,,
,,,,,Agricultural Finance Institutions,EXP_CUR_I_B_AA_AF,,,,,,,,,,,,,,,,
,,,,,Co-operation,EXP_CUR_I_B_AA_CO,,,,,,,,,,,,,,,,
,,,,,Other Agricultural Programmes,EXP_CUR_I_B_AA_OA,,,,,,,,,,,,,,,,
,,,,,Rural Development,EXP_CUR_I_B_RD,,,,,,,,,,,,,,,,
,,,,,Special Area Programmes,EXP_CUR_I_B_SA,,,,,,,,,,,,,,,,
,,,,,Irrigation and Flood Control,EXP_CUR_I_B_IF,,,,,,,,,,,,,,,,
,,,,,Major and Medium Irrigation,EXP_CUR_I_B_IF_MI,,,,,,,,,,,,,,,,
,,,,,Minor Irrigation,EXP_CUR_I_B_IF_MII,,,,,,,,,,,,,,,,
,,,,,Flood Control and Drainage,EXP_CUR_I_B_IF_FC,,,,,,,,,,,,,,,,
,,,,,Energy,EXP_CUR_I_B_EN,,,,,,,,,,,,,,,,
,,,,,of which: Power,EXP_CUR_I_B_EN_PW,,,,,,,,,,,,,,,,
,,,,,Industry and Minerals (i to iii),EXP_CUR_I_B_IM,,,,,,,,,,,,,,,,
,,,,,Village and Small Industries,EXP_CUR_I_B_IM_VI,,,,,,,,,,,,,,,,
,,,,,Industries,EXP_CUR_I_B_IM_IN,,,,,,,,,,,,,,,,
,,,,,Others,EXP_CUR_I_B_IM_O,,,,,,,,,,,,,,,,
,,,,,Transport and Communications (i + ii),EXP_CUR_I_B_TC,,,,,,,,,,,,,,,,
,,,,,Roads and Bridges,EXP_CUR_I_B_TC_RB,,,,,,,,,,,,,,,,
,,,,,Others,EXP_CUR_I_B_TC_O,,,,,,,,,,,,,,,,
,,,,,"Science, Technology and Environment",EXP_CUR_I_B_STE,,,,,,,,,,,,,,,,
,,,,,General Economic Services (i to iv),EXP_CUR_I_B_GES,,,,,,,,,,,,,,,,
,,,,,Secretariat - Economic Services,EXP_CUR_I_B_GES_SE,,,,,,,,,,,,,,,,
,,,,,Tourism,EXP_CUR_I_B_GES_TM,,,,,,,,,,,,,,,,
,,,,,Civil Supplies,EXP_CUR_I_B_GES_CS,,,,,,,,,,,,,,,,
,,,,,Others,EXP_CUR_I_B_GES_O,,,,,,,,,,,,,,,,
,,,,,NON-DEVELOPMENTAL EXPENDITURE (General Services) (A to F),EXP_CUR_II,,,,,,,,,,,,,,,,
,,,,,Organs of State,EXP_CUR_II_A,,,,,,,,,,,,,,,,
,,,,,Fiscal Services (i + ii),EXP_CUR_II_B,,,,,,,,,,,,,,,,
,,,,,Collection of Taxes and Duties,EXP_CUR_II_B_CT,,,,,,,,,,,,,,,,
,,,,,Other Fiscal Services,EXP_CUR_II_B_OFS,,,,,,,,,,,,,,,,
,,,,,"Transfers to Road Fund, Education Cess Fund, etc.",EXP_CUR_II_B_TRF,,,,,,,,,,,,,,,,
,,,,,Interest Payments and Servicing of Debt (1 + 2),EXP_CUR_II_C,,,,,,,,,,,,,,,,
,,,,,Appropriation for Reduction or Avoidance of Debt,EXP_CUR_II_C_AR,,,,,,,,,,,,,,,,
,,,,,Interest Payments (i to iv),EXP_CUR_II_C_IP,,,,,,,,,,,,,,,,
,,,,,Interest on Loans from the Centre,EXP_CUR_II_C_IP_LC,,,,,,,,,,,,,,,,
,,,,,Interest on Internal Debt,EXP_CUR_II_C_IP_ID,,,,,,,,,,,,,,,,
,,,,,Interest on Market Loans,EXP_CUR_II_C_IP_ML,,,,,,,,,,,,,,,,
,,,,,Interest on NSSF,EXP_CUR_II_C_IP_NS,,,,,,,,,,,,,,,,
,,,,,"Interest on Small Savings, State Provident Funds, etc.",EXP_CUR_II_C_IP_SS,,,,,,,,,,,,,,,,
,,,,,Others,EXP_CUR_II_C_IP_O,,,,,,,,,,,,,,,,
,,,,,Administrative Services (i to v),EXP_CUR_II_D,,,,,,,,,,,,,,,,
,,,,,Secretariat - General Services,EXP_CUR_II_D_SG,,,,,,,,,,,,,,,,
,,,,,District Administration,EXP_CUR_II_D_DA,,,,,,,,,,,,,,,,
,,,,,Police,EXP_CUR_II_D_PO,,,,,,,,,,,,,,,,
,,,,,Public Works,EXP_CUR_II_D_PW,,,,,,,,,,,,,,,,
,,,,,Others,EXP_CUR_II_D_O,,,,,,,,,,,,,,,,
,,,,,Pensions,EXP_CUR_II_E,,,,,,,,,,,,,,,,
,,,,,Miscellaneous General Services,EXP_CUR_II_F,,,,,,,,,,,,,,,,
,,,,,of which: Payment on account of State Lotteries,EXP_CUR_II_F_SL,,,,,,,,,,,,,,,,
,,,,,Grants-in-Aid and Contributions,EXP_CUR_III,,,,,,,,,,,,,,,,
,,,,,Compensation and Assignments to Local Bodies and PRIs,EXP_CUR_III_CAL,,,,,,,,,,,,,,,,
,,,,,Reserve with Finance Department,EXP_CUR_IV,,,,,,,,,,,,,,,,
,,,,,TOTAL CAPITAL RECEIPTS (Includes Public Accounts on a net basis)*,CAP_REC_TOTAL_PA,,,,,,,,,,,,,,,,
,,,,,TOTAL CAPITAL RECEIPTS (I to XII),CAP_REC_TOTAL,,,,,,,,,,,,,,,,
,,,,,External Debt,CAP_REC_EDEBT,,,,,,,,,,,,,,,,
,,,,,Internal Debt (1 to 8),CAP_REC_I,,,,,,,,,,,,,,,,
,,,,,Market Loans,CAP_REC_I_ML,,,,,,,,,,,,,,,,
,,,,,Loans from LIC,CAP_REC_I_LIC,,,,,,,,,,,,,,,,
,,,,,Loans from National Bank for Agriculture and Rural Development,CAP_REC_I_NABARD,,,,,,,,,,,,,,,,
,,,,,Loans from SBI and other Banks,CAP_REC_I_SBI,,,,,,,,,,,,,,,,
,,,,,Loans from National Co-operative Development Corporation,CAP_REC_I_NCDC,,,,,,,,,,,,,,,,
,,,,,WMA from RBI,CAP_REC_I_WMA,,,,,,,,,,,,,,,,
,,,,,Special Securities issued to NSSF,CAP_REC_I_SS_NSSF,,,,,,,,,,,,,,,,
,,,,,Others (including 106),CAP_REC_I_OTH,,,,,,,,,,,,,,,,
,,,,,Land Compensation and other,CAP_REC_I_OTH_LAND,,,,,,,,,,,,,,,,
,,,,,Loans and Advances from the Centre (1 to 8),CAP_REC_II,,,,,,,,,,,,,,,,
,,,,,State Plan Schemes,CAP_REC_II_SPS,,,,,,,,,,,,,,,,
,,,,,Advance release of Plan Assistance for Natural Calamities,CAP_REC_II_SPS_NC,,,,,,,,,,,,,,,,
,,,,,Central Plan Schemes,CAP_REC_II_CPS,,,,,,,,,,,,,,,,
,,,,,Centrally Sponsored Schemes,CAP_REC_II_CSS,,,,,,,,,,,,,,,,
,,,,,Non-Plan (i to iii),CAP_REC_II_NP,,,,,,,,,,,,,,,,
,,,,,Share of Small Savings,CAP_REC_II_NP_SS,,,,,,,,,,,,,,,,
,,,,,Relief for Natural Calamities,CAP_REC_II_NP_NC,,,,,,,,,,,,,,,,
,,,,,Others,CAP_REC_II_NP_OT,,,,,,,,,,,,,,,,
,,,,,Ways and Means Advances from Centre,CAP_REC_II_WMA,,,,,,,,,,,,,,,,
,,,,,Loans for Special Schemes,CAP_REC_II_LSS,,,,,,,,,,,,,,,,
,,,,,Recovery of Loans and Advances (1 to 12),CAP_REC_III,,,,,,,,,,,,,,,,
,,,,,Housing,CAP_REC_III_H,,,,,,,,,,,,,,,,
,,,,,Urban Development,CAP_REC_III_UD,,,,,,,,,,,,,,,,
,,,,,Crop Husbandry,CAP_REC_III_CH,,,,,,,,,,,,,,,,
,,,,,Food Storage and Warehousing,CAP_REC_III_FSW,,,,,,,,,,,,,,,,
,,,,,Co-operation,CAP_REC_III_COOP,,,,,,,,,,,,,,,,
,,,,,Minor Irrigation,CAP_REC_III_MI,,,,,,,,,,,,,,,,
,,,,,Power Projects,CAP_REC_III_PP,,,,,,,,,,,,,,,,
,,,,,Village and Small Industries,CAP_REC_III_VSI,,,,,,,,,,,,,,,,
,,,,,Industries and Minerals,CAP_REC_III_IM,,,,,,,,,,,,,,,,
,,,,,Road Transport,CAP_REC_III_RT,,,,,,,,,,,,,,,,
,,,,,"Government Servants, etc.",CAP_REC_III_GS,,,,,,,,,,,,,,,,
,,,,,Others,CAP_REC_III_OTH,,,,,,,,,,,,,,,,
,,,,,Inter-State Settlement,CAP_REC_IV,,,,,,,,,,,,,,,,
,,,,,Contingency Fund,CAP_REC_V,,,,,,,,,,,,,,,,
,,,,,"State Provident Funds, etc. (1 + 2)",CAP_REC_VI,,,,,,,,,,,,,,,,
,,,,,State Provident Funds,CAP_REC_VI_SPF,,,,,,,,,,,,,,,,
,,,,,Others,CAP_REC_VI_OTH,,,,,,,,,,,,,,,,
,,,,,Reserve Funds (1 to 4),CAP_REC_VII,,,,,,,,,,,,,,,,
,,,,,Depreciation/Renewal Reserve Funds,CAP_REC_VII_DRF,,,,,,,,,,,,,,,,
,,,,,Sinking Funds,CAP_REC_VII_SF,,,,,,,,,,,,,,,,
,,,,,Famine Relief Fund,CAP_REC_VII_FRF,,,,,,,,,,,,,,,,
,,,,,Others,CAP_REC_VII_OTH,,,,,,,,,,,,,,,,
,,,,,Deposits and Advances (1 to 4),CAP_REC_VIII,,,,,,,,,,,,,,,,
,,,,,Civil Deposits,CAP_REC_VIII_CD,,,,,,,,,,,,,,,,
,,,,,Deposits of Local Funds,CAP_REC_VIII_DLF,,,,,,,,,,,,,,,,
,,,,,Civil Advances,CAP_REC_VIII_CA,,,,,,,,,,,,,,,,
,,,,,Suspense and Miscellaneous (1 to 4),CAP_REC_IX,,,,,,,,,,,,,,,,
,,,,,Suspense,CAP_REC_IX_SUS,,,,,,,,,,,,,,,,
,,,,,Cash Balance Investment Accounts,CAP_REC_IX_CBIA,,,,,,,,,,,,,,,,
,,,,,Deposits with RBI,CAP_REC_IX_DRBI,,,,,,,,,,,,,,,,
,,,,,Appropriation to Contingency Fund,CAP_REC_X,,,,,,,,,,,,,,,,
,,,,,Miscellaneous Capital Receipts,CAP_REC_XI,,,,,,,,,,,,,,,,
,,,,,Disinvestment,CAP_REC_DISINV,,,,,,,,,,,,,,,,
,,,,,TOTAL CAPITAL DISBURSEMENTS (Excluding Public Accounts),EXP_CAP_TOTAL_EXPA,,,,,,,,,,,,,,,,
,,,,,TOTAL CAPITAL DISBURSEMENTS (I to XII),EXP_CAP_TOTAL,,,,,,,,,,,,,,,,
,,,,,Total Capital Outlay (1 + 2),EXP_CAP_I,,,,,,,,,,,,,,,,
,,,,,Development (a + b),EXP_CAP_I_1_DEV,,,,,,,,,,,,,,,,
,,,,,Social Services (1 to 9),EXP_CAP_I_1_A_SS,,,,,,,,,,,,,,,,
,,,,,"Education, Sports, Art and Culture",EXP_CAP_I_1_A_1,,,,,,,,,,,,,,,,
,,,,,Medical and Public Health,EXP_CAP_I_1_A_2,,,,,,,,,,,,,,,,
,,,,,Family Welfare,EXP_CAP_I_1_A_3,,,,,,,,,,,,,,,,
,,,,,Water Supply and Sanitation,EXP_CAP_I_1_A_4,,,,,,,,,,,,,,,,
,,,,,Housing,EXP_CAP_I_1_A_5,,,,,,,,,,,,,,,,
,,,,,Urban Development,EXP_CAP_I_1_A_6,,,,,,,,,,,,,,,,
,,,,,"Welfare of Scheduled Castes, Scheduled Tribes, and Other Backward Classes",EXP_CAP_I_1_A_7,,,,,,,,,,,,,,,,
,,,,,Social Security and Welfare,EXP_CAP_I_1_A_8,,,,,,,,,,,,,,,,
,,,,,Others,EXP_CAP_I_1_A_9,,,,,,,,,,,,,,,,
,,,,,Economic Services (1 to 10),EXP_CAP_I_1_B_ES,,,,,,,,,,,,,,,,
,,,,,Agriculture and Allied Activities (i to xi),EXP_CAP_I_1_B_1_AGRI,,,,,,,,,,,,,,,,
,,,,,Crop Husbandry,EXP_CAP_I_1_B_1_I,,,,,,,,,,,,,,,,
,,,,,Soil and Water Conservation,EXP_CAP_I_1_B_1_II,,,,,,,,,,,,,,,,
,,,,,Animal Husbandry,EXP_CAP_I_1_B_1_III,,,,,,,,,,,,,,,,
,,,,,Dairy Development,EXP_CAP_I_1_B_1_IV,,,,,,,,,,,,,,,,
,,,,,Fisheries,EXP_CAP_I_1_B_1_V,,,,,,,,,,,,,,,,
,,,,,Forestry and Wild Life,EXP_CAP_I_1_B_1_VI,,,,,,,,,,,,,,,,
,,,,,Plantations,EXP_CAP_I_1_B_1_VII,,,,,,,,,,,,,,,,
,,,,,Food Storage and Warehousing,EXP_CAP_I_1_B_1_VIII,,,,,,,,,,,,,,,,
,,,,,Agricultural Research and Education,EXP_CAP_I_1_B_1_IX,,,,,,,,,,,,,,,,
,,,,,Co-operation,EXP_CAP_I_1_B_1_X,,,,,,,,,,,,,,,,
,,,,,Others,EXP_CAP_I_1_B_1_XI,,,,,,,,,,,,,,,,
,,,,,Rural Development,EXP_CAP_I_1_B_2_RD,,,,,,,,,,,,,,,,
,,,,,Special Area Programmes,EXP_CAP_I_1_B_3_SAP,,,,,,,,,,,,,,,,
,,,,,of which: Hill Areas,EXP_CAP_I_1_B_3_0,,,,,,,,,,,,,,,,
,,,,,Irrigation and Flood Control,EXP_CAP_I_1_B_4_IFC,,,,,,,,,,,,,,,,
,,,,,Energy,EXP_CAP_I_1_B_5_ENERGY,,,,,,,,,,,,,,,,
,,,,,Industry and Minerals (i to iv),EXP_CAP_I_1_B_6_IM,,,,,,,,,,,,,,,,
,,,,,Village and Small Industries,EXP_CAP_I_1_B_6_I,,,,,,,,,,,,,,,,
,,,,,Iron and Steel Industries,EXP_CAP_I_1_B_6_II,,,,,,,,,,,,,,,,
,,,,,Non-Ferrous Mining and Metallurgical Industries,EXP_CAP_I_1_B_6_III,,,,,,,,,,,,,,,,
,,,,,Others,EXP_CAP_I_1_B_6_IV,,,,,,,,,,,,,,,,
,,,,,Transport (i + ii),EXP_CAP_I_1_B_7_TRNS,,,,,,,,,,,,,,,,
,,,,,Roads and Bridges,EXP_CAP_I_1_B_7_I,,,,,,,,,,,,,,,,
,,,,,Others,EXP_CAP_I_1_B_7_II,,,,,,,,,,,,,,,,
,,,,,Communications,EXP_CAP_I_1_B_8_COM,,,,,,,,,,,,,,,,
,,,,,"Science, Technology and Environment",EXP_CAP_I_1_B_9_STE,,,,,,,,,,,,,,,,
,,,,,General Economic Services (i + ii),EXP_CAP_I_1_B_10_GES,,,,,,,,,,,,,,,,
,,,,,Tourism,EXP_CAP_I_1_B_10_I,,,,,,,,,,,,,,,,
,,,,,Others,EXP_CAP_I_1_B_10_II,,,,,,,,,,,,,,,,
,,,,,Non-Development (General Services),EXP_CAP_I_2_ND,,,,,,,,,,,,,,,,
,,,,,Discharge of Internal Debt (1 to 8),EXP_CAP_II,,,,,,,,,,,,,,,,
,,,,,Market Loans,EXP_CAP_II_ML,,,,,,,,,,,,,,,,
,,,,,Loans from LIC,EXP_CAP_II_LIC,,,,,,,,,,,,,,,,
,,,,,Loans from National Bank for Agriculture and Rural Development,EXP_CAP_II_NABARD,,,,,,,,,,,,,,,,
,,,,,Loans from SBI and other Banks,EXP_CAP_II_SBI,,,,,,,,,,,,,,,,
,,,,,Loans from National Co-operative Development Corporation,EXP_CAP_II_NCDC,,,,,,,,,,,,,,,,
,,,,,WMA from RBI,EXP_CAP_II_WMA,,,,,,,,,,,,,,,,
,,,,,Special Securities issued to NSSF,EXP_CAP_II_SS_NSSF,,,,,,,,,,,,,,,,
,,,,,Others (including 106),EXP_CAP_II_OTH,,,,,,,,,,,,,,,,
,,,,,Land Compensation Bonds,EXP_CAP_II_OTH_LAND,,,,,,,,,,,,,,,,
,,,,,Repayment of Loans to the Centre (1 to 7),EXP_CAP_III,,,,,,,,,,,,,,,,
,,,,,State Plan Schemes,EXP_CAP_III_SPS,,,,,,,,,,,,,,,,
,,,,,Advance release of Plan Assistance for Natural Calamities,EXP_CAP_III_SPS_NC,,,,,,,,,,,,,,,,
,,,,,Central Plan Schemes,EXP_CAP_III_CPS,,,,,,,,,,,,,,,,
,,,,,Centrally Sponsored Schemes,EXP_CAP_III_CSS,,,,,,,,,,,,,,,,
,,,,,Non-Plan Loans,EXP_CAP_III_NPL,,,,,,,,,,,,,,,,
,,,,,Relief for Natural Calamities,EXP_CAP_III_NPL_NC,,,,,,,,,,,,,,,,
,,,,,Others,EXP_CAP_III_NPL_OT,,,,,,,,,,,,,,,,
,,,,,Ways and Means Advances from Centre,EXP_CAP_III_WMA,,,,,,,,,,,,,,,,
,,,,,Loans for Special Schemes,EXP_CAP_III_LOANSS,,,,,,,,,,,,,,,,
,,,,,Other Loans for States/Union Territories with legislature schemes,EXP_CAP_III_OL,,,,,,,,,,,,,,,,
,,,,,Loans and Advances by State Governments (1+2),EXP_CAP_IV,,,,,,,,,,,,,,,,
,,,,,Development Purposes (a + b),EXP_CAP_IV_DEV,,,,,,,,,,,,,,,,
,,,,,Social Services (1 to 7),EXP_CAP_IV_A_SS,,,,,,,,,,,,,,,,
,,,,,"Education, Sports, Art and Culture",EXP_CAP_IV_A_1,,,,,,,,,,,,,,,,
,,,,,Medical and Public Health,EXP_CAP_IV_A_2,,,,,,,,,,,,,,,,
,,,,,Family Welfare,EXP_CAP_IV_A_3,,,,,,,,,,,,,,,,
,,,,,Water Supply and Sanitation,EXP_CAP_IV_A_4,,,,,,,,,,,,,,,,
,,,,,Housing,EXP_CAP_IV_A_5,,,,,,,,,,,,,,,,
,,,,,Government Servants (Housing),EXP_CAP_IV_A_6,,,,,,,,,,,,,,,,
,,,,,Others,EXP_CAP_IV_A_7,,,,,,,,,,,,,,,,
,,,,,Economic Services (1 to 10),EXP_CAP_IV_B_ES,,,,,,,,,,,,,,,,
,,,,,Crop Husbandry,EXP_CAP_IV_B_1,,,,,,,,,,,,,,,,
,,,,,Soil and Water Conservation,EXP_CAP_IV_B_2,,,,,,,,,,,,,,,,
,,,,,Food Storage and Warehousing,EXP_CAP_IV_B_3,,,,,,,,,,,,,,,,
,,,,,Co-operation,EXP_CAP_IV_B_4,,,,,,,,,,,,,,,,
,,,,,"Major and Medium Irrigation, etc.",EXP_CAP_IV_B_5,,,,,,,,,,,,,,,,
,,,,,Power Projects,EXP_CAP_IV_B_6,,,,,,,,,,,,,,,,
,,,,,Village and Small Industries,EXP_CAP_IV_B_7,,,,,,,,,,,,,,,,
,,,,,Other Industries and Minerals,EXP_CAP_IV_B_8,,,,,,,,,,,,,,,,
,,,,,Rural Development,EXP_CAP_IV_B_9,,,,,,,,,,,,,,,,
,,,,,Others,EXP_CAP_IV_B_10,,,,,,,,,,,,,,,,
,,,,,Non-Development Purposes (a + b),EXP_CAP_IV_2_ND,,,,,,,,,,,,,,,,
,,,,,Government Servants (other than Housing),EXP_CAP_IV_2_A_GS,,,,,,,,,,,,,,,,
,,,,,Miscellaneous,EXP_CAP_IV_2_B_MISC,,,,,,,,,,,,,,,,
,,,,,Inter-State Settlement,EXP_CAP_V,,,,,,,,,,,,,,,,
,,,,,Contingency Fund,EXP_CAP_VI,,,,,,,,,,,,,,,,
,,,,,"State Provident Funds, etc. (1+2)",EXP_CAP_VII,,,,,,,,,,,,,,,,
,,,,,State Provident Funds,EXP_CAP_VII_SPF,,,,,,,,,,,,,,,,
,,,,,Others,EXP_CAP_VII_OTH,,,,,,,,,,,,,,,,
,,,,,Reserve Funds (1 to 4),EXP_CAP_VIII,,,,,,,,,,,,,,,,
,,,,,Depreciation/Renewal Reserve Funds,EXP_CAP_VIII_DRF,,,,,,,,,,,,,,,,
,,,,,Sinking Funds,EXP_CAP_VIII_SF,,,,,,,,,,,,,,,,
,,,,,Famine Relief Fund,EXP_CAP_VIII_FRF,,,,,,,,,,,,,,,,
,,,,,Deposits and Advances (1 to 4),EXP_CAP_IX,,,,,,,,,,,,,,,,
,,,,,Civil Deposits,EXP_CAP_IX_CD,,,,,,,,,,,,,,,,
,,,,,Deposits of Local Funds,EXP_CAP_IX_DLF,,,,,,,,,,,,,,,,
,,,,,Civil Advances,EXP_CAP_IX_CA,,,,,,,,,,,,,,,,
,,,,,Suspense and Miscellaneous (1 to 4),EXP_CAP_X,,,,,,,,,,,,,,,,
,,,,,Suspense,EXP_CAP_X_SUS,,,,,,,,,,,,,,,,
,,,,,Cash Balance Investment Accounts,EXP_CAP_X_CBIA,,,,,,,,,,,,,,,,
,,,,,Deposits with RBI,EXP_CAP_X_DRBI,,,,,,,,,,,,,,,,
,,,,,Others,EXP_CAP_X_OTH,,,,,,,,,,,,,,,,
,,,,,Appropriation to Contingency Fund,EXP_CAP_XI,,,,,,,,,,,,,,,,
,,,,,Surplus (+)/Deficit (-) on Revenue Account,BAL_REV,,,,,,,,,,,,,,,,
,,,,,Surplus (+)/Deficit (-) on Capital Account,BAL_CAP,,,,,,,,,,,,,,,,
,,,,,Overall Surplus (+)/Deficit (-) (A+B),BAL_OVR,,,,,,,,,,,,,,,,
,,,,,Financing of Surplus (+)/Deficit (-) (C = i to iii),BAL_FIN,,,,,,,,,,,,,,,,
,,,,,Increase (+)/Decrease (-) in Cash Balances,BAL_CASH,,,,,,,,,,,,,,,,
,,,,,Opening Balance,BAL_CASH_OPEN,,,,,,,,,,,,,,,,
,,,,,Closing Balance,BAL_CASH_CLOSE,,,,,,,,,,,,,,,,
,,,,,Withdrawals from (-)/Additions to (+) Cash Balance Investment Account (net),BAL_CASH_INV_NET,,,,,,,,,,,,,,,,
,,,,,Increase (-)/Decrease (+) in Ways and Means Advances and Overdrafts from RBI (net),BAL_WMA_OD_RBI,,,,,,,,,,,,,,,,
,,,,,Nominal GSDP (Spliced),NGSDP,,,,,,,,,,,,,,,,
,,,,,Population (mn),POP,,,,,,,,,,,,,,,,
,,,,,nomgsva,nomgsva,,,,,,,,,,,,,,,,
,,,,,nomagriculture,nomagriculture,,,,,,,,,,,,,,,,
,,,,,nomcrop,nomcrop,,,,,,,,,,,,,,,,
,,,,,nomlivestock,nomlivestock,,,,,,,,,,,,,,,,
,,,,,nomforest,nomforest,,,,,,,,,,,,,,,,
,,,,,nomfishing,nomfishing,,,,,,,,,,,,,,,,
,,,,,nommining,nommining,,,,,,,,,,,,,,,,
,,,,,nommanufacturing,nommanufacturing,,,,,,,,,,,,,,,,
,,,,,nomelectricity,nomelectricity,,,,,,,,,,,,,,,,
,,,,,nomconstruction,nomconstruction,,,,,,,,,,,,,,,,
,,,,,nomtrade,nomtrade,,,,,,,,,,,,,,,,
,,,,,nomrepair,nomrepair,,,,,,,,,,,,,,,,
,,,,,nomhotel,nomhotel,,,,,,,,,,,,,,,,
,,,,,nomtransport,nomtransport,,,,,,,,,,,,,,,,
,,,,,nomrailways_tr,nomrailways_tr,,,,,,,,,,,,,,,,
,,,,,nomroad_tr,nomroad_tr,,,,,,,,,,,,,,,,
,,,,,nomwater_tr,nomwater_tr,,,,,,,,,,,,,,,,
,,,,,nomair_tr,nomair_tr,,,,,,,,,,,,,,,,
,,,,,nomservices_tr,nomservices_tr,,,,,,,,,,,,,,,,
,,,,,nomstorage,nomstorage,,,,,,,,,,,,,,,,
,,,,,nombroadcasting,nombroadcasting,,,,,,,,,,,,,,,,
,,,,,nomfinancial,nomfinancial,,,,,,,,,,,,,,,,
,,,,,nomreal,nomreal,,,,,,,,,,,,,,,,
,,,,,nompublic,nompublic,,,,,,,,,,,,,,,,
,,,,,nomother,nomother,,,,,,,,,,,,,,,,
,,,,,nomtaxes,nomtaxes,,,,,,,,,,,,,,,,
,,,,,nomsubsidies,nomsubsidies,,,,,,,,,,,,,,,,
,,,,,gsva,gsva,,,,,,,,,,,,,,,,
,,,,,agriculture,agriculture,,,,,,,,,,,,,,,,
,,,,,crop,crop,,,,,,,,,,,,,,,,
,,,,,livestock,livestock,,,,,,,,,,,,,,,,
,,,,,forest,forest,,,,,,,,,,,,,,,,
,,,,,fishing,fishing,,,,,,,,,,,,,,,,
,,,,,mining,mining,,,,,,,,,,,,,,,,
,,,,,manufacturing,manufacturing,,,,,,,,,,,,,,,,
,,,,,electricity,electricity,,,,,,,,,,,,,,,,
,,,,,construction,construction,,,,,,,,,,,,,,,,
,,,,,trade,trade,,,,,,,,,,,,,,,,
,,,,,repair,repair,,,,,,,,,,,,,,,,
,,,,,hotel,hotel,,,,,,,,,,,,,,,,
,,,,,transport,transport,,,,,,,,,,,,,,,,
,,,,,railways_tr,railways_tr,,,,,,,,,,,,,,,,
,,,,,road_tr,road_tr,,,,,,,,,,,,,,,,
,,,,,water_tr,water_tr,,,,,,,,,,,,,,,,
,,,,,air_tr,air_tr,,,,,,,,,,,,,,,,
,,,,,services_tr,services_tr,,,,,,,,,,,,,,,,
,,,,,storage,storage,,,,,,,,,,,,,,,,
,,,,,broadcasting,broadcasting,,,,,,,,,,,,,,,,
,,,,,financial,financial,,,,,,,,,,,,,,,,
,,,,,real,real,,,,,,,,,,,,,,,,
,,,,,public,public,,,,,,,,,,,,,,,,
,,,,,other,other,,,,,,,,,,,,,,,,
,,,,,taxes,taxes,,,,,,,,,,,,,,,,
,,,,,subsidies,subsidies,,,,,,,,,,,,,,,,
,,,,,industry,industry,,,,,,,,,,,,,,,,
,,,,,services,services,,,,,,,,,,,,,,,,
,,,,,Consumer price index,CPI,,,,,,,,,,,,,,,,
,,,,,nomgsdp,nomgsdp,,,,,,,,,,,,,,,,
,,,,,realgsdp,realgsdp,,,,,,,,,,,,,,,,
,,,,,nompcnsdp,nompcnsdp,,,,,,,,,,,,,,,,
,,,,,realpcnsdp,realpcnsdp,,,,,,,,,,,,,,,,
,,,,,Multidimensional poverty index,POV,,,,,,,,,,,,,,,,
,,,,,Total liabilities,TOTLIAB,,,,,,,,,,,,,,,,
,,,,,Wages and Salaries,WAGES,,,,,,,,,,,,,,,,
,,,,,Expenditure on Operations and Maintenance,opsandmant,,,,,,,,,,,,,,,,
,,,,,Social sector expenditure,socialexp,,,,,,,,,,,,,,,,
,,,,,Climate Vulnerability Index,cvi,,,,,,,,,,,,,,,,
,,,,,DISCOM_Performance,DISCOM_Performance,,,,,,,,,,,,,,,,
,,,,,Access_affordability_reliability,Access_affordability_reliability,,,,,,,,,,,,,,,,
,,,,,Clean_Energy_Initiatives,Clean_Energy_Initiatives,,,,,,,,,,,,,,,,
,,,,,Energy_Efficiency,Energy_Efficiency,,,,,,,,,,,,,,,,
,,,,,Environment_Sustainability,Environment_Sustainability,,,,,,,,,,,,,,,,
,,,,,New_Initiatives,New_Initiatives,,,,,,,,,,,,,,,,
,,,,,SECI_score,SECI_score,,,,,,,,,,,,,,,,
,,,,,Cyclical component of current spending,REXP_CUR_TOTAL_cyc,,,,,,,,,,,,,,,,
,,,,,Potential component of current spending,ln_REXP_CUR_TOTAL_pot,,,,,,,,,,,,,,,,
,,,,,Cyclical component of capital outlays,REXP_CAP_I_cyc,,,,,,,,,,,,,,,,
,,,,,Potential component of capital outlays,ln_REXP_CAP_I_pot,,,,,,,,,,,,,,,,
,,,,,Cyclical component of loans and advances,REXP_CAP_IV_cyc,,,,,,,,,,,,,,,,
,,,,,Potential component of loans and advances,ln_REXP_CAP_IV_pot,,,,,,,,,,,,,,,,
,,,,,Cyclical component of real GSDP,RGSDP_cyc,,,,,,,,,,,,,,,,
,,,,,Potential component of real GSDP,ln_RGSDP_pot,,,,,,,,,,,,,,,,
,,,,,"Public expenditure per capita on social welfare-nutrition to compute efficiency in Multi-Dimesional Poverty Free Index (1-MPI, Multi-Dimesional Poverty Index) for the entire sample",SP.INP1.GEX.MPI,,,,,,,,,,,,,,,,
,,,,,"Multi-Dimesional Poverty Free Index (1-MPI, Multi-Dimesional Poverty Index)",SP.OUT.MPI,,,,,,,,,,,,,,,,
,,,,,Output-oriented efficiency score (FDH) of public spending on social welfare-nutrition for Multi-Dimesional Poverty Free Index (1-MPI) in the entire sample,SP.OOSS.FDH.GEX.MPI,,,,,,,,,,,,,,,,
,,,,,Output-oriented efficiency score (DEA) of public spending on social welfare-nutrition for Multi-Dimesional Poverty Free Index (1-MPI) in the entire sample,SP.OOSS.DEA.GEX.MPI,,,,,,,,,,,,,,,,
,,,,,Output-oriented efficiency score (Bootstrapped FDH) of public spending on social welfare-nutrition for Multi-Dimesional Poverty Free Index (1-MPI) in the entire sample,SP.OOSS.BFDH.GEX.MPI,,,,,,,,,,,,,,,,
,,,,,Output-oriented efficiency score (Bootstrapped DEA) of public spending on social welfare-nutrition for Multi-Dimesional Poverty Free Index (1-MPI) in the entire sample,SP.OOSS.BDEA.GEX.MPI,,,,,,,,,,,,,,,,
,,,,,Output-oriented efficiency score (SFA) of public spending on social welfare-nutrition for Multi-Dimesional Poverty Free Index (1-MPI) in the entire sample,SP.SFA.MPI,,,,,,,,,,,,,,,,
,,,,,Output-oriented efficiency score (Average) of public spending on social welfare-nutrition for Multi-Dimesional Poverty Free Index (1-MPI) in the entire sample,SP.OOSS.AVG.GEX.MPI,,,,,,,,,,,,,,,,
,,,,,Public expenditure per capita on educationto compute efficiency in ASER Math outcome for the entire sample,EDU.INP1.GEX.ASM,,,,,,,,,,,,,,,,
,,,,,ASER Math outcome,EDU.OUT.ASM,,,,,,,,,,,,,,,,
,,,,,Output-oriented efficiency score (FDH) of public spending on education for ASER Math outcome in the entire sample,EDU.OOSS.FDH.GEX.ASM,,,,,,,,,,,,,,,,
,,,,,Output-oriented efficiency score (DEA) of public spending on education for ASER Math outcome in the entire sample,EDU.OOSS.DEA.GEX.ASM,,,,,,,,,,,,,,,,
,,,,,Output-oriented efficiency score (Bootstrapped FDH) of public spending on education for ASER Math outcome in the entire sample,EDU.OOSS.BFDH.GEX.ASM,,,,,,,,,,,,,,,,
,,,,,Output-oriented efficiency score (Bootstrapped DEA) of public spending on education for ASER Math outcome in the entire sample,EDU.OOSS.BDEA.GEX.ASM,,,,,,,,,,,,,,,,
,,,,,Output-oriented efficiency score (SFA) of public spending on education for ASER Math outcome in the entire sample,EDU.SFA.ASM,,,,,,,,,,,,,,,,
,,,,,Output-oriented efficiency score (Average) of public spending on education for ASER Math outcome in the entire sample,EDU.OOSS.AVG.GEX.ASM,,,,,,,,,,,,,,,,
,,,,,Public expenditure per capita on health to compute efficiency in Full immunization coverage for the entire sample,HLT.INP1.GEX.FIC,,,,,,,,,,,,,,,,
,,,,,Full immunization coverage,HLT.OUT.FIC,,,,,,,,,,,,,,,,
,,,,,Output-oriented efficiency score (FDH) of public spending on health for Full immunization coverage in the entire sample,HLT.OOSS.FDH.GEX.FIC,,,,,,,,,,,,,,,,
,,,,,Output-oriented efficiency score (DEA) of public spending on health for Full immunization coverage in the entire sample,HLT.OOSS.DEA.GEX.FIC,,,,,,,,,,,,,,,,
,,,,,Output-oriented efficiency score (Bootstrapped FDH) of public spending on health for Full immunization coverage in the entire sample,HLT.OOSS.BFDH.GEX.FIC,,,,,,,,,,,,,,,,
,,,,,Output-oriented efficiency score (Bootstrapped DEA) of public spending on health for Full immunization coverage in the entire sample,HLT.OOSS.BDEA.GEX.FIC,,,,,,,,,,,,,,,,
,,,,,Output-oriented efficiency score (SFA) of public spending on health for Full immunization coverage in the entire sample,HLT.SFA.FIC,,,,,,,,,,,,,,,,
,,,,,Output-oriented efficiency score (Average) of public spending on health for Full immunization coverage in the entire sample,HLT.OOSS.AVG.GEX.FIC,,,,,,,,,,,,,,,,
,,,,,Public expenditure per capita on educationto compute efficiency in Learning Outcomes Language for the entire sample,EDU.INP1.GEX.LOL,,,,,,,,,,,,,,,,
,,,,,Learning Outcomes Language,EDU.OUT.LOL,,,,,,,,,,,,,,,,
,,,,,Output-oriented efficiency score (FDH) of public spending on education for Learning Outcomes Language in the entire sample,EDU.OOSS.FDH.GEX.LOL,,,,,,,,,,,,,,,,
,,,,,Output-oriented efficiency score (DEA) of public spending on education for Learning Outcomes Language in the entire sample,EDU.OOSS.DEA.GEX.LOL,,,,,,,,,,,,,,,,
,,,,,Output-oriented efficiency score (Bootstrapped FDH) of public spending on education for Learning Outcomes Language in the entire sample,EDU.OOSS.BFDH.GEX.LOL,,,,,,,,,,,,,,,,
,,,,,Output-oriented efficiency score (Bootstrapped DEA) of public spending on education for Learning Outcomes Language in the entire sample,EDU.OOSS.BDEA.GEX.LOL,,,,,,,,,,,,,,,,
,,,,,Output-oriented efficiency score (SFA) of public spending on education for Learning Outcomes Language in the entire sample,EDU.SFA.LOL,,,,,,,,,,,,,,,,
,,,,,Output-oriented efficiency score (Average) of public spending on education for Learning Outcomes Language in the entire sample,EDU.OOSS.AVG.GEX.LOL,,,,,,,,,,,,,,,,
,,,,,Public expenditure per capita on education to compute efficiency in ASER Reading outcome for the entire sample,EDU.INP1.GEX.ASR,,,,,,,,,,,,,,,,
,,,,,ASER Reading outcome,EDU.OUT.ASR,,,,,,,,,,,,,,,,
,,,,,Output-oriented efficiency score (FDH) of public spending on education for ASER Reading outcome in the entire sample,EDU.OOSS.FDH.GEX.ASR,,,,,,,,,,,,,,,,
,,,,,Output-oriented efficiency score (DEA) of public spending on education for ASER Reading outcome in the entire sample,EDU.OOSS.DEA.GEX.ASR,,,,,,,,,,,,,,,,
,,,,,Output-oriented efficiency score (Bootstrapped FDH) of public spending on education for ASER Reading outcome in the entire sample,EDU.OOSS.BFDH.GEX.ASR,,,,,,,,,,,,,,,,
,,,,,Output-oriented efficiency score (Bootstrapped DEA) of public spending on education for ASER Reading outcome in the entire sample,EDU.OOSS.BDEA.GEX.ASR,,,,,,,,,,,,,,,,
,,,,,Output-oriented efficiency score (SFA) of public spending on education for ASER Reading outcome in the entire sample,EDU.SFA.ASR,,,,,,,,,,,,,,,,
,,,,,Output-oriented efficiency score (Average) of public spending on education for ASER Reading outcome in the entire sample,EDU.OOSS.AVG.GEX.ASR,,,,,,,,,,,,,,,,
,,,,,Public expenditure per capita on health to compute efficiency in NITI Health Index for the entire sample,HLT.INP1.GEX.NHI,,,,,,,,,,,,,,,,
,,,,,NITI Health Index,HLT.OUT.NHI,,,,,,,,,,,,,,,,
,,,,,Output-oriented efficiency score (FDH) of public spending on health for NITI Health Index in the entire sample,HLT.OOSS.FDH.GEX.NHI,,,,,,,,,,,,,,,,
,,,,,Output-oriented efficiency score (DEA) of public spending on health for NITI Health Index in the entire sample,HLT.OOSS.DEA.GEX.NHI,,,,,,,,,,,,,,,,
,,,,,Output-oriented efficiency score (Bootstrapped FDH) of public spending on health for NITI Health Index in the entire sample,HLT.OOSS.BFDH.GEX.NHI,,,,,,,,,,,,,,,,
,,,,,Output-oriented efficiency score (Bootstrapped DEA) of public spending on health for NITI Health Index in the entire sample,HLT.OOSS.BDEA.GEX.NHI,,,,,,,,,,,,,,,,
,,,,,Output-oriented efficiency score (SFA) of public spending on health for NITI Health Index in the entire sample,HLT.SFA.NHI,,,,,,,,,,,,,,,,
,,,,,Output-oriented efficiency score (Average) of public spending on health for NITI Health Index in the entire sample,HLT.OOSS.AVG.GEX.NHI,,,,,,,,,,,,,,,,
,,,,,Public expenditure per capita on health to compute efficiency in TB treatment success rate for the entire sample,HLT.INP1.GEX.TBS,,,,,,,,,,,,,,,,
,,,,,TB treatment success rate,HLT.OUT.TBS,,,,,,,,,,,,,,,,
,,,,,Output-oriented efficiency score (FDH) of public spending on health for TBtreatment success rate in the entire sample,HLT.OOSS.FDH.GEX.TBS,,,,,,,,,,,,,,,,
,,,,,Output-oriented efficiency score (DEA) of public spending on health for TBtreatment success rate in the entire sample,HLT.OOSS.DEA.GEX.TBS,,,,,,,,,,,,,,,,
,,,,,Output-oriented efficiency score (Bootstrapped FDH) of public spending on health for TBtreatment success rate in the entire sample,HLT.OOSS.BFDH.GEX.TBS,,,,,,,,,,,,,,,,
,,,,,Output-oriented efficiency score (Bootstrapped DEA) of public spending on health for TBtreatment success rate in the entire sample,HLT.OOSS.BDEA.GEX.TBS,,,,,,,,,,,,,,,,
,,,,,Output-oriented efficiency score (SFA) of public spending on health for TBtreatment success rate in the entire sample,HLT.SFA.TBS,,,,,,,,,,,,,,,,
,,,,,Output-oriented efficiency score (Average) of public spending on health for TBtreatment success rate in the entire sample,HLT.OOSS.AVG.GEX.TBS,,,,,,,,,,,,,,,,
,,,,,Public expenditure per capita on social welfare-nutrition to compute efficiency in Poverty Free Population (%) for the entire sample,SP.INP1.GEX.POF,,,,,,,,,,,,,,,,
,,,,,Poverty Free Population (%),SP.OUT.POF,,,,,,,,,,,,,,,,
,,,,,Output-oriented efficiency score (FDH) of public spending on social welfare-nutrition for Poverty Free Population (%) in the entire sample,SP.OOSS.FDH.GEX.POF,,,,,,,,,,,,,,,,
,,,,,Output-oriented efficiency score (DEA) of public spending on social welfare-nutrition for Poverty Free Population (%) in the entire sample,SP.OOSS.DEA.GEX.POF,,,,,,,,,,,,,,,,
,,,,,Output-oriented efficiency score (Bootstrapped FDH) of public spending on social welfare-nutrition for Poverty Free Population (%) in the entire sample,SP.OOSS.BFDH.GEX.POF,,,,,,,,,,,,,,,,
,,,,,Output-oriented efficiency score (Bootstrapped DEA) of public spending on social welfare-nutrition for Poverty Free Population (%) in the entire sample,SP.OOSS.BDEA.GEX.POF,,,,,,,,,,,,,,,,
,,,,,Output-oriented efficiency score (SFA) of public spending on social welfare-nutrition for Poverty Free Population (%) in the entire sample,SP.SFA.POF,,,,,,,,,,,,,,,,
,,,,,Output-oriented efficiency score (Average) of public spending on social welfare-nutrition for Poverty Free Population (%) in the entire sample,SP.OOSS.AVG.GEX.POF,,,,,,,,,,,,,,,,
