StateName,,StateName,GroupName,PeerName,,Gujarat,Haryana,Andhra Pradesh,Gujarat,,All States/UT,,Gujarat,Gujarat,Gujarat,,,All States/UT,All States/UT
All States/UT,,Andhra Pradesh,Peers,Arunachal Pradesh,,,Telangana,Bihar,Haryana,,Andhra Pradesh,,Large states,Andhra Pradesh,AP,,,Andhra Pradesh,AP
Andhra Pradesh,,Andhra Pradesh,Peers,Himachal Pradesh,,,,Chhattisgarh,Karnataka,,Arunachal Pradesh,,Large states,Bihar,Bihar,,,Arunachal Pradesh,Arunachal Pradesh
Arunachal Pradesh,,Andhra Pradesh,Peers,Maharashtra,,,,Gujarat,Tamil Nadu,,Assam,,Large states,Chhattisgarh,Chhattisgarh,,,Assam,Assam
Assam,,Andhra Pradesh,Peers,Mizoram,,,,Haryana,Telangana,,Bihar,,Large states,Gujarat,Gujarat,,,Bihar,Bihar
Bihar,,Andhra Pradesh,Peers,Uttarakhand,,,,Jharkhand,,,Chhattisgarh,,Large states,Haryana,Haryana,,,Chhattisgarh,Chhattisgarh
Chhattisgarh,,Arunachal Pradesh,Peers,Andhra Pradesh,,,,Karnataka,,,Goa,,Large states,Jharkhand,Jharkhand,,,Goa,Goa
Goa,,Arunachal Pradesh,Peers,Himachal Pradesh,,,,Kerala,,,Gujarat,,Large states,Karnataka,Karnataka,,,Gujarat,Gujarat
Gujarat,,Arunachal Pradesh,Peers,Maharashtra,,,,Madhya Pradesh,,,Haryana,,Large states,Kerala,Kerala,,,Haryana,Haryana
Haryana,,Arunachal Pradesh,Peers,Mizoram,,,,Odisha,,,Himachal Pradesh,,Large states,Madhya Pradesh,MP,,,Himachal Pradesh,HP
Himachal Pradesh,,Arunachal Pradesh,Peers,Uttarakhand,,,,Punjab,,,Jammu and Kashmir,,Large states,Odisha,Odisha,,,Jammu and Kashmir,J&K
Jammu and Kashmir,,Assam,Peers,Chhattisgarh,,,,Rajasthan,,,Jharkhand,,Large states,Punjab,Punjab,,,Jharkhand,Jharkhand
Jharkhand,,Assam,Peers,Jammu and Kashmir,,,,Tamil Nadu,,,Karnataka,,Large states,Rajasthan,Rajasthan,,,Karnataka,Karnataka
Karnataka,,Assam,Peers,Madhya Pradesh,,,,Telangana,,,Kerala,,Large states,Tamil Nadu,Tamil Nadu,,,Kerala,Kerala
Kerala,,Assam,Peers,Nagaland,,,,Uttar Pradesh,,,Madhya Pradesh,,Large states,Telangana,Telangana,,,Madhya Pradesh,MP
Madhya Pradesh,,Assam,Peers,Odisha,,,,West Bengal,,,Maharashtra,,Large states,Uttar Pradesh,UP,,,Maharashtra,Maharashtra
Maharashtra,,Assam,Peers,Punjab,,,,,,,Manipur,,Large states,West Bengal,West Bengal,,,Manipur,Manipur
Manipur,,Assam,Peers,Rajasthan,,,,,,,Meghalaya,,Peers,Gujarat,Gujarat,,,Meghalaya,Meghalaya
Meghalaya,,Assam,Peers,Tripura,,,,,,,Mizoram,,Peers,Haryana,Haryana,,,Mizoram,Mizoram
Mizoram,,Assam,Peers,West Bengal,,,,,,,Nagaland,,Peers,Karnataka,Karnataka,,,Nagaland,Nagaland
Nagaland,,Bihar,Peers,Jharkhand,,,,,,,NCT Delhi,,Peers,Tamil Nadu,Tamil Nadu,,,NCT Delhi,Delhi
NCT Delhi,,Bihar,Peers,Manipur,,,,,,,Odisha,,Peers,Telangana,Telangana,,,Odisha,Odisha
Odisha,,Bihar,Peers,Meghalaya,,,,,,,Puducherry,,,,,,,Puducherry,Puducherry
Puducherry,,Bihar,Peers,Uttar Pradesh,,,,,,,Punjab,,,,,,,Punjab,Punjab
Punjab,,Chhattisgarh,Peers,Assam,,,,,,,Rajasthan,,,,,,,Rajasthan,Rajasthan
Rajasthan,,Chhattisgarh,Peers,Jammu and Kashmir,,,,,,,Sikkim,,,,,,,Sikkim,Sikkim
Sikkim,,Chhattisgarh,Peers,Madhya Pradesh,,,,,,,Tamil Nadu,,,,,,,Tamil Nadu,Tamil Nadu
Tamil Nadu,,Chhattisgarh,Peers,Nagaland,,,,,,,Telangana,,,,,,,Telangana,Telangana
Telangana,,Chhattisgarh,Peers,Odisha,,,,,,,Tripura,,,,,,,Tripura,Tripura
Tripura,,Chhattisgarh,Peers,Punjab,,,,,,,Uttar Pradesh,,,,,,,Uttar Pradesh,UP
Uttar Pradesh,,Chhattisgarh,Peers,Rajasthan,,,,,,,Uttarakhand,,,,,,,Uttarakhand,Uttarakhand
Uttarakhand,,Chhattisgarh,Peers,Tripura,,,,,,,West Bengal,,,,,,,West Bengal,West Bengal
West Bengal,,Chhattisgarh,Peers,West Bengal,,,,,,,,,,,,,,,
,,Goa,Peers,Sikkim,,,,,,,,,,,,,,,
,,Gujarat,Peers,Haryana,,,,,,,,,,,,,,,
,,Gujarat,Peers,Karnataka,,,,,,,,,,,,,,,
,,Gujarat,Peers,Kerala,,,,,,,,,,,,,,,
,,Gujarat,Peers,Puducherry,,,,,,,,,,,,,,,
,,Gujarat,Peers,Tamil Nadu,,,,,,,,,,,,,,,
,,Gujarat,Peers,Telangana,,,,,,,,,,,,,,,
,,Haryana,Peers,Gujarat,,,,,,,,,,,,,,,
,,Haryana,Peers,Karnataka,,,,,,,,,,,,,,,
,,Haryana,Peers,Kerala,,,,,,,,,,,,,,,
,,Haryana,Peers,Puducherry,,,,,,,,,,,,,,,
,,Haryana,Peers,Tamil Nadu,,,,,,,,,,,,,,,
,,Haryana,Peers,Telangana,,,,,,,,,,,,,,,
,,Himachal Pradesh,Peers,Andhra Pradesh,,,,,,,,,,,,,,,
,,Himachal Pradesh,Peers,Arunachal Pradesh,,,,,,,,,,,,,,,
,,Himachal Pradesh,Peers,Maharashtra,,,,,,,,,,,,,,,
,,Himachal Pradesh,Peers,Mizoram,,,,,,,,,,,,,,,
,,Himachal Pradesh,Peers,Uttarakhand,,,,,,,,,,,,,,,
,,Jammu and Kashmir,Peers,Assam,,,,,,,,,,,,,,,
,,Jammu and Kashmir,Peers,Chhattisgarh,,,,,,,,,,,,,,,
,,Jammu and Kashmir,Peers,Madhya Pradesh,,,,,,,,,,,,,,,
,,Jammu and Kashmir,Peers,Nagaland,,,,,,,,,,,,,,,
,,Jammu and Kashmir,Peers,Odisha,,,,,,,,,,,,,,,
,,Jammu and Kashmir,Peers,Punjab,,,,,,,,,,,,,,,
,,Jammu and Kashmir,Peers,Rajasthan,,,,,,,,,,,,,,,
,,Jammu and Kashmir,Peers,Tripura,,,,,,,,,,,,,,,
,,Jammu and Kashmir,Peers,West Bengal,,,,,,,,,,,,,,,
,,Jharkhand,Peers,Bihar,,,,,,,,,,,,,,,
,,Jharkhand,Peers,Manipur,,,,,,,,,,,,,,,
,,Jharkhand,Peers,Meghalaya,,,,,,,,,,,,,,,
,,Jharkhand,Peers,Uttar Pradesh,,,,,,,,,,,,,,,
,,Karnataka,Peers,Gujarat,,,,,,,,,,,,,,,
,,Karnataka,Peers,Haryana,,,,,,,,,,,,,,,
,,Karnataka,Peers,Kerala,,,,,,,,,,,,,,,
,,Karnataka,Peers,Puducherry,,,,,,,,,,,,,,,
,,Karnataka,Peers,Tamil Nadu,,,,,,,,,,,,,,,
,,Karnataka,Peers,Telangana,,,,,,,,,,,,,,,
,,Kerala,Peers,Gujarat,,,,,,,,,,,,,,,
,,Kerala,Peers,Haryana,,,,,,,,,,,,,,,
,,Kerala,Peers,Karnataka,,,,,,,,,,,,,,,
,,Kerala,Peers,Puducherry,,,,,,,,,,,,,,,
,,Kerala,Peers,Tamil Nadu,,,,,,,,,,,,,,,
,,Kerala,Peers,Telangana,,,,,,,,,,,,,,,
,,Madhya Pradesh,Peers,Assam,,,,,,,,,,,,,,,
,,Madhya Pradesh,Peers,Chhattisgarh,,,,,,,,,,,,,,,
,,Madhya Pradesh,Peers,Jammu and Kashmir,,,,,,,,,,,,,,,
,,Madhya Pradesh,Peers,Nagaland,,,,,,,,,,,,,,,
,,Madhya Pradesh,Peers,Odisha,,,,,,,,,,,,,,,
,,Madhya Pradesh,Peers,Punjab,,,,,,,,,,,,,,,
,,Madhya Pradesh,Peers,Rajasthan,,,,,,,,,,,,,,,
,,Madhya Pradesh,Peers,Tripura,,,,,,,,,,,,,,,
,,Madhya Pradesh,Peers,West Bengal,,,,,,,,,,,,,,,
,,Maharashtra,Peers,Andhra Pradesh,,,,,,,,,,,,,,,
,,Maharashtra,Peers,Arunachal Pradesh,,,,,,,,,,,,,,,
,,Maharashtra,Peers,Himachal Pradesh,,,,,,,,,,,,,,,
,,Maharashtra,Peers,Mizoram,,,,,,,,,,,,,,,
,,Maharashtra,Peers,Uttarakhand,,,,,,,,,,,,,,,
,,Manipur,Peers,Bihar,,,,,,,,,,,,,,,
,,Manipur,Peers,Jharkhand,,,,,,,,,,,,,,,
,,Manipur,Peers,Meghalaya,,,,,,,,,,,,,,,
,,Manipur,Peers,Uttar Pradesh,,,,,,,,,,,,,,,
,,Meghalaya,Peers,Bihar,,,,,,,,,,,,,,,
,,Meghalaya,Peers,Jharkhand,,,,,,,,,,,,,,,
,,Meghalaya,Peers,Manipur,,,,,,,,,,,,,,,
,,Meghalaya,Peers,Uttar Pradesh,,,,,,,,,,,,,,,
,,Mizoram,Peers,Andhra Pradesh,,,,,,,,,,,,,,,
,,Mizoram,Peers,Arunachal Pradesh,,,,,,,,,,,,,,,
,,Mizoram,Peers,Himachal Pradesh,,,,,,,,,,,,,,,
,,Mizoram,Peers,Maharashtra,,,,,,,,,,,,,,,
,,Mizoram,Peers,Uttarakhand,,,,,,,,,,,,,,,
,,Nagaland,Peers,Assam,,,,,,,,,,,,,,,
,,Nagaland,Peers,Chhattisgarh,,,,,,,,,,,,,,,
,,Nagaland,Peers,Jammu and Kashmir,,,,,,,,,,,,,,,
,,Nagaland,Peers,Madhya Pradesh,,,,,,,,,,,,,,,
,,Nagaland,Peers,Odisha,,,,,,,,,,,,,,,
,,Nagaland,Peers,Punjab,,,,,,,,,,,,,,,
,,Nagaland,Peers,Rajasthan,,,,,,,,,,,,,,,
,,Nagaland,Peers,Tripura,,,,,,,,,,,,,,,
,,Nagaland,Peers,West Bengal,,,,,,,,,,,,,,,
,,Odisha,Peers,Assam,,,,,,,,,,,,,,,
,,Odisha,Peers,Chhattisgarh,,,,,,,,,,,,,,,
,,Odisha,Peers,Jammu and Kashmir,,,,,,,,,,,,,,,
,,Odisha,Peers,Madhya Pradesh,,,,,,,,,,,,,,,
,,Odisha,Peers,Nagaland,,,,,,,,,,,,,,,
,,Odisha,Peers,Punjab,,,,,,,,,,,,,,,
,,Odisha,Peers,Rajasthan,,,,,,,,,,,,,,,
,,Odisha,Peers,Tripura,,,,,,,,,,,,,,,
,,Odisha,Peers,West Bengal,,,,,,,,,,,,,,,
,,Puducherry,Peers,Gujarat,,,,,,,,,,,,,,,
,,Puducherry,Peers,Haryana,,,,,,,,,,,,,,,
,,Puducherry,Peers,Karnataka,,,,,,,,,,,,,,,
,,Puducherry,Peers,Kerala,,,,,,,,,,,,,,,
,,Puducherry,Peers,Tamil Nadu,,,,,,,,,,,,,,,
,,Puducherry,Peers,Telangana,,,,,,,,,,,,,,,
,,Punjab,Peers,Assam,,,,,,,,,,,,,,,
,,Punjab,Peers,Chhattisgarh,,,,,,,,,,,,,,,
,,Punjab,Peers,Jammu and Kashmir,,,,,,,,,,,,,,,
,,Punjab,Peers,Madhya Pradesh,,,,,,,,,,,,,,,
,,Punjab,Peers,Nagaland,,,,,,,,,,,,,,,
,,Punjab,Peers,Odisha,,,,,,,,,,,,,,,
,,Punjab,Peers,Rajasthan,,,,,,,,,,,,,,,
,,Punjab,Peers,Tripura,,,,,,,,,,,,,,,
,,Punjab,Peers,West Bengal,,,,,,,,,,,,,,,
,,Rajasthan,Peers,Assam,,,,,,,,,,,,,,,
,,Rajasthan,Peers,Chhattisgarh,,,,,,,,,,,,,,,
,,Rajasthan,Peers,Jammu and Kashmir,,,,,,,,,,,,,,,
,,Rajasthan,Peers,Madhya Pradesh,,,,,,,,,,,,,,,
,,Rajasthan,Peers,Nagaland,,,,,,,,,,,,,,,
,,Rajasthan,Peers,Odisha,,,,,,,,,,,,,,,
,,Rajasthan,Peers,Punjab,,,,,,,,,,,,,,,
,,Rajasthan,Peers,Tripura,,,,,,,,,,,,,,,
,,Rajasthan,Peers,West Bengal,,,,,,,,,,,,,,,
,,Sikkim,Peers,Goa,,,,,,,,,,,,,,,
,,Tamil Nadu,Peers,Gujarat,,,,,,,,,,,,,,,
,,Tamil Nadu,Peers,Haryana,,,,,,,,,,,,,,,
,,Tamil Nadu,Peers,Karnataka,,,,,,,,,,,,,,,
,,Tamil Nadu,Peers,Kerala,,,,,,,,,,,,,,,
,,Tamil Nadu,Peers,Puducherry,,,,,,,,,,,,,,,
,,Tamil Nadu,Peers,Telangana,,,,,,,,,,,,,,,
,,Telangana,Peers,Gujarat,,,,,,,,,,,,,,,
,,Telangana,Peers,Haryana,,,,,,,,,,,,,,,
,,Telangana,Peers,Karnataka,,,,,,,,,,,,,,,
,,Telangana,Peers,Kerala,,,,,,,,,,,,,,,
,,Telangana,Peers,Puducherry,,,,,,,,,,,,,,,
,,Telangana,Peers,Tamil Nadu,,,,,,,,,,,,,,,
,,Tripura,Peers,Assam,,,,,,,,,,,,,,,
,,Tripura,Peers,Chhattisgarh,,,,,,,,,,,,,,,
,,Tripura,Peers,Jammu and Kashmir,,,,,,,,,,,,,,,
,,Tripura,Peers,Madhya Pradesh,,,,,,,,,,,,,,,
,,Tripura,Peers,Nagaland,,,,,,,,,,,,,,,
,,Tripura,Peers,Odisha,,,,,,,,,,,,,,,
,,Tripura,Peers,Punjab,,,,,,,,,,,,,,,
,,Tripura,Peers,Rajasthan,,,,,,,,,,,,,,,
,,Tripura,Peers,West Bengal,,,,,,,,,,,,,,,
,,Uttar Pradesh,Peers,Bihar,,,,,,,,,,,,,,,
,,Uttar Pradesh,Peers,Jharkhand,,,,,,,,,,,,,,,
,,Uttar Pradesh,Peers,Manipur,,,,,,,,,,,,,,,
,,Uttar Pradesh,Peers,Meghalaya,,,,,,,,,,,,,,,
,,Uttarakhand,Peers,Andhra Pradesh,,,,,,,,,,,,,,,
,,Uttarakhand,Peers,Arunachal Pradesh,,,,,,,,,,,,,,,
,,Uttarakhand,Peers,Himachal Pradesh,,,,,,,,,,,,,,,
,,Uttarakhand,Peers,Maharashtra,,,,,,,,,,,,,,,
,,Uttarakhand,Peers,Mizoram,,,,,,,,,,,,,,,
,,West Bengal,Peers,Assam,,,,,,,,,,,,,,,
,,West Bengal,Peers,Chhattisgarh,,,,,,,,,,,,,,,
,,West Bengal,Peers,Jammu and Kashmir,,,,,,,,,,,,,,,
,,West Bengal,Peers,Madhya Pradesh,,,,,,,,,,,,,,,
,,West Bengal,Peers,Nagaland,,,,,,,,,,,,,,,
,,West Bengal,Peers,Odisha,,,,,,,,,,,,,,,
,,West Bengal,Peers,Punjab,,,,,,,,,,,,,,,
,,West Bengal,Peers,Rajasthan,,,,,,,,,,,,,,,
,,West Bengal,Peers,Tripura,,,,,,,,,,,,,,,
