state,poor_365,sector2,inc_selfemp,inc_selfemp_nonagri,inc_salaried,inc_salaried_nonagri,inc_casual,inc_casual_nonagri,year
Andaman and Nicobar Islands,1,0,0.63,0.14,0,0.15,0,0,2022
Andaman and Nicobar Islands,1,1,0,0,0,0,0,0,2022
Andaman and Nicobar Islands,1,99,0.42,0.09,0,0.1,0,0,2022
Andaman and Nicobar Islands,0,0,0.22,0.13,0.04,0.4,0.03,0.09,2022
Andaman and Nicobar Islands,0,1,0,0,0,0,0,0,2022
Andaman and Nicobar Islands,0,99,0.12,0.07,0.02,0.22,0.02,0.05,2022
Andhra Pradesh,1,0,0.28,0.11,0.01,0.09,0.25,0.13,2022
Andhra Pradesh,1,1,0,0,0,0,0,0,2022
Andhra Pradesh,1,99,0.21,0.08,0,0.07,0.19,0.1,2022
Andhra Pradesh,0,0,0.25,0.14,0.01,0.11,0.22,0.11,2022
Andhra Pradesh,0,1,0,0,0,0,0,0,2022
Andhra Pradesh,0,99,0.17,0.1,0.01,0.08,0.15,0.08,2022
Arunachal Pradesh,1,0,0.77,0.04,0.01,0.09,0.04,0.04,2022
Arunachal Pradesh,1,1,0,0,0,0,0,0,2022
Arunachal Pradesh,1,99,0.7,0.04,0.01,0.08,0.04,0.04,2022
Arunachal Pradesh,0,0,0.53,0.13,0.02,0.26,0,0.03,2022
Arunachal Pradesh,0,1,0,0,0,0,0,0,2022
Arunachal Pradesh,0,99,0.38,0.09,0.01,0.19,0,0.02,2022
Assam,1,0,0.24,0.15,0.04,0.09,0.2,0.25,2022
Assam,1,1,0,0,0,0,0,0,2022
Assam,1,99,0.22,0.14,0.04,0.08,0.19,0.24,2022
Assam,0,0,0.22,0.21,0.02,0.16,0.1,0.23,2022
Assam,0,1,0,0,0,0,0,0,2022
Assam,0,99,0.19,0.17,0.01,0.13,0.08,0.19,2022
Bihar,1,0,0.21,0.13,0.03,0.21,0.16,0.24,2022
Bihar,1,1,0,0,0,0,0,0,2022
Bihar,1,99,0.2,0.12,0.02,0.19,0.15,0.23,2022
Bihar,0,0,0.25,0.14,0.02,0.18,0.14,0.21,2022
Bihar,0,1,0,0,0,0,0,0,2022
Bihar,0,99,0.22,0.13,0.02,0.17,0.13,0.19,2022
Chandigarh,1,0,0,0,0,1,0,0,2022
Chandigarh,1,99,0,0,0,1,0,0,2022
Chandigarh,0,0,0.03,0.27,0.01,0.48,0.01,0.17,2022
Chandigarh,0,1,0,0,0,0,0,0,2022
Chandigarh,0,99,0,0.01,0,0.01,0,0.01,2022
Chattisgarh,1,0,0.49,0.06,0.04,0.07,0.15,0.16,2022
Chattisgarh,1,1,0,0,0,0,0,0,2022
Chattisgarh,1,99,0.44,0.05,0.03,0.06,0.13,0.14,2022
Chattisgarh,0,0,0.47,0.07,0.06,0.13,0.1,0.09,2022
Chattisgarh,0,1,0,0,0,0,0,0,2022
Chattisgarh,0,99,0.33,0.05,0.05,0.09,0.07,0.06,2022
Dadra Nagar Haveli & Diu Daman,1,0,0.48,0,0.04,0.36,0.05,0.04,2022
Dadra Nagar Haveli & Diu Daman,1,1,0,0,0,0,0,0,2022
Dadra Nagar Haveli & Diu Daman,1,99,0.33,0,0.03,0.25,0.03,0.02,2022
Dadra Nagar Haveli & Diu Daman,0,0,0.11,0.07,0.01,0.71,0.02,0.04,2022
Dadra Nagar Haveli & Diu Daman,0,1,0,0,0,0,0,0,2022
Dadra Nagar Haveli & Diu Daman,0,99,0.03,0.02,0,0.2,0.01,0.01,2022
Delhi,1,0,0,0.3,0,0.38,0.03,0.16,2022
Delhi,1,1,0,0,0,0,0,0,2022
Delhi,1,99,0,0,0,0,0,0,2022
Delhi,0,0,0.08,0.25,0,0.52,0.01,0.09,2022
Delhi,0,1,0,0,0,0,0,0,2022
Delhi,0,99,0,0,0,0.01,0,0,2022
Goa,1,0,0.03,0,0,0.4,0.16,0.41,2022
Goa,1,1,0,0,0,0,0,0,2022
Goa,1,99,0.02,0,0,0.25,0.1,0.26,2022
Goa,0,0,0.03,0.19,0,0.55,0.02,0.08,2022
Goa,0,1,0,0,0,0,0,0,2022
Goa,0,99,0.01,0.08,0,0.22,0.01,0.03,2022
Gujarat,1,0,0.42,0.08,0.01,0.09,0.27,0.11,2022
Gujarat,1,1,0,0,0,0,0,0,2022
Gujarat,1,99,0.32,0.06,0.01,0.07,0.21,0.09,2022
Gujarat,0,0,0.42,0.12,0.01,0.16,0.16,0.09,2022
Gujarat,0,1,0,0,0,0,0,0,2022
Gujarat,0,99,0.21,0.06,0,0.08,0.08,0.04,2022
Haryana,1,0,0.17,0.1,0.01,0.1,0.22,0.35,2022
Haryana,1,1,0,0,0,0,0,0,2022
Haryana,1,99,0.12,0.07,0,0.07,0.16,0.25,2022
Haryana,0,0,0.31,0.13,0.01,0.19,0.11,0.19,2022
Haryana,0,1,0,0,0,0,0,0,2022
Haryana,0,99,0.18,0.07,0.01,0.11,0.06,0.11,2022
Himachal Pradesh,1,0,0.36,0.12,0.02,0.12,0.04,0.29,2022
Himachal Pradesh,1,1,0,0,0,0,0,0,2022
Himachal Pradesh,1,99,0.31,0.1,0.01,0.1,0.03,0.25,2022
Himachal Pradesh,0,0,0.3,0.16,0,0.22,0.01,0.13,2022
Himachal Pradesh,0,1,0,0,0,0,0,0,2022
Himachal Pradesh,0,99,0.26,0.14,0,0.19,0.01,0.11,2022
India,1,0,0.33,0.1,0.02,0.09,0.19,0.22,2022
India,1,1,0,0,0,0,0,0,2022
India,1,99,0.27,0.08,0.01,0.07,0.15,0.18,2022
India,0,0,0.32,0.14,0.01,0.14,0.14,0.16,2022
India,0,1,0,0,0,0,0,0,2022
India,0,99,0.21,0.09,0.01,0.09,0.09,0.1,2022
Jammu and Kashmir,1,0,0.08,0.21,0.03,0.12,0.04,0.49,2022
Jammu and Kashmir,1,1,0,0,0,0,0,0,2022
Jammu and Kashmir,1,99,0.07,0.19,0.02,0.1,0.04,0.44,2022
Jammu and Kashmir,0,0,0.14,0.29,0.01,0.26,0.02,0.19,2022
Jammu and Kashmir,0,1,0,0,0,0,0,0,2022
Jammu and Kashmir,0,99,0.1,0.21,0.01,0.19,0.01,0.14,2022
Jharkhand,1,0,0.38,0.09,0,0.08,0.05,0.33,2022
Jharkhand,1,1,0,0,0,0,0,0,2022
Jharkhand,1,99,0.34,0.08,0,0.07,0.05,0.29,2022
Jharkhand,0,0,0.28,0.16,0,0.16,0.03,0.27,2022
Jharkhand,0,1,0,0,0,0,0,0,2022
Jharkhand,0,99,0.2,0.12,0,0.12,0.02,0.2,2022
Karnataka,1,0,0.46,0.06,0.02,0.06,0.3,0.07,2022
Karnataka,1,1,0,0,0,0,0,0,2022
Karnataka,1,99,0.33,0.04,0.01,0.04,0.21,0.05,2022
Karnataka,0,0,0.4,0.1,0.01,0.11,0.21,0.09,2022
Karnataka,0,1,0,0,0,0,0,0,2022
Karnataka,0,99,0.23,0.06,0.01,0.07,0.12,0.05,2022
Kerala,1,0,0.06,0.14,0.02,0.19,0.13,0.27,2022
Kerala,1,1,0,0,0,0,0,0,2022
Kerala,1,99,0.03,0.07,0.01,0.1,0.07,0.14,2022
Kerala,0,0,0.11,0.17,0.01,0.2,0.08,0.21,2022
Kerala,0,1,0,0,0,0,0,0,2022
Kerala,0,99,0.05,0.09,0.01,0.1,0.04,0.11,2022
Ladakh,1,0,0.46,0.27,0,0.15,0,0.07,2022
Ladakh,1,1,0,0,0,0,0,0,2022
Ladakh,1,99,0.42,0.25,0,0.13,0,0.07,2022
Ladakh,0,0,0.2,0.2,0.01,0.36,0.02,0.17,2022
Ladakh,0,1,0,0,0,0,0,0,2022
Ladakh,0,99,0.16,0.16,0.01,0.29,0.01,0.13,2022
Lakshadweep,1,0,0,0,0,0.69,0,0.31,2022
Lakshadweep,1,1,0,0,0,0,0,0,2022
Lakshadweep,1,99,0,0,0,0.12,0,0.06,2022
Lakshadweep,0,0,0.04,0.28,0,0.34,0.06,0.19,2022
Lakshadweep,0,1,0,0,0,0,0,0,2022
Lakshadweep,0,99,0.01,0.07,0,0.08,0.01,0.05,2022
Madhya Pradesh,1,0,0.44,0.05,0.01,0.03,0.25,0.2,2022
Madhya Pradesh,1,1,0,0,0,0,0,0,2022
Madhya Pradesh,1,99,0.35,0.04,0.01,0.02,0.2,0.16,2022
Madhya Pradesh,0,0,0.49,0.08,0.01,0.06,0.18,0.14,2022
Madhya Pradesh,0,1,0,0,0,0,0,0,2022
Madhya Pradesh,0,99,0.35,0.06,0.01,0.04,0.13,0.1,2022
Maharashtra,1,0,0.39,0.06,0.01,0.05,0.34,0.09,2022
Maharashtra,1,1,0,0,0,0,0,0,2022
Maharashtra,1,99,0.28,0.05,0.01,0.04,0.24,0.06,2022
Maharashtra,0,0,0.36,0.12,0.01,0.2,0.16,0.07,2022
Maharashtra,0,1,0,0,0,0,0,0,2022
Maharashtra,0,99,0.18,0.06,0.01,0.1,0.08,0.04,2022
Manipur,1,0,0.48,0.18,0,0.14,0.04,0.13,2022
Manipur,1,1,0,0,0,0,0,0,2022
Manipur,1,99,0.36,0.14,0,0.11,0.03,0.1,2022
Manipur,0,0,0.29,0.27,0.01,0.24,0.02,0.15,2022
Manipur,0,1,0,0,0,0,0,0,2022
Manipur,0,99,0.2,0.19,0,0.16,0.02,0.1,2022
Meghalaya,1,0,0.47,0.07,0.01,0.09,0.11,0.2,2022
Meghalaya,1,1,0,0,0,0,0,0,2022
Meghalaya,1,99,0.45,0.07,0.01,0.08,0.11,0.19,2022
Meghalaya,0,0,0.44,0.13,0.01,0.19,0.06,0.15,2022
Meghalaya,0,1,0,0,0,0,0,0,2022
Meghalaya,0,99,0.35,0.1,0,0.15,0.05,0.12,2022
Mizoram,1,0,0.56,0.12,0.01,0.1,0.09,0.05,2022
Mizoram,1,1,0,0,0,0,0,0,2022
Mizoram,1,99,0.45,0.09,0.01,0.08,0.07,0.04,2022
Mizoram,0,0,0.35,0.19,0.04,0.21,0.11,0.04,2022
Mizoram,0,1,0,0,0,0,0,0,2022
Mizoram,0,99,0.18,0.1,0.02,0.11,0.06,0.02,2022
Nagaland,1,0,0.78,0.07,0,0.1,0,0.04,2022
Nagaland,1,1,0,0,0,0,0,0,2022
Nagaland,1,99,0.72,0.06,0,0.1,0,0.03,2022
Nagaland,0,0,0.6,0.1,0,0.2,0.01,0.03,2022
Nagaland,0,1,0,0,0,0,0,0,2022
Nagaland,0,99,0.39,0.07,0,0.13,0.01,0.02,2022
Odisha,1,0,0.36,0.09,0,0.04,0.2,0.18,2022
Odisha,1,1,0,0,0,0,0,0,2022
Odisha,1,99,0.33,0.08,0,0.04,0.18,0.17,2022
Odisha,0,0,0.28,0.16,0.01,0.13,0.12,0.17,2022
Odisha,0,1,0,0,0,0,0,0,2022
Odisha,0,99,0.22,0.13,0.01,0.11,0.1,0.14,2022
Puducherry,1,0,0,0.11,0,0.08,0.16,0.44,2022
Puducherry,1,1,0,0,0,0,0,0,2022
Puducherry,1,99,0,0.02,0,0.02,0.04,0.1,2022
Puducherry,0,0,0.05,0.12,0.01,0.36,0.1,0.19,2022
Puducherry,0,1,0,0,0,0,0,0,2022
Puducherry,0,99,0.02,0.04,0,0.12,0.03,0.06,2022
Punjab,1,0,0.02,0.18,0.03,0.17,0.15,0.44,2022
Punjab,1,1,0,0,0,0,0,0,2022
Punjab,1,99,0.01,0.11,0.02,0.11,0.09,0.27,2022
Punjab,0,0,0.23,0.17,0.02,0.16,0.06,0.27,2022
Punjab,0,1,0,0,0,0,0,0,2022
Punjab,0,99,0.14,0.11,0.01,0.1,0.04,0.17,2022
Rajasthan,1,0,0.42,0.1,0.01,0.06,0.06,0.31,2022
Rajasthan,1,1,0,0,0,0,0,0,2022
Rajasthan,1,99,0.35,0.09,0.01,0.05,0.05,0.26,2022
Rajasthan,0,0,0.43,0.13,0.01,0.12,0.04,0.15,2022
Rajasthan,0,1,0,0,0,0,0,0,2022
Rajasthan,0,99,0.31,0.09,0,0.09,0.03,0.11,2022
Sikkim,1,0,0.64,0.07,0,0.17,0.03,0.1,2022
Sikkim,1,1,0,0,0,0,0,0,2022
Sikkim,1,99,0.55,0.06,0,0.14,0.02,0.08,2022
Sikkim,0,0,0.37,0.16,0,0.36,0.02,0.08,2022
Sikkim,0,1,0,0,0,0,0,0,2022
Sikkim,0,99,0.24,0.1,0,0.24,0.02,0.05,2022
Tamil Nadu,1,0,0.14,0.1,0.01,0.12,0.27,0.26,2022
Tamil Nadu,1,1,0,0,0,0,0,0,2022
Tamil Nadu,1,99,0.09,0.06,0.01,0.08,0.17,0.17,2022
Tamil Nadu,0,0,0.19,0.12,0.01,0.21,0.19,0.21,2022
Tamil Nadu,0,1,0,0,0,0,0,0,2022
Tamil Nadu,0,99,0.1,0.06,0.01,0.11,0.1,0.11,2022
Telangana,1,0,0.52,0.06,0.01,0.04,0.26,0.04,2022
Telangana,1,1,0,0,0,0,0,0,2022
Telangana,1,99,0.37,0.04,0.01,0.03,0.19,0.03,2022
Telangana,0,0,0.42,0.13,0.01,0.08,0.19,0.04,2022
Telangana,0,1,0,0,0,0,0,0,2022
Telangana,0,99,0.22,0.07,0,0.04,0.1,0.02,2022
Tripura,1,0,0.37,0.25,0.01,0,0.15,0.2,2022
Tripura,1,1,0,0,0,0,0,0,2022
Tripura,1,99,0.35,0.23,0.01,0,0.15,0.19,2022
Tripura,0,0,0.26,0.23,0.01,0.13,0.13,0.19,2022
Tripura,0,1,0,0,0,0,0,0,2022
Tripura,0,99,0.19,0.17,0.01,0.1,0.1,0.14,2022
Uttar Pradesh,1,0,0.34,0.11,0.01,0.06,0.11,0.29,2022
Uttar Pradesh,1,1,0,0,0,0,0,0,2022
Uttar Pradesh,1,99,0.29,0.1,0.01,0.05,0.1,0.25,2022
Uttar Pradesh,0,0,0.4,0.14,0.01,0.1,0.08,0.18,2022
Uttar Pradesh,0,1,0,0,0,0,0,0,2022
Uttar Pradesh,0,99,0.31,0.1,0.01,0.07,0.06,0.13,2022
Uttrakhand,1,0,0.28,0.12,0.01,0.11,0.09,0.32,2022
Uttrakhand,1,1,0,0,0,0,0,0,2022
Uttrakhand,1,99,0.24,0.1,0.01,0.09,0.08,0.27,2022
Uttrakhand,0,0,0.25,0.18,0.01,0.22,0.07,0.14,2022
Uttrakhand,0,1,0,0,0,0,0,0,2022
Uttrakhand,0,99,0.19,0.13,0.01,0.17,0.05,0.1,2022
West Bengal,1,0,0.19,0.13,0.03,0.07,0.31,0.21,2022
West Bengal,1,1,0,0,0,0,0,0,2022
West Bengal,1,99,0.15,0.1,0.02,0.06,0.24,0.17,2022
West Bengal,0,0,0.21,0.19,0.02,0.13,0.2,0.17,2022
West Bengal,0,1,0,0,0,0,0,0,2022
West Bengal,0,99,0.15,0.13,0.01,0.09,0.14,0.12,2022
