staten,state,unemp_cws,lf_cws,emp_cws,neet,unpaid_emp,salaried,casual,self_emp,agri_cws,ind_cws,services_cws,lfpr_female,unemp_female,type,urban,level,area,year,dem,yr
1,Jammu & Kashmir,0.064852953,0.614374578,0.574530602,0.064356349,0.067567773,0.201121092,0.123316616,0.675562322,0.44843328,0.26675722,0.2848095,0.492899418,0.079630278,State+Urban+All,0,state,urban/rural,2023,All,2023
1,Jammu & Kashmir,0.116034329,0.529683232,0.468221784,0.061601967,0.025129128,0.435841054,0.085832931,0.478326023,0.092596136,0.294155002,0.613248885,0.302673995,0.288680702,State+Urban+All,1,state,urban/rural,2023,All,2023
1,Jammu & Kashmir,0.052962273,0.588168681,0.557017922,0.067822061,0.092353076,0.177751407,0.141043544,0.681205034,0.460249603,0.271568924,0.268181473,0.431710243,0.066337526,State+Urban+All,0,state,urban/rural,2022,All,2022
1,Jammu & Kashmir,0.073827058,0.597620249,0.553499699,0.063898399,0.059172209,0.240438133,0.11703787,0.642524004,0.388884336,0.271342218,0.339773446,0.455375254,0.107039638,State+AllSectors+All,99,state,All,2023,All,2023
1,Jammu & Kashmir,0.110550888,0.488559961,0.434549212,0.067581959,0.020739846,0.456411958,0.081797779,0.461790264,0.075352475,0.27032724,0.6543203,0.247221336,0.262698442,State+Urban+All,1,state,urban/rural,2022,All,2022
1,Jammu & Kashmir,0.061842833,0.570240319,0.534975052,0.067787394,0.079463549,0.218498051,0.132380441,0.649121523,0.403977424,0.271387398,0.324635208,0.399225205,0.08774849,State+AllSectors+All,99,state,All,2022,All,2022
2,Himachal Pradesh,0.066100933,0.707511187,0.660744011,0.064817056,0.141975701,0.221601382,0.082997561,0.695401073,0.555665195,0.180699483,0.263635308,0.627967119,0.065608129,State+AllSectors+All,99,state,All,2022,All,2022
2,Himachal Pradesh,0.088912174,0.623321176,0.56790036,0.059699036,0.03760232,0.624428332,0.06521976,0.310351908,0.043527316,0.455407053,0.501065671,0.431527555,0.179796845,State+Urban+All,1,state,urban/rural,2023,All,2023
2,Himachal Pradesh,0.077833548,0.691942632,0.638086259,0.089370824,0.116528399,0.250224113,0.108575888,0.641200006,0.513097703,0.227454528,0.259447783,0.60332793,0.097195052,State+AllSectors+All,99,state,All,2023,All,2023
2,Himachal Pradesh,0.076440521,0.701655388,0.648020506,0.093941152,0.127699733,0.203807145,0.113953859,0.682238996,0.571344078,0.199178889,0.229477063,0.623646796,0.090435237,State+Urban+All,0,state,urban/rural,2023,All,2023
2,Himachal Pradesh,0.136848599,0.555663049,0.479621351,0.071472079,0.023378083,0.611461997,0.054097299,0.334440738,0.037443358,0.343643993,0.618912637,0.365862191,0.250705361,State+Urban+All,1,state,urban/rural,2022,All,2022
2,Himachal Pradesh,0.060106348,0.724281907,0.680747986,0.063963994,0.155074134,0.191264957,0.085246399,0.723488629,0.595989883,0.168020204,0.235989928,0.65736264,0.054054506,State+Urban+All,0,state,urban/rural,2022,All,2022
3,Punjab,0.068888672,0.522943974,0.486919075,0.113683768,0.031222416,0.498615026,0.0913518,0.410033196,0.035001904,0.354891568,0.610106528,0.237712264,0.100919455,State+Urban+All,1,state,urban/rural,2023,All,2023
3,Punjab,0.088080063,0.524414718,0.478224248,0.109070525,0.041077465,0.342526376,0.18863678,0.468836844,0.25083077,0.327839404,0.421329826,0.264154345,0.135973588,State+AllSectors+All,99,state,All,2022,All,2022
3,Punjab,0.076924071,0.560910702,0.517763197,0.117961846,0.054480482,0.262800246,0.220903188,0.516296566,0.412560761,0.285040289,0.30239898,0.32634443,0.087203696,State+Urban+All,0,state,urban/rural,2023,All,2023
3,Punjab,0.08124809,0.518205225,0.476102054,0.102609791,0.032650735,0.507224023,0.100009054,0.392766953,0.042049445,0.321426809,0.636523724,0.251726598,0.117699966,State+Urban+All,1,state,urban/rural,2022,All,2022
3,Punjab,0.074001968,0.546482503,0.506041706,0.116259299,0.045641888,0.349101186,0.173491374,0.477407455,0.274501711,0.31058225,0.414916009,0.293397814,0.091334499,State+AllSectors+All,99,state,All,2023,All,2023
3,Punjab,0.091848768,0.527904153,0.479416817,0.112565413,0.04581289,0.250476271,0.23817113,0.511352599,0.367344797,0.331418037,0.301237166,0.270956755,0.145265937,State+Urban+All,0,state,urban/rural,2022,All,2022
4,Chandigarh,0.060928997,0.464092046,0.435815394,0.046873625,0.009641916,0.73376286,0.075175092,0.191062078,0.001763357,0.150413886,0.847822785,0.196933463,0.082694598,State+AllSectors+All,99,state,All,2022,All,2022
4,Chandigarh,0.061034139,0.458412349,0.430433542,0.042601388,0.010083663,0.734847248,0.072123669,0.193029091,0,0.133960441,0.866039574,0.192234382,0.072970927,State+Urban+All,1,state,urban/rural,2022,All,2022
4,Chandigarh,0.09824805,0.545748353,0.492129654,0.070232518,0.009046751,0.734163284,0.042876266,0.222960442,0.00180829,0.22156173,0.776629984,0.312313855,0.19604066,State+Urban+All,1,state,urban/rural,2023,All,2023
4,Chandigarh,0.059195828,0.583207905,0.548684418,0.102623254,0.000377509,0.71592176,0.125377998,0.158700243,0.030774647,0.421111077,0.5481143,0.292676926,0.212822378,State+Urban+All,0,state,urban/rural,2022,All,2022
4,Chandigarh,0.09824805,0.545748353,0.492129654,0.070232518,0.009046751,0.734163284,0.042876266,0.222960442,0.00180829,0.22156173,0.776629984,0.312313855,0.19604066,State+AllSectors+All,99,state,All,2023,All,2023
5,Uttrakhand,0.06319084,0.571903944,0.535764813,0.081712388,0.088677354,0.238652006,0.147504747,0.613843262,0.445252597,0.276477724,0.278269678,0.412683249,0.051738318,State+Urban+All,0,state,urban/rural,2023,All,2023
5,Uttrakhand,0.058695056,0.519487202,0.48899588,0.092659265,0.099539228,0.26047352,0.102307357,0.637219131,0.436494589,0.225143284,0.338362157,0.32559827,0.063533917,State+AllSectors+All,99,state,All,2022,All,2022
5,Uttrakhand,0.071522161,0.48518759,0.450485915,0.087704711,0.031899627,0.490710109,0.073210821,0.436079085,0.056651358,0.275630504,0.667718112,0.226071358,0.147251442,State+Urban+All,1,state,urban/rural,2023,All,2023
5,Uttrakhand,0.065044902,0.550027013,0.514250576,0.083303295,0.074353389,0.294315934,0.131097853,0.574586213,0.359371841,0.276290506,0.364337653,0.366269946,0.066400908,State+AllSectors+All,99,state,All,2023,All,2023
5,Uttrakhand,0.07636226,0.457165599,0.422255397,0.094697163,0.036360133,0.455400139,0.07204026,0.472559601,0.072523601,0.341231912,0.586244464,0.161442891,0.109666951,State+Urban+All,1,state,urban/rural,2022,All,2022
5,Uttrakhand,0.053524591,0.54107374,0.512112975,0.091931619,0.12142279,0.204828203,0.110947654,0.684224129,0.540443659,0.191988677,0.267567635,0.378260851,0.057217274,State+Urban+All,0,state,urban/rural,2022,All,2022
6,Haryana,0.047989491,0.481071353,0.457984984,0.088685207,0.047474664,0.402656704,0.120106377,0.477236897,0.273648709,0.289006203,0.437345088,0.220854133,0.032422613,State+AllSectors+All,99,state,All,2023,All,2023
6,Haryana,0.099151619,0.459575146,0.414007545,0.117267698,0.046543557,0.277854294,0.161423445,0.560722232,0.439911544,0.242501885,0.317586571,0.184651524,0.073649146,State+Urban+All,0,state,urban/rural,2022,All,2022
6,Haryana,0.046656437,0.479349971,0.456985205,0.08773987,0.027072584,0.544791579,0.094297759,0.360910654,0.048966426,0.338310778,0.612722754,0.201947495,0.038813084,State+Urban+All,1,state,urban/rural,2023,All,2023
6,Haryana,0.077488348,0.478402913,0.441332251,0.095415518,0.019455759,0.576681793,0.096669495,0.326648712,0.035626657,0.371263623,0.593109727,0.189887255,0.092530772,State+Urban+All,1,state,urban/rural,2022,All,2022
6,Haryana,0.048846453,0.4821845,0.458631486,0.089249775,0.060667824,0.311045527,0.136740983,0.55221349,0.418419689,0.257237464,0.324342847,0.233013928,0.028860545,State+Urban+All,0,state,urban/rural,2023,All,2023
6,Haryana,0.091404051,0.466135979,0.423529267,0.110340454,0.037104387,0.386496067,0.137881488,0.475622445,0.293110251,0.28925702,0.417632729,0.18639949,0.080070794,State+AllSectors+All,99,state,All,2022,All,2022
7,Delhi,0.03374321,0.461057574,0.445500016,0.067443848,0.02158761,0.561564684,0.059073117,0.379362226,0.001487348,0.284469903,0.714042783,0.182487026,0.025560724,State+Urban+All,1,state,urban/rural,2023,All,2023
7,Delhi,0.05971561,0.525102913,0.493746042,0.084790364,0.014107334,0.414532244,0.170168221,0.415299535,0.05150272,0.544151604,0.404345661,0.17943272,0.19462274,State+Urban+All,0,state,urban/rural,2023,All,2023
7,Delhi,0.029604668,0.468157679,0.454298019,0.085055843,0.017139953,0.59305048,0.058478992,0.348470539,0.002864772,0.328600049,0.668535173,0.150209695,0.04940594,State+AllSectors+All,99,state,All,2022,All,2022
7,Delhi,0.02790975,0.470114201,0.456993431,0.084943436,0.017607007,0.594428301,0.057130173,0.348441541,0.001006327,0.328758895,0.670234799,0.153417766,0.049768478,State+Urban+All,1,state,urban/rural,2022,All,2022
7,Delhi,0.034411661,0.462509423,0.446593702,0.067951582,0.021418039,0.557879686,0.061857432,0.380262911,0.002740856,0.290978163,0.706281006,0.182420388,0.02918924,State+AllSectors+All,99,state,All,2023,All,2023
7,Delhi,0.102250524,0.397289574,0.356666505,0.089179665,0.000222513,0.5291062,0.121078044,0.349815786,0.089115627,0.321227849,0.589656532,0.039018795,0,State+Urban+All,0,state,urban/rural,2022,All,2022
8,Rajasthan,0.062689334,0.590051711,0.553061783,0.108098298,0.139597252,0.206007034,0.12516354,0.668829441,0.480865657,0.250887513,0.26824683,0.417198747,0.056577109,State+AllSectors+All,99,state,All,2023,All,2023
8,Rajasthan,0.09824343,0.509737194,0.459658831,0.120994173,0.042960409,0.415172815,0.108592369,0.476234823,0.068995401,0.366533548,0.564471066,0.274549633,0.13485311,State+Urban+All,1,state,urban/rural,2023,All,2023
8,Rajasthan,0.105098061,0.479130685,0.428774983,0.119237252,0.030670112,0.438770711,0.109707437,0.451521873,0.068674438,0.410687149,0.520638406,0.220266357,0.133623376,State+Urban+All,1,state,urban/rural,2022,All,2022
8,Rajasthan,0.064660713,0.584519744,0.546724319,0.113127626,0.158353224,0.112986766,0.147169858,0.739843369,0.625667274,0.224990368,0.149342343,0.423994571,0.029378237,State+Urban+All,0,state,urban/rural,2022,All,2022
8,Rajasthan,0.073427483,0.557914555,0.516948283,0.114448361,0.126119956,0.181113929,0.139335796,0.67955029,0.509039283,0.26387316,0.227087542,0.374348253,0.044325579,State+AllSectors+All,99,state,All,2022,All,2022
8,Rajasthan,0.051096216,0.622007847,0.590225637,0.103973374,0.178047821,0.141228139,0.130295664,0.728476226,0.608491361,0.215052411,0.176456228,0.470311135,0.039563715,State+Urban+All,0,state,urban/rural,2023,All,2023
9,Uttar Pradesh,0.038649451,0.538566172,0.517750859,0.107926674,0.12310259,0.077562399,0.151460126,0.770977437,0.63970083,0.199666977,0.160632163,0.303168356,0.020334911,State+Urban+All,0,state,urban/rural,2023,All,2023
9,Uttar Pradesh,0.027034014,0.530395567,0.516056836,0.110617787,0.124026932,0.092262,0.168575883,0.739162087,0.614799023,0.212238908,0.172962084,0.283658445,0.013898832,State+Urban+All,0,state,urban/rural,2022,All,2022
9,Uttar Pradesh,0.077065788,0.4651618,0.429313719,0.112477094,0.045850858,0.377100587,0.113895379,0.509004056,0.077367194,0.315033764,0.60759908,0.158890978,0.125803337,State+Urban+All,1,state,urban/rural,2023,All,2023
9,Uttar Pradesh,0.036802016,0.5118047,0.492969275,0.110684089,0.106751524,0.139951274,0.157803342,0.702245355,0.51886797,0.2330264,0.2481056,0.252335012,0.026374742,State+AllSectors+All,99,state,All,2022,All,2022
9,Uttar Pradesh,0.046248328,0.522264123,0.498110294,0.10877236,0.105946131,0.134779111,0.144284651,0.720936239,0.532063544,0.221749544,0.246186927,0.272208512,0.033545449,State+AllSectors+All,99,state,All,2023,All,2023
9,Uttar Pradesh,0.08063484,0.442245364,0.406584978,0.110982999,0.042113915,0.366423815,0.10664542,0.526930749,0.063290484,0.331746489,0.604963005,0.130247548,0.13227576,State+Urban+All,1,state,urban/rural,2022,All,2022
10,Bihar,0.034102909,0.51236701,0.494893819,0.078649595,0.09028019,0.090189368,0.237476632,0.672334015,0.531801641,0.237309515,0.230888844,0.269531488,0.016875228,State+AllSectors+All,99,state,All,2023,All,2023
10,Bihar,0.030477114,0.521696508,0.505796731,0.078910686,0.096556358,0.072296292,0.244356826,0.683346868,0.567638278,0.236066177,0.196295559,0.281663299,0.013180119,State+Urban+All,0,state,urban/rural,2023,All,2023
10,Bihar,0.073956467,0.428198427,0.39653039,0.075855292,0.033658203,0.296053886,0.158318177,0.545627952,0.119402811,0.251617491,0.628979683,0.154124454,0.081113301,State+Urban+All,1,state,urban/rural,2023,All,2023
10,Bihar,0.079094909,0.413324982,0.380633086,0.087314159,0.031931505,0.295763552,0.167895541,0.536340892,0.103233486,0.252761543,0.644005001,0.115149669,0.105153188,State+Urban+All,1,state,urban/rural,2022,All,2022
10,Bihar,0.044513531,0.484078646,0.462530583,0.083276324,0.060309209,0.071205512,0.281212926,0.647581577,0.516838372,0.24395895,0.239202693,0.210554153,0.021895733,State+Urban+All,0,state,urban/rural,2022,All,2022
10,Bihar,0.047144763,0.477854639,0.455326289,0.083563574,0.057812899,0.08771804,0.272880316,0.639401674,0.486423165,0.244606256,0.268970579,0.202487752,0.02589885,State+AllSectors+All,99,state,All,2022,All,2022
11,Sikkim,0.029411351,0.746728003,0.724765718,0.050868481,0.136744693,0.319988728,0.076529399,0.603481889,0.414449483,0.138609484,0.446941048,0.659954965,0.029185666,State+AllSectors+All,99,state,All,2023,All,2023
11,Sikkim,0.029098313,0.800550163,0.777255535,0.053741779,0.162918434,0.283658087,0.073359363,0.642982543,0.500307679,0.131758928,0.367933422,0.751583397,0.024569085,State+Urban+All,0,state,urban/rural,2023,All,2023
11,Sikkim,0.030885665,0.567147374,0.549630642,0.042816803,0.049414624,0.491409838,0.091486759,0.41710341,0.009339798,0.170932829,0.819727361,0.320234656,0.069357388,State+Urban+All,1,state,urban/rural,2023,All,2023
11,Sikkim,0.017813977,0.776145637,0.762319386,0.031276196,0.188408569,0.265126884,0.082306013,0.652567089,0.532265782,0.140037984,0.327696264,0.747785091,0.024098841,State+Urban+All,0,state,urban/rural,2022,All,2022
11,Sikkim,0.017467825,0.739693046,0.726772189,0.033452041,0.156319767,0.306221634,0.087524518,0.606253862,0.448363572,0.157088324,0.394548088,0.670697927,0.025183652,State+AllSectors+All,99,state,All,2022,All,2022
11,Sikkim,0.015702803,0.596777141,0.587406039,0.0401631,0.030512463,0.515313745,0.114076503,0.37060976,0.021465473,0.243841216,0.734693289,0.336117268,0.035658754,State+Urban+All,1,state,urban/rural,2022,All,2022
12,Arunachal Pradesh,0.049174894,0.679030001,0.645638764,0.049075294,0.144067273,0.207847252,0.049867872,0.742284894,0.620193064,0.09383034,0.285976619,0.582291245,0.045987282,State+AllSectors+All,99,state,All,2022,All,2022
12,Arunachal Pradesh,0.108831055,0.548168361,0.488510638,0.060963362,0.051391274,0.438066781,0.051246822,0.510686398,0.168142989,0.153851807,0.678005219,0.370957792,0.167191863,State+Urban+All,1,state,urban/rural,2022,All,2022
12,Arunachal Pradesh,0.040454388,0.703582764,0.675119758,0.046892956,0.161455482,0.176606804,0.049680751,0.773712456,0.681564629,0.085681662,0.232753724,0.622753263,0.032164153,State+Urban+All,0,state,urban/rural,2022,All,2022
12,Arunachal Pradesh,0.128047273,0.599802256,0.522999227,0.079558767,0.039523181,0.450295895,0.055201363,0.494502723,0.158159077,0.199338064,0.642502844,0.45626843,0.182771817,State+Urban+All,1,state,urban/rural,2023,All,2023
12,Arunachal Pradesh,0.062472019,0.722114205,0.677002251,0.055394135,0.140538424,0.178886056,0.044171657,0.776942313,0.621358037,0.114197224,0.264444739,0.654197812,0.063047394,State+AllSectors+All,99,state,All,2023,All,2023
12,Arunachal Pradesh,0.051931296,0.746586323,0.707815111,0.05034871,0.160749495,0.13879928,0.042542588,0.818658113,0.689836085,0.101610243,0.208553687,0.695746005,0.046565998,State+Urban+All,0,state,urban/rural,2023,All,2023
13,Nagaland,0.087221287,0.606189847,0.553317189,0.05112531,0.043479905,0.457659334,0.044756796,0.497583866,0.124642029,0.121621616,0.753736377,0.489801854,0.088929527,State+Urban+All,1,state,urban/rural,2022,All,2022
13,Nagaland,0.032545567,0.746415079,0.72212255,0.040787287,0.186131477,0.228045121,0.052488826,0.719466031,0.612534046,0.114944756,0.272521228,0.669998407,0.02536883,State+Urban+All,0,state,urban/rural,2022,All,2022
13,Nagaland,0.045745477,0.706935346,0.67459625,0.043244906,0.145968661,0.281069607,0.05070328,0.668227077,0.49986577,0.116486639,0.383647591,0.619024098,0.039595608,State+AllSectors+All,99,state,All,2022,All,2022
13,Nagaland,0.117932536,0.62934345,0.555123389,0.041508064,0.022887191,0.436070859,0.076951608,0.486977518,0.150498778,0.133782402,0.715718806,0.504466176,0.124731436,State+Urban+All,1,state,urban/rural,2023,All,2023
13,Nagaland,0.061951023,0.753657281,0.706967413,0.057358865,0.124912485,0.243623242,0.045927968,0.710448802,0.550628781,0.100980349,0.348390877,0.658738673,0.061824817,State+Urban+All,0,state,urban/rural,2023,All,2023
13,Nagaland,0.076088704,0.717847824,0.663227737,0.052691702,0.095523402,0.290023178,0.0534079,0.656568885,0.454155684,0.108889066,0.436955243,0.615405738,0.076309092,State+AllSectors+All,99,state,All,2023,All,2023
14,Manipur,0.048119999,0.593177915,0.564634204,0.036285833,0.062141981,0.193865225,0.046204254,0.759930491,0.511732876,0.210806906,0.277460217,0.477174699,0.047846511,State+Urban+All,0,state,urban/rural,2023,All,2023
14,Manipur,0.045019507,0.514472902,0.49131161,0.059001386,0.045705676,0.222574547,0.046559118,0.730866313,0.435921162,0.239847556,0.324231297,0.302001119,0.050719742,State+Urban+All,0,state,urban/rural,2022,All,2022
14,Manipur,0.047415063,0.510890186,0.486666322,0.0535645,0.040582821,0.248785406,0.053322781,0.697891831,0.357301146,0.26173088,0.380967975,0.313618302,0.046017244,State+AllSectors+All,99,state,All,2022,All,2022
14,Manipur,0.053522203,0.501978397,0.475111395,0.038003236,0.027839979,0.316206723,0.070720717,0.613072574,0.155069664,0.318020582,0.526909769,0.342469335,0.035718724,State+Urban+All,1,state,urban/rural,2022,All,2022
14,Manipur,0.071212657,0.564751446,0.524533987,0.034106914,0.037139997,0.30911544,0.055723332,0.635161221,0.196710363,0.291986823,0.511302829,0.449388683,0.087755702,State+Urban+All,1,state,urban/rural,2023,All,2023
14,Manipur,0.05470024,0.584790409,0.552802205,0.035699818,0.054764885,0.226132065,0.04886933,0.724998593,0.423535377,0.233535007,0.342929602,0.468896121,0.059242412,State+AllSectors+All,99,state,All,2023,All,2023
15,Mizoram,0.035076004,0.536098897,0.517294705,0.012659717,0.059722595,0.355558485,0.056516685,0.587924838,0.204051256,0.136552721,0.659396052,0.420180768,0.04867116,State+Urban+All,1,state,urban/rural,2022,All,2022
15,Mizoram,0.011593265,0.588115275,0.5812971,0.022375509,0.136374846,0.185641319,0.043478824,0.770879865,0.611788034,0.08846128,0.299750686,0.47898072,0.014555641,State+Urban+All,0,state,urban/rural,2022,All,2022
15,Mizoram,0.023733988,0.54306376,0.530174673,0.014169862,0.088257045,0.254425108,0.059860986,0.685713887,0.391973794,0.112002447,0.496023774,0.418367893,0.026084982,State+AllSectors+All,99,state,All,2023,All,2023
15,Mizoram,0.022023806,0.56381613,0.551398754,0.017958468,0.100567214,0.260107666,0.049192678,0.690699637,0.433096975,0.1095374,0.457365602,0.450692832,0.029857034,State+AllSectors+All,99,state,All,2022,All,2022
15,Mizoram,0.013936922,0.557470083,0.549700677,0.01477182,0.119522698,0.179361552,0.054713558,0.765924871,0.551429033,0.088039801,0.360531151,0.427512169,0.011616596,State+Urban+All,0,state,urban/rural,2023,All,2023
15,Mizoram,0.036038321,0.525992215,0.507036328,0.013425085,0.051207121,0.350860387,0.066473968,0.582665622,0.187119111,0.142787635,0.670093238,0.408180803,0.042966682,State+Urban+All,1,state,urban/rural,2023,All,2023
16,Tripura,0.021598535,0.613060653,0.599819481,0.093270838,0.100040168,0.133573905,0.22566174,0.640764356,0.463012427,0.21865733,0.318330258,0.439804673,0.023413884,State+AllSectors+All,99,state,All,2023,All,2023
16,Tripura,0.036310248,0.481350273,0.463872313,0.074375093,0.033165772,0.315686792,0.142545938,0.54176724,0.104717784,0.221035913,0.674246311,0.283870518,0.058348812,State+Urban+All,1,state,urban/rural,2023,All,2023
16,Tripura,0.019118898,0.642701685,0.630413949,0.096619934,0.11509005,0.103417017,0.239425272,0.657157719,0.522344053,0.218263447,0.2593925,0.476047099,0.01857209,State+Urban+All,0,state,urban/rural,2023,All,2023
16,Tripura,0.016930029,0.546058774,0.536814034,0.098354682,0.048172578,0.180522904,0.241649643,0.577827454,0.363691866,0.224227458,0.412080675,0.343534857,0.012179994,State+AllSectors+All,99,state,All,2022,All,2022
16,Tripura,0.0316789,0.492137581,0.476547182,0.088162124,0.022983726,0.314746529,0.194742471,0.490511,0.078130133,0.238814414,0.68305546,0.262868315,0.046616025,State+Urban+All,1,state,urban/rural,2022,All,2022
16,Tripura,0.014057282,0.557966292,0.550122797,0.100263111,0.053735055,0.154846445,0.250622809,0.594530761,0.418318748,0.221437037,0.360244215,0.361884683,0.006489892,State+Urban+All,0,state,urban/rural,2022,All,2022
17,Meghalaya,0.051480643,0.797764361,0.756694973,0.047216896,0.067784622,0.124307185,0.314640343,0.561052442,0.580526769,0.195630223,0.223842993,0.749868512,0.067580089,State+Urban+All,0,state,urban/rural,2023,All,2023
17,Meghalaya,0.063017771,0.760546148,0.712618232,0.048352018,0.059473295,0.167153746,0.300049722,0.532796502,0.521028996,0.18836455,0.290606469,0.701922655,0.084217466,State+AllSectors+All,99,state,All,2023,All,2023
17,Meghalaya,0.125026003,0.538380742,0.471069157,0.06596496,0.011005539,0.543605328,0.181332022,0.27506265,0.032899741,0.164947182,0.802153051,0.400338858,0.185770676,State+Urban+All,1,state,urban/rural,2022,All,2022
17,Meghalaya,0.061920065,0.698047578,0.654824436,0.057463672,0.090555146,0.178365931,0.325368553,0.496265531,0.471319258,0.213340431,0.31534031,0.605546296,0.085126221,State+AllSectors+All,99,state,All,2022,All,2022
17,Meghalaya,0.140930682,0.578335702,0.496830463,0.056264393,0.018783316,0.487743586,0.190878689,0.321377724,0.077389009,0.134188652,0.788422346,0.476793766,0.207079917,State+Urban+All,1,state,urban/rural,2023,All,2023
17,Meghalaya,0.051572096,0.733729303,0.695889354,0.056209721,0.108332589,0.123113245,0.347158104,0.529728651,0.537642479,0.220661268,0.241696253,0.655707181,0.070105873,State+Urban+All,0,state,urban/rural,2022,All,2022
18,Assam,0.040670153,0.571340621,0.548104107,0.080548286,0.059439227,0.201180741,0.198353797,0.600465477,0.44558832,0.209683567,0.344728112,0.322012842,0.058577336,State+AllSectors+All,99,state,All,2022,All,2022
18,Assam,0.076427639,0.542045176,0.500617921,0.09085498,0.027767159,0.439858466,0.10147097,0.458670557,0.051980101,0.222881511,0.725138366,0.288537234,0.126593933,State+Urban+All,1,state,urban/rural,2023,All,2023
18,Assam,0.052078713,0.637745678,0.604532659,0.085772686,0.065198563,0.200136364,0.203171417,0.596692204,0.450540304,0.231100574,0.318359137,0.445786595,0.069329403,State+AllSectors+All,99,state,All,2023,All,2023
18,Assam,0.049303375,0.650843263,0.618754506,0.085280977,0.070321433,0.173596814,0.21443063,0.61197257,0.494672865,0.232010677,0.273316443,0.467557341,0.064436831,State+Urban+All,0,state,urban/rural,2023,All,2023
18,Assam,0.067140646,0.514064312,0.479549736,0.082090519,0.031429674,0.40544036,0.112318195,0.482241452,0.035196558,0.243082002,0.721721411,0.274250656,0.144592732,State+Urban+All,1,state,urban/rural,2022,All,2022
18,Assam,0.037778243,0.578381002,0.556530774,0.080420382,0.062882133,0.17955412,0.207463086,0.61298281,0.489055574,0.206146121,0.304798305,0.327950865,0.049634524,State+Urban+All,0,state,urban/rural,2022,All,2022
19,West Bengal,0.026491741,0.569718122,0.554625273,0.111493103,0.064872704,0.140525922,0.270688027,0.588786066,0.434036434,0.311830372,0.254133224,0.322038084,0.022166573,State+Urban+All,0,state,urban/rural,2022,All,2022
19,West Bengal,0.051874071,0.534177065,0.506467104,0.100877367,0.028262822,0.400851399,0.135371476,0.463777125,0.041872643,0.328877151,0.629250169,0.292888612,0.067361996,State+Urban+All,1,state,urban/rural,2023,All,2023
19,West Bengal,0.037185937,0.581579447,0.559952855,0.105030924,0.056685578,0.214103937,0.221710399,0.564185679,0.367654145,0.283612937,0.348732919,0.354918063,0.039255712,State+AllSectors+All,99,state,All,2023,All,2023
19,West Bengal,0.031454798,0.602438867,0.583489299,0.10641557,0.06919302,0.142756164,0.254696608,0.602547228,0.492090404,0.266323686,0.241585895,0.382307947,0.029747806,State+Urban+All,0,state,urban/rural,2023,All,2023
19,West Bengal,0.047480609,0.512181461,0.487862796,0.107518494,0.026676388,0.438654006,0.115649104,0.44569689,0.032460101,0.324444175,0.643095732,0.259604931,0.04844334,State+Urban+All,1,state,urban/rural,2022,All,2022
19,West Bengal,0.032339629,0.552427649,0.534562349,0.110532835,0.053394262,0.222356573,0.228132695,0.549510717,0.323900491,0.315289825,0.360809684,0.303273469,0.028927013,State+AllSectors+All,99,state,All,2022,All,2022
20,Jharkhand,0.013106771,0.568713069,0.561259091,0.090700097,0.141862392,0.103863299,0.227821723,0.668314993,0.498242974,0.304742068,0.197014973,0.377378017,0.000734502,State+Urban+All,0,state,urban/rural,2023,All,2023
20,Jharkhand,0.023165988,0.540643215,0.52811873,0.091170758,0.11965619,0.152934477,0.212597534,0.634468019,0.433340847,0.311946929,0.254712224,0.3382999,0.00757798,State+AllSectors+All,99,state,All,2023,All,2023
20,Jharkhand,0.023347184,0.535963118,0.523449898,0.095394336,0.124263972,0.102301948,0.213633701,0.684064329,0.45765999,0.318725795,0.223614231,0.321698159,0.002751839,State+Urban+All,0,state,urban/rural,2022,All,2022
20,Jharkhand,0.075249009,0.430602163,0.398199797,0.093601651,0.032602087,0.425114244,0.128154561,0.44673121,0.074719347,0.351757973,0.573522687,0.178260371,0.066910453,State+Urban+All,1,state,urban/rural,2023,All,2023
20,Jharkhand,0.082283437,0.416669488,0.382384479,0.118014887,0.028851833,0.396204323,0.151392147,0.452403545,0.04441024,0.374721766,0.580868006,0.137793958,0.082083181,State+Urban+All,1,state,urban/rural,2022,All,2022
20,Jharkhand,0.032482281,0.513189435,0.496519864,0.099004634,0.106049351,0.145431399,0.204499915,0.6500687,0.396903455,0.326958388,0.276138127,0.28764239,0.009789384,State+AllSectors+All,99,state,All,2022,All,2022
21,Odisha,0.063524224,0.547909737,0.5131042,0.122414425,0.104973488,0.143686771,0.215198681,0.641114533,0.447602838,0.262185425,0.290211737,0.333720207,0.043385588,State+AllSectors+All,99,state,All,2022,All,2022
21,Odisha,0.060555987,0.557443202,0.523686707,0.12191245,0.117481187,0.100134037,0.225813448,0.674052536,0.506834388,0.258266181,0.234899402,0.348392457,0.038195144,State+Urban+All,0,state,urban/rural,2022,All,2022
21,Odisha,0.081409536,0.516592681,0.474537104,0.122618794,0.035002179,0.440998375,0.155624732,0.403376877,0.04492544,0.313077599,0.64199698,0.287000716,0.106618136,State+Urban+All,1,state,urban/rural,2023,All,2023
21,Odisha,0.082824327,0.4930785,0.452239603,0.125538453,0.033036165,0.433944315,0.144456521,0.42159915,0.053115748,0.288287818,0.658596396,0.244100556,0.088634767,State+Urban+All,1,state,urban/rural,2022,All,2022
21,Odisha,0.046740457,0.597264528,0.569348097,0.127267376,0.132554919,0.105746664,0.239075124,0.655178189,0.510740399,0.270265073,0.218994528,0.403315216,0.035496645,State+Urban+All,0,state,urban/rural,2023,All,2023
21,Odisha,0.051488627,0.584758103,0.554649711,0.126599893,0.117431454,0.150275648,0.22799103,0.621733308,0.448956311,0.275943577,0.275100112,0.386101067,0.043320745,State+AllSectors+All,99,state,All,2023,All,2023
22,Chhattisgarh,0.059491642,0.667404294,0.627699316,0.094180182,0.180129394,0.108436733,0.244767115,0.646796167,0.629656851,0.239966959,0.13037622,0.50069648,0.045840599,State+Urban+All,0,state,urban/rural,2022,All,2022
22,Chhattisgarh,0.066988721,0.642117739,0.599103093,0.09588962,0.15484947,0.165851742,0.226505414,0.607642829,0.540774345,0.245432019,0.21379365,0.463815093,0.057968739,State+AllSectors+All,99,state,All,2022,All,2022
22,Chhattisgarh,0.102767177,0.546211123,0.490078568,0.126480997,0.044758435,0.513505459,0.09802822,0.388466299,0.091047853,0.297659516,0.611292601,0.305607051,0.133994922,State+Urban+All,1,state,urban/rural,2023,All,2023
22,Chhattisgarh,0.103949323,0.541055322,0.484812975,0.104360096,0.053813696,0.463071465,0.131970257,0.404958278,0.080842786,0.273711532,0.645445704,0.322459519,0.130145788,State+Urban+All,1,state,urban/rural,2022,All,2022
22,Chhattisgarh,0.060585056,0.638577998,0.599889696,0.116269395,0.17993027,0.177298874,0.187659413,0.635041714,0.569044828,0.214168832,0.21678634,0.465057969,0.052008972,State+AllSectors+All,99,state,All,2023,All,2023
22,Chhattisgarh,0.051658496,0.662278175,0.628065884,0.114173912,0.214613661,0.110161684,0.205557898,0.684280396,0.664746881,0.197452769,0.137800381,0.504893899,0.039611001,State+Urban+All,0,state,urban/rural,2023,All,2023
23,Madhya Pradesh,0.051050827,0.508999884,0.48301506,0.094868146,0.056494258,0.407596976,0.110901318,0.481501698,0.112016045,0.309146941,0.578837037,0.246896639,0.044524159,State+Urban+All,1,state,urban/rural,2023,All,2023
23,Madhya Pradesh,0.048306312,0.572773397,0.545104861,0.128679767,0.134607017,0.169156104,0.185921073,0.644922793,0.559762239,0.193534419,0.246703327,0.320568442,0.045320749,State+AllSectors+All,99,state,All,2022,All,2022
23,Madhya Pradesh,0.021567548,0.648639143,0.634649575,0.109054446,0.199779019,0.076861277,0.188994989,0.734143734,0.704524517,0.171776101,0.123699367,0.443824202,0.02479808,State+Urban+All,0,state,urban/rural,2023,All,2023
23,Madhya Pradesh,0.039727699,0.60530901,0.581261456,0.129928559,0.167663142,0.098599538,0.202933297,0.698467195,0.681713104,0.167975217,0.150311664,0.368626803,0.03928224,State+Urban+All,0,state,urban/rural,2022,All,2022
23,Madhya Pradesh,0.079232097,0.479802459,0.441786706,0.124677651,0.040148541,0.434590042,0.121921092,0.443488866,0.101269215,0.289628148,0.609102607,0.185175076,0.079186641,State+Urban+All,1,state,urban/rural,2022,All,2022
23,Madhya Pradesh,0.028042844,0.61177808,0.594622076,0.105677791,0.16195567,0.147693664,0.17226997,0.680036366,0.577474654,0.201232135,0.221293196,0.390901774,0.02814636,State+AllSectors+All,99,state,All,2023,All,2023
24,Gujarat,0.032888919,0.526372313,0.509060502,0.101395734,0.037561797,0.51625073,0.068508379,0.415240884,0.045663342,0.467549503,0.48678714,0.252555609,0.054808795,State+Urban+All,1,state,urban/rural,2022,All,2022
24,Gujarat,0.025891421,0.607098639,0.59138,0.10682404,0.091973431,0.309753418,0.161355495,0.528891087,0.405928284,0.323376924,0.270694792,0.386873245,0.026411505,State+AllSectors+All,99,state,All,2022,All,2022
24,Gujarat,0.021573307,0.67056036,0.656094134,0.11070925,0.134748235,0.183697194,0.218033984,0.598268807,0.625674546,0.235437796,0.138887659,0.490224421,0.015154541,State+Urban+All,0,state,urban/rural,2022,All,2022
24,Gujarat,0.035458501,0.543635428,0.524358928,0.101886854,0.032872256,0.553230166,0.043044407,0.403725445,0.023926029,0.44310531,0.53296864,0.278046817,0.043728195,State+Urban+All,1,state,urban/rural,2023,All,2023
24,Gujarat,0.022477947,0.620744705,0.606791675,0.09720885,0.103313804,0.321142703,0.116146713,0.562710583,0.411727935,0.297507286,0.290764779,0.410977006,0.017755054,State+AllSectors+All,99,state,All,2023,All,2023
24,Gujarat,0.014735887,0.678111911,0.668119311,0.094257705,0.155720383,0.185877025,0.158752352,0.655370653,0.638161898,0.212493926,0.149344206,0.507019579,0.00746405,State+Urban+All,0,state,urban/rural,2023,All,2023
25,Daman & Diu,0.033121191,0.735097647,0.710750341,0.155270293,0.144509688,0.521531165,0.081721507,0.396747351,0.388475418,0.485432684,0.126091912,0.608080745,0,State+Urban+All,0,state,urban/rural,2023,All,2023
25,Daman & Diu,0.023948144,0.611473024,0.596829414,0.056913186,0.021263342,0.763616204,0.012902669,0.223481134,0.044158198,0.677232623,0.278609186,0.220798641,0.066248156,State+Urban+All,1,state,urban/rural,2022,All,2022
25,Daman & Diu,0.031361837,0.616879404,0.597532928,0.089258388,0.01484649,0.827264607,0.006586809,0.166148603,0.025331547,0.711004913,0.26366353,0.236173943,0.053447008,State+Urban+All,1,state,urban/rural,2023,All,2023
25,Daman & Diu,0.033757608,0.640109837,0.618501246,0.059808914,0.054881204,0.652570546,0.038763855,0.308665603,0.175579309,0.571240664,0.253180027,0.317956537,0.068129867,State+AllSectors+All,99,state,All,2022,All,2022
25,Daman & Diu,0.048657466,0.689131141,0.655599773,0.064840339,0.112429358,0.479519427,0.079065353,0.44141522,0.380383074,0.406065106,0.213551819,0.469100088,0.069507703,State+Urban+All,0,state,urban/rural,2022,All,2022
25,Daman & Diu,0.032168522,0.665987849,0.644564033,0.120075859,0.068709239,0.687220216,0.041003041,0.271776766,0.191673383,0.607679188,0.200647414,0.405942917,0.01690067,State+AllSectors+All,99,state,All,2023,All,2023
27,Maharashtra,0.051667415,0.582427621,0.552335083,0.093569383,0.086618461,0.309196115,0.211640626,0.479163259,0.449364632,0.201101407,0.349533975,0.388222158,0.039987657,State+AllSectors+All,99,state,All,2022,All,2022
27,Maharashtra,0.050267737,0.575214446,0.546299696,0.087704085,0.081145577,0.319365531,0.21042186,0.470212609,0.423658043,0.205575824,0.370766133,0.375833869,0.046102285,State+AllSectors+All,99,state,All,2023,All,2023
27,Maharashtra,0.043946818,0.628555596,0.600932539,0.098303892,0.134947777,0.134526923,0.291185856,0.574287236,0.69528693,0.146389499,0.158323571,0.474134207,0.023731695,State+Urban+All,0,state,urban/rural,2022,All,2022
27,Maharashtra,0.068923064,0.530991673,0.494394124,0.089073986,0.024750117,0.567699552,0.095469013,0.33683145,0.035091102,0.302808136,0.662100792,0.28497687,0.075139187,State+Urban+All,1,state,urban/rural,2023,All,2023
27,Maharashtra,0.038095225,0.608268976,0.585096836,0.086750567,0.123298667,0.162512168,0.283028662,0.554459155,0.669070542,0.144165486,0.186763972,0.441891104,0.032487638,State+Urban+All,0,state,urban/rural,2023,All,2023
27,Maharashtra,0.064369239,0.519683301,0.486231655,0.086700179,0.020879798,0.603060961,0.077813096,0.31912595,0.035945449,0.293077409,0.670977175,0.269871861,0.079331025,State+Urban+All,1,state,urban/rural,2022,All,2022
28,Andhra Pradesh,0.068984352,0.604427278,0.562731266,0.133165002,0.081193447,0.17028138,0.332503974,0.497214675,0.524839044,0.223237455,0.251923501,0.441514105,0.084054202,State+Urban+All,0,state,urban/rural,2022,All,2022
28,Andhra Pradesh,0.07989978,0.569560707,0.524052918,0.109262884,0.067872919,0.243107155,0.265889436,0.491003424,0.400344849,0.256759286,0.342895836,0.392923027,0.085781686,State+AllSectors+All,99,state,All,2023,All,2023
28,Andhra Pradesh,0.075355887,0.577102304,0.533614218,0.127528101,0.066006057,0.2490668,0.281490028,0.469443172,0.403377086,0.237740576,0.358882308,0.40133819,0.091416009,State+AllSectors+All,99,state,All,2022,All,2022
28,Andhra Pradesh,0.092584923,0.514238954,0.466628194,0.11443229,0.031066241,0.467467576,0.140074477,0.392457962,0.066394329,0.277977914,0.655627787,0.309578687,0.115395673,State+Urban+All,1,state,urban/rural,2022,All,2022
28,Andhra Pradesh,0.07964848,0.500762522,0.460877568,0.107708223,0.033407256,0.487904549,0.115543664,0.396551788,0.076208986,0.297185749,0.626605272,0.286530137,0.083377823,State+Urban+All,1,state,urban/rural,2023,All,2023
28,Andhra Pradesh,0.079991445,0.59960866,0.5516451,0.109913759,0.08292599,0.153782591,0.320749372,0.525468051,0.518619418,0.242008001,0.239372596,0.439673722,0.08647006,State+Urban+All,0,state,urban/rural,2023,All,2023
29,Karnataka,0.045976758,0.513692498,0.490074575,0.089163035,0.023063645,0.544389784,0.150597543,0.305012673,0.051624041,0.296438754,0.651937187,0.29134354,0.052122571,State+Urban+All,1,state,urban/rural,2022,All,2022
29,Karnataka,0.030733071,0.551109195,0.534171879,0.089406736,0.080409199,0.267086387,0.228451237,0.504462361,0.451999038,0.209956884,0.338044077,0.354856253,0.022717787,State+AllSectors+All,99,state,All,2023,All,2023
29,Karnataka,0.022151528,0.57575959,0.563005686,0.086711906,0.115869321,0.121779494,0.283020169,0.59520036,0.66096729,0.161918268,0.177114442,0.402338833,0.012647348,State+Urban+All,0,state,urban/rural,2023,All,2023
29,Karnataka,0.046603858,0.51067394,0.486874551,0.094116017,0.022242332,0.542710602,0.124942631,0.332346737,0.055619247,0.301078558,0.643302202,0.275690585,0.047220897,State+Urban+All,1,state,urban/rural,2023,All,2023
29,Karnataka,0.028821388,0.570050299,0.553620636,0.094191164,0.106025174,0.144775629,0.28249374,0.572730601,0.632881522,0.171400964,0.195717514,0.374250948,0.02518088,State+Urban+All,0,state,urban/rural,2022,All,2022
29,Karnataka,0.034779441,0.549127102,0.53002876,0.092418909,0.075225174,0.281951457,0.23721765,0.480830908,0.433352888,0.214322761,0.352324367,0.343932509,0.033526734,State+AllSectors+All,99,state,All,2022,All,2022
30,Goa,0.10773962,0.492027313,0.439016491,0.083179928,0.015808586,0.583180547,0.086613394,0.330206037,0.109117441,0.290118814,0.600763738,0.267809898,0.175832823,State+AllSectors+All,99,state,All,2022,All,2022
30,Goa,0.086829841,0.505889237,0.461962938,0.047475122,0.01847117,0.562860608,0.089728601,0.347410768,0.060743101,0.324771017,0.61448586,0.271507859,0.161801428,State+AllSectors+All,99,state,All,2023,All,2023
30,Goa,0.09632805,0.504316211,0.455736428,0.069367535,0.008362747,0.613594592,0.090119079,0.296286345,0.043857425,0.331339687,0.624802887,0.276914746,0.15213193,State+Urban+All,1,state,urban/rural,2022,All,2022
30,Goa,0.125400767,0.474146158,0.414687872,0.101019129,0.026642764,0.5345456,0.081007473,0.384446949,0.213474557,0.224202603,0.562322855,0.255473226,0.210641786,State+Urban+All,0,state,urban/rural,2022,All,2022
30,Goa,0.099569462,0.505853057,0.455485553,0.035369743,0.030216619,0.491886497,0.108523645,0.399589837,0.136642858,0.305178016,0.55817914,0.244728982,0.122837871,State+Urban+All,0,state,urban/rural,2023,All,2023
30,Goa,0.077583298,0.505915463,0.46666491,0.055858303,0.009945154,0.613146544,0.076412119,0.310441375,0.006967358,0.338652849,0.654379785,0.290699542,0.185309708,State+Urban+All,1,state,urban/rural,2023,All,2023
31,Lakshadweep,0.147703722,0.563262224,0.480066299,0.150166646,0.005034296,0.439238727,0.201305225,0.359456033,0.164205715,0.233607456,0.602186859,0.186664611,0.53611207,State+Urban+All,0,state,urban/rural,2023,All,2023
31,Lakshadweep,0.20155327,0.445991516,0.35610047,0.15510653,0.005769131,0.472186238,0.228679791,0.299133986,0.141771019,0.303091675,0.555137336,0.153031424,0.357038826,State+Urban+All,1,state,urban/rural,2023,All,2023
31,Lakshadweep,0.145498827,0.3860434,0.329874516,0.1301364,0.019910982,0.395201892,0.232546017,0.372252107,0.169415206,0.285529941,0.545054853,0.153640673,0.16216442,State+AllSectors+All,99,state,All,2022,All,2022
31,Lakshadweep,0.147668719,0.374429405,0.319137871,0.146368012,0.012487198,0.387446016,0.229752764,0.382801235,0.175682023,0.265862703,0.558455288,0.164938629,0.153239444,State+Urban+All,1,state,urban/rural,2022,All,2022
31,Lakshadweep,0.183310881,0.479834616,0.391875714,0.153735071,0.005557066,0.460538119,0.219001904,0.320459992,0.149702489,0.278526515,0.571771026,0.161872566,0.411321342,State+AllSectors+All,99,state,All,2023,All,2023
31,Lakshadweep,0.138841957,0.426641732,0.367405981,0.081171691,0.045861866,0.418751836,0.241027445,0.34022072,0.150386676,0.345247477,0.504365861,0.112930477,0.209134549,State+Urban+All,0,state,urban/rural,2022,All,2022
32,Kerala,0.106273025,0.474247932,0.423848182,0.085938998,0.013244743,0.439841956,0.190221444,0.369936615,0.134933338,0.288337439,0.576729238,0.287511706,0.151238382,State+Urban+All,1,state,urban/rural,2022,All,2022
32,Kerala,0.099271975,0.508893549,0.458374679,0.091683112,0.019029438,0.38852185,0.206714541,0.404763609,0.228224993,0.243393481,0.528381526,0.335065246,0.145855322,State+AllSectors+All,99,state,All,2023,All,2023
32,Kerala,0.103599437,0.501169205,0.449248344,0.09882348,0.021622108,0.361705989,0.243725687,0.394568324,0.235390246,0.270722926,0.493886828,0.319111317,0.141210586,State+AllSectors+All,99,state,All,2022,All,2022
32,Kerala,0.097443797,0.492606878,0.44460538,0.06610433,0.014753762,0.462925851,0.15494144,0.382132739,0.122010171,0.253881037,0.624108791,0.314008415,0.143936276,State+Urban+All,1,state,urban/rural,2023,All,2023
32,Kerala,0.100836374,0.523710191,0.470901161,0.114709273,0.022919195,0.324630141,0.251172841,0.424197048,0.319457144,0.234385297,0.446157575,0.354480565,0.147422746,State+Urban+All,0,state,urban/rural,2023,All,2023
32,Kerala,0.101499446,0.524557948,0.471315593,0.110289834,0.028900236,0.300659359,0.285527855,0.413812786,0.313875914,0.256960958,0.429163128,0.346001029,0.134119928,State+Urban+All,0,state,urban/rural,2022,All,2022
33,Tamil Nadu,0.078676961,0.552566946,0.509092689,0.094342172,0.036854431,0.333624005,0.298558772,0.367817193,0.271635413,0.356096476,0.372268111,0.374744862,0.095374465,State+AllSectors+All,99,state,All,2022,All,2022
33,Tamil Nadu,0.073623993,0.602793038,0.558413029,0.101796202,0.044846684,0.248506978,0.346252203,0.405240804,0.415465504,0.313964486,0.27057004,0.464172184,0.090033345,State+Urban+All,0,state,urban/rural,2023,All,2023
33,Tamil Nadu,0.070837043,0.501723409,0.466182828,0.095136315,0.020730933,0.508630514,0.184558198,0.306811303,0.080273025,0.359883517,0.559843481,0.280269921,0.082174219,State+Urban+All,1,state,urban/rural,2022,All,2022
33,Tamil Nadu,0.070256449,0.557839692,0.51864785,0.095094547,0.032533702,0.371679604,0.267481685,0.360838711,0.273930579,0.320192993,0.405876428,0.38476032,0.087484121,State+AllSectors+All,99,state,All,2023,All,2023
33,Tamil Nadu,0.065498568,0.504665971,0.471611083,0.087162003,0.017969107,0.544182897,0.157163501,0.298653573,0.075700156,0.32891649,0.595383346,0.291057825,0.08268708,State+Urban+All,1,state,urban/rural,2023,All,2023
33,Tamil Nadu,0.083805345,0.591796458,0.542200744,0.093792506,0.049294896,0.217648938,0.374105841,0.408245236,0.398584634,0.35358417,0.247831196,0.445908755,0.101624116,State+Urban+All,0,state,urban/rural,2022,All,2022
34,Puducherry,0.074485488,0.456221759,0.42223984,0.063762881,0.011349668,0.610910833,0.093049459,0.296039701,0.036395036,0.23236756,0.731237411,0.244386524,0.098404504,State+Urban+All,1,state,urban/rural,2022,All,2022
34,Puducherry,0.078890264,0.480637282,0.442719698,0.093851835,0.010791771,0.666703641,0.107801557,0.225494802,0.014493058,0.310397208,0.675109744,0.282335818,0.072816662,State+Urban+All,1,state,urban/rural,2023,All,2023
34,Puducherry,0.061950162,0.502951443,0.471793503,0.087672494,0.008702755,0.590712249,0.193126082,0.216161698,0.108147338,0.284735233,0.607117414,0.312290519,0.065032832,State+AllSectors+All,99,state,All,2023,All,2023
34,Puducherry,0.037356403,0.539301336,0.519154966,0.076219171,0.005299734,0.485147417,0.311656147,0.203196451,0.23824884,0.249086455,0.512664735,0.363824725,0.054640856,State+Urban+All,0,state,urban/rural,2023,All,2023
34,Puducherry,0.077891193,0.611039996,0.563445389,0.111566842,0.046231415,0.457607746,0.18840462,0.353987664,0.283097804,0.354506135,0.362396061,0.454147905,0.051563907,State+Urban+All,0,state,urban/rural,2022,All,2022
34,Puducherry,0.075959325,0.512405217,0.473483264,0.082021587,0.024008239,0.544706762,0.134228647,0.321064562,0.142933801,0.285113186,0.571952999,0.319050938,0.074671768,State+AllSectors+All,99,state,All,2022,All,2022
35,Andaman & Nicobar Island,0.108378798,0.673965335,0.60092181,0.117332406,0.144483849,0.317278057,0.137877017,0.544844925,0.478708059,0.176211253,0.345080674,0.50933063,0.153264791,State+Urban+All,0,state,urban/rural,2023,All,2023
35,Andaman & Nicobar Island,0.156801492,0.646793246,0.545375109,0.106771439,0.073904656,0.431460559,0.117486462,0.451052994,0.225042075,0.250052959,0.524904966,0.467619777,0.245187759,State+AllSectors+All,99,state,All,2022,All,2022
35,Andaman & Nicobar Island,0.125919163,0.657265365,0.574503064,0.110991597,0.121242628,0.311849505,0.109563023,0.578587472,0.373345464,0.255002469,0.371652067,0.48424527,0.168196976,State+Urban+All,0,state,urban/rural,2022,All,2022
35,Andaman & Nicobar Island,0.197959125,0.63334471,0.507968307,0.101396233,0.013112237,0.605187356,0.128994718,0.26581794,0.009641663,0.242864147,0.747494221,0.446902335,0.349144459,State+Urban+All,1,state,urban/rural,2022,All,2022
35,Andaman & Nicobar Island,0.116563715,0.627781034,0.55460459,0.110567681,0.085762195,0.475123048,0.120531559,0.404345393,0.300512969,0.184569523,0.514917493,0.422013938,0.183757976,State+AllSectors+All,99,state,All,2023,All,2023
35,Andaman & Nicobar Island,0.128737837,0.569713116,0.496369481,0.103307299,0.011930928,0.715385437,0.094129302,0.190485284,0.029274888,0.19729197,0.773433149,0.313720435,0.24515748,State+Urban+All,1,state,urban/rural,2023,All,2023
36,Telangana,0.045160327,0.620380342,0.592363775,0.093051493,0.124870598,0.105176575,0.239343092,0.655480325,0.619045913,0.19152683,0.189427271,0.491357177,0.035297323,State+Urban+All,0,state,urban/rural,2022,All,2022
36,Telangana,0.046871539,0.637376845,0.607502043,0.090499885,0.10244564,0.124935843,0.278847963,0.596216202,0.548705399,0.250346363,0.200948238,0.507935643,0.04091939,State+Urban+All,0,state,urban/rural,2023,All,2023
36,Telangana,0.060126383,0.599350452,0.563313663,0.088073261,0.073172376,0.265070021,0.215827093,0.519102871,0.375123978,0.264299035,0.360576987,0.431834072,0.06045578,State+AllSectors+All,99,state,All,2023,All,2023
36,Telangana,0.085468978,0.498122662,0.455548614,0.080230869,0.020027505,0.535704613,0.093758434,0.370536953,0.029384175,0.281250507,0.689365327,0.262030721,0.100806393,State+Urban+All,1,state,urban/rural,2022,All,2022
36,Telangana,0.058163248,0.574865937,0.541429818,0.088246837,0.085839324,0.240026683,0.19374302,0.566230297,0.434345245,0.219631121,0.346023619,0.407150418,0.050778061,State+AllSectors+All,99,state,All,2022,All,2022
36,Telangana,0.084606148,0.539865434,0.494189501,0.084734991,0.027380023,0.53435719,0.094723776,0.370919049,0.041329369,0.291129857,0.667540789,0.306976289,0.113491707,State+Urban+All,1,state,urban/rural,2023,All,2023
.,India,0.052289695,0.54719764,0.518584788,0.10251803,0.082618862,0.228901669,0.203966796,0.567131519,0.428131342,0.256098628,0.31577,0.324643791,0.051088989,AllStates+AllSectors+All,99,allindia,All,2022,All,2022
.,India,0.042010989,0.589432001,0.56466943,0.09801963,0.114272118,0.137859911,0.220028251,0.642111838,0.573644936,0.222264677,0.204090402,0.39650479,0.038984984,AllStates+Urban+All,0,allindia,urban/rural,2023,All,2023
.,India,0.066777647,0.507970273,0.474049181,0.095522262,0.030750643,0.486920267,0.110152483,0.40292725,0.059690751,0.320864975,0.619444251,0.261182398,0.086839624,AllStates+Urban+All,1,allindia,urban/rural,2023,All,2023
.,India,0.048835434,0.564487815,0.536920786,0.097362131,0.088697188,0.232156649,0.190345913,0.577497423,0.434696436,0.248921454,0.31638211,0.355689824,0.049583524,AllStates+AllSectors+All,99,allindia,All,2023,All,2023
.,India,0.069684215,0.494293153,0.459848732,0.099684738,0.028218297,0.490327775,0.116089962,0.393582255,0.057514798,0.328514844,0.613970339,0.239821762,0.09092249,AllStates+Urban+All,1,allindia,urban/rural,2022,All,2022
.,India,0.045957763,0.569381356,0.543213844,0.103473574,0.105429962,0.136140674,0.235147849,0.628711462,0.559687614,0.23039335,0.209919006,0.359526336,0.040161867,AllStates+Urban+All,0,allindia,urban/rural,2022,All,2022
