level,year,State,sector,area,poor_300,poor_420,poor_830,welfare_agg21_sp,india_welfare,india_welfare_filled,welfare_pct_india,round,m_poor_1_33,m_poor_1_50
National,2022,India,0,urban/rural,0.18,0.4538,0.9162,2615.002611,2800.22,2800.22,93.39,5,0.2124,0.0565
National,2022,India,1,urban/rural,0.0985,0.2647,0.7549,3408.69649,2800.22,2800.22,121.73,5,0.0552,0.011
National,2022,India,99,All,0.1568,0.4,0.8703,2800.222373,2800.22,2800.22,100,5,0.1639,0.0425
State,2022,Andaman & Nicobar Islands,0,urban/rural,0.0025,0.027,0.5707,4482.738963,2800.22,2800.22,160.09,5,0.0507,0.0073
State,2022,Andaman & Nicobar Islands,1,urban/rural,0.0005,0.0078,0.3419,5680.745946,2800.22,2800.22,202.87,5,0.0128,0
State,2022,Andaman & Nicobar Islands,99,All,0.0017,0.0198,0.4847,4979.810879,2800.22,2800.22,177.84,5,0.0367,0.0046
State,2022,Andhra Pradesh,0,urban/rural,0.0745,0.2674,0.8403,3164.430283,2800.22,2800.22,113.01,5,0.094,0.0133
State,2022,Andhra Pradesh,1,urban/rural,0.0579,0.1957,0.7068,3766.915488,2800.22,2800.22,134.52,5,0.0247,0.0012
State,2022,Andhra Pradesh,99,All,0.0697,0.2466,0.8016,3312.43388,2800.22,2800.22,118.29,5,0.0732,0.0097
State,2022,Arunachal Pradesh,0,urban/rural,0.2486,0.4462,0.8395,2735.087942,2800.22,2800.22,97.67,5,0.1474,0.0306
State,2022,Arunachal Pradesh,1,urban/rural,0.118,0.2525,0.6763,3841.368719,2800.22,2800.22,137.18,5,0.0448,0.0098
State,2022,Arunachal Pradesh,99,All,0.2241,0.41,0.809,2893.434815,2800.22,2800.22,103.33,5,0.1321,0.0274
State,2022,Assam,0,urban/rural,0.228,0.5529,0.9677,2366.934611,2800.22,2800.22,84.53,5,0.2365,0.0611
State,2022,Assam,1,urban/rural,0.1295,0.3035,0.7929,3210.73797,2800.22,2800.22,114.66,5,0.0784,0.0132
State,2022,Assam,99,All,0.2173,0.5258,0.9488,2427.418183,2800.22,2800.22,86.69,5,0.2141,0.0543
State,2022,Bihar,0,urban/rural,0.2226,0.5459,0.9619,2375.939511,2800.22,2800.22,84.85,5,0.3807,0.1469
State,2022,Bihar,1,urban/rural,0.2093,0.4475,0.881,2671.935076,2800.22,2800.22,95.42,5,0.1642,0.0516
State,2022,Bihar,99,All,0.2214,0.5373,0.9548,2394.819954,2800.22,2800.22,85.52,5,0.3466,0.1319
State,2022,Chandigarh,0,urban/rural,0.0462,0.2667,0.7182,3402.727047,2800.22,2800.22,121.52,5,0.0388,0
State,2022,Chandigarh,1,urban/rural,0.0854,0.2001,0.5049,4882.289743,2800.22,2800.22,174.35,5,0.0394,0.012
State,2022,Chandigarh,99,All,0.083,0.2042,0.5179,4771.019779,2800.22,2800.22,170.38,5,0.0394,0.0118
State,2022,Chhattisgarh,0,urban/rural,0.2994,0.6452,0.9706,2110.28367,2800.22,2800.22,75.36,5,0.2152,0.0458
State,2022,Chhattisgarh,1,urban/rural,0.1938,0.4134,0.8377,2860.68367,2800.22,2800.22,102.16,5,0.0508,0.0075
State,2022,Chhattisgarh,99,All,0.2773,0.5967,0.9428,2215.10286,2800.22,2800.22,79.1,5,0.1788,0.0373
State,2022,Dadra & Nagar Haveli and Daman & Diu,0,urban/rural,0.3021,0.5693,0.9204,2257.742264,2800.22,2800.22,80.63,5,0.222,0.0334
State,2022,Dadra & Nagar Haveli and Daman & Diu,1,urban/rural,0.045,0.1857,0.8089,3318.708187,2800.22,2800.22,118.52,5,0.0511,0.0133
State,2022,Dadra & Nagar Haveli and Daman & Diu,99,All,0.1727,0.3763,0.8643,2888.8733,2800.22,2800.22,103.17,5,0.1427,0.0241
State,2022,Delhi,0,urban/rural,0.0394,0.2754,0.8229,2929.568032,2800.22,2800.22,104.62,5,0.0237,0.0081
State,2022,Delhi,1,urban/rural,0.0621,0.1927,0.7042,3673.323822,2800.22,2800.22,131.18,5,0.0338,0.0048
State,2022,Delhi,99,All,0.0609,0.197,0.7104,3617.667802,2800.22,2800.22,129.19,5,0.0335,0.0049
State,2022,Goa,0,urban/rural,0.0283,0.1758,0.7246,3960.11812,2800.22,2800.22,141.42,5,0.0284,0.0034
State,2022,Goa,1,urban/rural,0.0241,0.0909,0.6151,4382.987542,2800.22,2800.22,156.52,5,0.0042,0
State,2022,Goa,99,All,0.0261,0.1309,0.6666,4137.883579,2800.22,2800.22,147.77,5,0.0139,0.0014
State,2022,Gujarat,0,urban/rural,0.1902,0.4904,0.9457,2517.581763,2800.22,2800.22,89.91,5,0.2143,0.0462
State,2022,Gujarat,1,urban/rural,0.1001,0.2517,0.801,3336.286307,2800.22,2800.22,119.14,5,0.0432,0.0072
State,2022,Gujarat,99,All,0.1542,0.395,0.8879,2794.894606,2800.22,2800.22,99.81,5,0.144,0.0302
State,2022,Haryana,0,urban/rural,0.0795,0.2645,0.852,3242.516137,2800.22,2800.22,115.79,5,0.0863,0.0197
State,2022,Haryana,1,urban/rural,0.0567,0.1708,0.6506,4007.089906,2800.22,2800.22,143.1,5,0.0414,0.0081
State,2022,Haryana,99,All,0.0719,0.2333,0.7849,3439.05914,2800.22,2800.22,122.81,5,0.0717,0.0159
State,2022,Himachal Pradesh,0,urban/rural,0.0265,0.1686,0.7512,3615.160226,2800.22,2800.22,129.1,5,0.0575,0.0058
State,2022,Himachal Pradesh,1,urban/rural,0.0297,0.105,0.593,4453.909474,2800.22,2800.22,159.06,5,0.0234,0.0099
State,2022,Himachal Pradesh,99,All,0.0268,0.1618,0.7343,3686.887009,2800.22,2800.22,131.66,5,0.0531,0.0063
State,2022,Jammu & Kashmir,0,urban/rural,0.0388,0.2361,0.8398,3203.689424,2800.22,2800.22,114.41,5,0.079,0.0132
State,2022,Jammu & Kashmir,1,urban/rural,0.0357,0.142,0.6776,4032.691306,2800.22,2800.22,144.01,5,0.0156,0.0012
State,2022,Jammu & Kashmir,99,All,0.0381,0.2148,0.8032,3327.930516,2800.22,2800.22,118.85,5,0.0626,0.0101
State,2022,Jharkhand,0,urban/rural,0.334,0.6526,0.9566,2103.591032,2800.22,2800.22,75.12,5,0.3729,0.1137
State,2022,Jharkhand,1,urban/rural,0.1741,0.3564,0.8471,2985.673231,2800.22,2800.22,106.62,5,0.0863,0.0185
State,2022,Jharkhand,99,All,0.3024,0.5941,0.935,2222.068934,2800.22,2800.22,79.35,5,0.306,0.0915
State,2022,Karnataka,0,urban/rural,0.0672,0.3066,0.8618,3039.164097,2800.22,2800.22,108.53,5,0.1183,0.0186
State,2022,Karnataka,1,urban/rural,0.0754,0.2154,0.6639,3939.70477,2800.22,2800.22,140.69,5,0.0322,0.0036
State,2022,Karnataka,99,All,0.0701,0.2743,0.7918,3262.528145,2800.22,2800.22,116.51,5,0.085,0.0128
State,2022,Kerala,0,urban/rural,0.0395,0.1854,0.7533,3637.900542,2800.22,2800.22,129.91,5,0.0126,0.0006
State,2022,Kerala,1,urban/rural,0.0342,0.1505,0.6733,3934.550226,2800.22,2800.22,140.51,5,0.0041,0
State,2022,Kerala,99,All,0.0376,0.1727,0.7241,3746.180383,2800.22,2800.22,133.78,5,0.0086,0.0003
State,2022,Ladakh,0,urban/rural,0.0525,0.2411,0.8849,3164.101029,2800.22,2800.22,112.99,5,0.0765,0.009
State,2022,Ladakh,1,urban/rural,0.0293,0.1158,0.7222,3841.405543,2800.22,2800.22,137.18,5,0.0165,0.0038
State,2022,Ladakh,99,All,0.0492,0.2237,0.8623,3201.806552,2800.22,2800.22,114.34,5,0.0651,0.008
State,2022,Lakshadweep,0,urban/rural,0,0.0355,0.6743,4193.375693,2800.22,2800.22,149.75,5,0.0123,0
State,2022,Lakshadweep,1,urban/rural,0,0.0671,0.6968,3901.685952,2800.22,2800.22,139.33,5,0.0079,0
State,2022,Lakshadweep,99,All,0,0.0544,0.6878,4091.751338,2800.22,2800.22,146.12,5,0.0088,0
State,2022,Madhya Pradesh,0,urban/rural,0.2582,0.5111,0.9435,2450.88166,2800.22,2800.22,87.52,5,0.2962,0.0689
State,2022,Madhya Pradesh,1,urban/rural,0.1539,0.3699,0.8281,2933.567355,2800.22,2800.22,104.76,5,0.0761,0.0136
State,2022,Madhya Pradesh,99,All,0.2319,0.4755,0.9144,2552.841294,2800.22,2800.22,91.17,5,0.2396,0.0547
State,2022,Maharashtra,0,urban/rural,0.1521,0.4692,0.9236,2560.407063,2800.22,2800.22,91.44,5,0.1336,0.0222
State,2022,Maharashtra,1,urban/rural,0.0768,0.2631,0.775,3343.30214,2800.22,2800.22,119.39,5,0.0334,0.0034
State,2022,Maharashtra,99,All,0.1192,0.3792,0.8587,2850.585466,2800.22,2800.22,101.8,5,0.0899,0.014
State,2022,Manipur,0,urban/rural,0.2832,0.5599,0.9558,2302.758237,2800.22,2800.22,82.23,5,0.1287,0.0193
State,2022,Manipur,1,urban/rural,0.2886,0.5287,0.9414,2372.800776,2800.22,2800.22,84.74,5,0.0441,0.0047
State,2022,Manipur,99,All,0.2847,0.5515,0.9519,2321.948117,2800.22,2800.22,82.92,5,0.0967,0.0138
State,2022,Meghalaya,0,urban/rural,0.1463,0.4981,0.9565,2491.070865,2800.22,2800.22,88.96,5,0.3147,0.1211
State,2022,Meghalaya,1,urban/rural,0.0772,0.2096,0.8072,3463.103639,2800.22,2800.22,123.67,5,0.082,0.0269
State,2022,Meghalaya,99,All,0.1347,0.4498,0.9315,2632.354841,2800.22,2800.22,94.01,5,0.2702,0.1031
State,2022,Mizoram,0,urban/rural,0.0897,0.3308,0.8811,2946.92427,2800.22,2800.22,105.24,5,0.1147,0.0371
State,2022,Mizoram,1,urban/rural,0.049,0.1615,0.744,3790.881209,2800.22,2800.22,135.38,5,0.008,0.0007
State,2022,Mizoram,99,All,0.0712,0.2536,0.8186,3281.443742,2800.22,2800.22,117.19,5,0.0575,0.0176
State,2022,Nagaland,0,urban/rural,0.0902,0.3852,0.9148,2767.316179,2800.22,2800.22,98.82,5,0.2217,0.0388
State,2022,Nagaland,1,urban/rural,0.13,0.2616,0.8138,3424.377471,2800.22,2800.22,122.29,5,0.0637,0.0083
State,2022,Nagaland,99,All,0.1024,0.3475,0.884,2920.09498,2800.22,2800.22,104.28,5,0.1706,0.0289
State,2022,Odisha,0,urban/rural,0.2819,0.5977,0.9644,2249.138991,2800.22,2800.22,80.32,5,0.2355,0.0588
State,2022,Odisha,1,urban/rural,0.1567,0.3944,0.8146,2875.616185,2800.22,2800.22,102.69,5,0.0698,0.0157
State,2022,Odisha,99,All,0.2635,0.5679,0.9425,2320.016364,2800.22,2800.22,82.85,5,0.208,0.0517
State,2022,Puducherry,0,urban/rural,0.0234,0.1219,0.8068,3604.245584,2800.22,2800.22,128.71,5,0.0158,0.0011
State,2022,Puducherry,1,urban/rural,0.0136,0.0816,0.5711,4541.016893,2800.22,2800.22,162.17,5,0.0135,0.0001
State,2022,Puducherry,99,All,0.017,0.0957,0.6535,4210.940413,2800.22,2800.22,150.38,5,0.0142,0.0004
State,2022,Punjab,0,urban/rural,0.043,0.2034,0.8006,3473.962069,2800.22,2800.22,124.06,5,0.049,0.0072
State,2022,Punjab,1,urban/rural,0.0555,0.1987,0.718,3760.113808,2800.22,2800.22,134.28,5,0.0444,0.0069
State,2022,Punjab,99,All,0.0475,0.2017,0.7707,3566.4331,2800.22,2800.22,127.36,5,0.0473,0.0071
State,2022,Rajasthan,0,urban/rural,0.1389,0.4026,0.9023,2758.01465,2800.22,2800.22,98.49,5,0.2037,0.0452
State,2022,Rajasthan,1,urban/rural,0.0786,0.2539,0.7719,3355.017867,2800.22,2800.22,119.81,5,0.0422,0.0079
State,2022,Rajasthan,99,All,0.1247,0.3674,0.8714,2884.237249,2800.22,2800.22,103,5,0.1657,0.0365
State,2022,Sikkim,0,urban/rural,0.054,0.3097,0.7075,3549.180616,2800.22,2800.22,126.75,5,0.0547,0.0074
State,2022,Sikkim,1,urban/rural,0.032,0.1276,0.5406,4704.109431,2800.22,2800.22,167.99,5,0.0043,0.0002
State,2022,Sikkim,99,All,0.0488,0.2666,0.668,3850.880286,2800.22,2800.22,137.52,5,0.0367,0.0048
State,2022,Tamil Nadu,0,urban/rural,0.0701,0.2289,0.8029,3396.3724,2800.22,2800.22,121.29,5,0.0532,0.0035
State,2022,Tamil Nadu,1,urban/rural,0.0338,0.1557,0.6686,3990.590328,2800.22,2800.22,142.51,5,0.0214,0.0007
State,2022,Tamil Nadu,99,All,0.0537,0.1958,0.7423,3643.600384,2800.22,2800.22,130.12,5,0.0384,0.0022
State,2022,Telangana,0,urban/rural,0.051,0.2845,0.8916,3049.448899,2800.22,2800.22,108.9,5,0.088,0.0106
State,2022,Telangana,1,urban/rural,0.0369,0.1475,0.6813,3848.741492,2800.22,2800.22,137.44,5,0.0287,0.0034
State,2022,Telangana,99,All,0.0451,0.2267,0.8029,3312.137274,2800.22,2800.22,118.28,5,0.0678,0.0081
State,2022,Tripura,0,urban/rural,0.094,0.3237,0.8612,3134.313948,2800.22,2800.22,111.93,5,0.197,0.0359
State,2022,Tripura,1,urban/rural,0.0449,0.1879,0.651,4188.379902,2800.22,2800.22,149.57,5,0.0562,0.0091
State,2022,Tripura,99,All,0.085,0.2988,0.8227,3275.641086,2800.22,2800.22,116.98,5,0.157,0.0283
State,2022,Uttar Pradesh,0,urban/rural,0.2432,0.5431,0.9516,2374.243596,2800.22,2800.22,84.79,5,0.2637,0.0771
State,2022,Uttar Pradesh,1,urban/rural,0.1891,0.4036,0.844,2834.990265,2800.22,2800.22,101.24,5,0.1158,0.0285
State,2022,Uttar Pradesh,99,All,0.232,0.5141,0.9292,2448.451256,2800.22,2800.22,87.44,5,0.2294,0.0659
State,2022,Uttarakhand,0,urban/rural,0.044,0.3003,0.8609,3057.208291,2800.22,2800.22,109.18,5,0.1122,0.0156
State,2022,Uttarakhand,1,urban/rural,0.0874,0.2651,0.7433,3522.074619,2800.22,2800.22,125.78,5,0.0658,0.0139
State,2022,Uttarakhand,99,All,0.0543,0.292,0.8331,3142.101143,2800.22,2800.22,112.21,5,0.0981,0.0151
State,2022,West Bengal,0,urban/rural,0.1807,0.4715,0.9368,2552.716137,2800.22,2800.22,91.16,5,0.1984,0.0365
State,2022,West Bengal,1,urban/rural,0.1223,0.2989,0.7616,3259.821257,2800.22,2800.22,116.41,5,0.0567,0.011
State,2022,West Bengal,99,All,0.1647,0.4241,0.8887,2702.626219,2800.22,2800.22,96.51,5,0.1527,0.0283
