poor_420,sector,sectorname,state,year,food_pds_subs,kerosene_pds_subs,food_pds_free,gov_school_free,pvt_school_free,lpg_subs,elec_free,fees_waived,pmjay_ben,pmjay_ben_avail,durables_free,laptop2,tablet2,mobile2,bicycle2,other_items2,books,stationary,schoolbag,clothing,footwear
0,1,Urban,Andaman and Nicobar Islands,2011,0.93036753,0.465276607,NA,NA,NA,NA,NA,NA,NA,NA,NA,NA,NA,NA,NA,NA,NA,NA,NA,NA,NA
1,1,Urban,Andaman and Nicobar Islands,2011,1,0.871410155,NA,NA,NA,NA,NA,NA,NA,NA,NA,NA,NA,NA,NA,NA,NA,NA,NA,NA,NA
0,2,Rural,Andaman and Nicobar Islands,2011,0.86673921,0.176931268,NA,NA,NA,NA,NA,NA,NA,NA,NA,NA,NA,NA,NA,NA,NA,NA,NA,NA,NA
1,2,Rural,Andaman and Nicobar Islands,2011,0.70755857,0.707558561,NA,NA,NA,NA,NA,NA,NA,NA,NA,NA,NA,NA,NA,NA,NA,NA,NA,NA,NA
0,99,All,Andaman and Nicobar Islands,2011,0.90710533,0.359858932,NA,NA,NA,NA,NA,NA,NA,NA,NA,NA,NA,NA,NA,NA,NA,NA,NA,NA,NA
1,99,All,Andaman and Nicobar Islands,2011,0.97533596,0.857591157,NA,NA,NA,NA,NA,NA,NA,NA,NA,NA,NA,NA,NA,NA,NA,NA,NA,NA,NA
0,0,Rural,Andaman and Nicobar Islands,2022,0.806,0,0.004,0.357,0,0.108,0,0.086,0.004,0,0.003,0,0,0,0,0.003,0.357,0.004,0,0,0
1,0,Rural,Andaman and Nicobar Islands,2022,0.487,0,0,0,0,0,0,0,0,0,0,0,0,0,0,0,0,0,0,0,0
0,1,Urban,Andaman and Nicobar Islands,2022,0.529,0,0,0.099,0,0.156,0.01,0.024,0.005,0.005,0,0,0,0,0,0,0.099,0.005,0,0,0
1,1,Urban,Andaman and Nicobar Islands,2022,0,0,0,0,0,0,0,0,0,0,0,0,0,0,0,0,0,0,0,0,0
0,99,All,Andaman and Nicobar Islands,2022,0.697,0,0.002,0.255,0,0.127,0.004,0.062,0.004,0.002,0.002,0,0,0,0,0.002,0.255,0.004,0,0,0
1,99,All,Andaman and Nicobar Islands,2022,0.274,0,0,0,0,0,0,0,0,0,0,0,0,0,0,0,0,0,0,0,0
0,0,Rural,Andhra Pradesh,2022,0.863,0,0.549,0.269,0.005,0.424,0.195,0.134,0.708,0.041,0.072,0,0.007,0,0,0.068,0.261,0.073,0.256,0.134,0.129
1,0,Rural,Andhra Pradesh,2022,0.933,0,0.569,0.419,0.007,0.414,0.354,0.152,0.531,0.031,0.098,0,0.01,0,0,0.092,0.402,0.061,0.406,0.225,0.222
0,1,Urban,Andhra Pradesh,2022,0.671,0,0.42,0.13,0.001,0.531,0.039,0.157,0.573,0.04,0.036,0,0.004,0,0,0.035,0.123,0.039,0.117,0.056,0.055
1,1,Urban,Andhra Pradesh,2022,0.855,0,0.694,0.34,0.014,0.718,0.047,0.23,0.516,0.054,0.077,0,0.018,0,0,0.073,0.327,0.021,0.327,0.22,0.186
0,99,All,Andhra Pradesh,2022,0.802,0,0.508,0.225,0.004,0.458,0.145,0.141,0.665,0.041,0.061,0,0.006,0,0,0.058,0.217,0.062,0.212,0.11,0.106
1,99,All,Andhra Pradesh,2022,0.913,0,0.601,0.399,0.009,0.492,0.275,0.172,0.527,0.037,0.093,0,0.012,0,0,0.087,0.383,0.05,0.385,0.223,0.212
0,1,Urban,Andhra Pradesh,2011,0.87349099,0.80442086,NA,NA,NA,NA,NA,NA,NA,NA,NA,NA,NA,NA,NA,NA,NA,NA,NA,NA,NA
1,1,Urban,Andhra Pradesh,2011,0.9695766,0.917680193,NA,NA,NA,NA,NA,NA,NA,NA,NA,NA,NA,NA,NA,NA,NA,NA,NA,NA,NA
0,2,FALSE,Andhra Pradesh,2011,0.51017827,0.319766037,NA,NA,NA,NA,NA,NA,NA,NA,NA,NA,NA,NA,NA,NA,NA,NA,NA,NA,NA
1,2,FALSE,Andhra Pradesh,2011,0.82558578,0.682558654,NA,NA,NA,NA,NA,NA,NA,NA,NA,NA,NA,NA,NA,NA,NA,NA,NA,NA,NA
0,99,All,Andhra Pradesh,2011,0.76549548,0.660356148,NA,NA,NA,NA,NA,NA,NA,NA,NA,NA,NA,NA,NA,NA,NA,NA,NA,NA,NA
1,99,All,Andhra Pradesh,2011,0.93736517,0.865082443,NA,NA,NA,NA,NA,NA,NA,NA,NA,NA,NA,NA,NA,NA,NA,NA,NA,NA,NA
0,0,Rural,Arunachal Pradesh,2022,0.655,0.017,0.124,0.355,0,0.169,0.021,0.07,0.08,0.02,0.004,0,0,0,0,0.004,0.353,0.001,0.003,0.002,0
1,0,Rural,Arunachal Pradesh,2022,0.392,0,0.362,0.496,0,0.014,0.029,0.102,0.037,0.002,0.003,0,0,0,0,0.003,0.496,0.011,0.015,0,0
0,1,Urban,Arunachal Pradesh,2022,0.369,0.003,0.082,0.249,0,0.031,0.004,0.015,0.011,0.004,0,0,0,0,0,0,0.245,0.002,0,0.005,0
1,1,Urban,Arunachal Pradesh,2022,0.414,0,0.258,0.441,0,0.008,0,0.05,0.02,0,0,0,0,0,0,0,0.441,0,0,0,0
0,99,All,Arunachal Pradesh,2022,0.591,0.014,0.115,0.331,0,0.138,0.017,0.057,0.065,0.017,0.003,0,0,0,0,0.003,0.329,0.001,0.002,0.003,0
1,99,All,Arunachal Pradesh,2022,0.394,0,0.354,0.492,0,0.013,0.027,0.098,0.036,0.002,0.003,0,0,0,0,0.003,0.492,0.011,0.014,0,0
0,1,Urban,Arunachal Pradesh,2011,0.62131155,0.277921327,NA,NA,NA,NA,NA,NA,NA,NA,NA,NA,NA,NA,NA,NA,NA,NA,NA,NA,NA
1,1,Urban,Arunachal Pradesh,2011,0.57996178,0.249276756,NA,NA,NA,NA,NA,NA,NA,NA,NA,NA,NA,NA,NA,NA,NA,NA,NA,NA,NA
0,2,FALSE,Arunachal Pradesh,2011,0.59425884,0.177428057,NA,NA,NA,NA,NA,NA,NA,NA,NA,NA,NA,NA,NA,NA,NA,NA,NA,NA,NA
1,2,FALSE,Arunachal Pradesh,2011,0.63085026,0.119342392,NA,NA,NA,NA,NA,NA,NA,NA,NA,NA,NA,NA,NA,NA,NA,NA,NA,NA,NA
0,99,All,Arunachal Pradesh,2011,0.61421359,0.251554392,NA,NA,NA,NA,NA,NA,NA,NA,NA,NA,NA,NA,NA,NA,NA,NA,NA,NA,NA
1,99,All,Arunachal Pradesh,2011,0.58678216,0.231862207,NA,NA,NA,NA,NA,NA,NA,NA,NA,NA,NA,NA,NA,NA,NA,NA,NA,NA,NA
0,0,Rural,Assam,2022,0.052,0.031,0.743,0.493,0.002,0.15,0.016,0.128,0.275,0.007,0.093,0.001,0,0,0,0.092,0.487,0.059,0.104,0.18,0.025
1,0,Rural,Assam,2022,0.083,0.064,0.814,0.621,0.006,0.068,0.011,0.119,0.219,0.007,0.102,0,0.001,0,0.002,0.099,0.618,0.101,0.202,0.208,0.078
0,1,Urban,Assam,2022,0.015,0.011,0.383,0.208,0.002,0.276,0.017,0.047,0.116,0.008,0.029,0.002,0,0,0,0.027,0.205,0.021,0.048,0.045,0.01
1,1,Urban,Assam,2022,0.054,0.014,0.601,0.476,0.001,0.257,0.011,0.126,0.129,0.009,0.062,0,0,0,0,0.062,0.465,0.029,0.064,0.135,0.037
0,99,All,Assam,2022,0.047,0.028,0.693,0.453,0.002,0.168,0.016,0.116,0.252,0.007,0.084,0.001,0,0,0,0.083,0.447,0.054,0.096,0.161,0.023
1,99,All,Assam,2022,0.081,0.061,0.804,0.614,0.006,0.077,0.011,0.119,0.215,0.007,0.1,0,0.001,0,0.002,0.097,0.61,0.098,0.195,0.205,0.076
0,1,Urban,Assam,2011,0.75697798,0.744386468,NA,NA,NA,NA,NA,NA,NA,NA,NA,NA,NA,NA,NA,NA,NA,NA,NA,NA,NA
1,1,Urban,Assam,2011,0.77571589,0.809422465,NA,NA,NA,NA,NA,NA,NA,NA,NA,NA,NA,NA,NA,NA,NA,NA,NA,NA,NA
0,2,FALSE,Assam,2011,0.44363627,0.381558766,NA,NA,NA,NA,NA,NA,NA,NA,NA,NA,NA,NA,NA,NA,NA,NA,NA,NA,NA
1,2,FALSE,Assam,2011,0.57642013,0.61942225,NA,NA,NA,NA,NA,NA,NA,NA,NA,NA,NA,NA,NA,NA,NA,NA,NA,NA,NA
0,99,All,Assam,2011,0.69077051,0.667722887,NA,NA,NA,NA,NA,NA,NA,NA,NA,NA,NA,NA,NA,NA,NA,NA,NA,NA,NA
1,99,All,Assam,2011,0.76148868,0.795858832,NA,NA,NA,NA,NA,NA,NA,NA,NA,NA,NA,NA,NA,NA,NA,NA,NA,NA,NA
0,0,Rural,Bihar,2022,0.408,0.145,0.595,0.082,0.002,0.307,0.042,0.047,0.026,0.003,0.005,0,0,0,0.003,0.002,0.069,0.004,0.002,0.017,0
1,0,Rural,Bihar,2022,0.503,0.089,0.565,0.124,0.003,0.186,0.051,0.038,0.023,0.003,0.003,0,0,0,0.002,0.002,0.106,0.008,0.003,0.031,0.003
0,1,Urban,Bihar,2022,0.269,0.067,0.318,0.053,0,0.486,0.034,0.022,0.042,0.004,0.004,0,0,0,0.004,0,0.041,0.003,0.001,0.015,0
1,1,Urban,Bihar,2022,0.39,0.058,0.4,0.13,0,0.29,0.126,0.072,0.037,0.005,0.001,0,0,0,0.001,0,0.108,0,0,0.016,0
0,99,All,Bihar,2022,0.395,0.138,0.569,0.08,0.002,0.324,0.042,0.045,0.027,0.003,0.005,0,0,0,0.003,0.002,0.067,0.004,0.002,0.016,0
1,99,All,Bihar,2022,0.497,0.087,0.556,0.125,0.003,0.191,0.055,0.04,0.023,0.003,0.003,0,0,0,0.002,0.002,0.106,0.007,0.003,0.03,0.002
0,1,Urban,Bihar,2011,0.28644302,0.873756332,NA,NA,NA,NA,NA,NA,NA,NA,NA,NA,NA,NA,NA,NA,NA,NA,NA,NA,NA
1,1,Urban,Bihar,2011,0.49983999,0.901497316,NA,NA,NA,NA,NA,NA,NA,NA,NA,NA,NA,NA,NA,NA,NA,NA,NA,NA,NA
0,2,FALSE,Bihar,2011,0.14409961,0.447055854,NA,NA,NA,NA,NA,NA,NA,NA,NA,NA,NA,NA,NA,NA,NA,NA,NA,NA,NA
1,2,FALSE,Bihar,2011,0.28220126,0.611275017,NA,NA,NA,NA,NA,NA,NA,NA,NA,NA,NA,NA,NA,NA,NA,NA,NA,NA,NA
0,99,All,Bihar,2011,0.26508102,0.809719786,NA,NA,NA,NA,NA,NA,NA,NA,NA,NA,NA,NA,NA,NA,NA,NA,NA,NA,NA
1,99,All,Bihar,2011,0.48142576,0.876941873,NA,NA,NA,NA,NA,NA,NA,NA,NA,NA,NA,NA,NA,NA,NA,NA,NA,NA,NA
0,0,Rural,Chandigarh,2022,0.004,0,0,0.063,0,0.097,0,0.042,0.049,0.004,0,0,0,0,0,0,0.054,0.006,0,0.009,0
1,0,Rural,Chandigarh,2022,,,,,,,,,,,,,,,,,,,,,
0,1,Urban,Chandigarh,2022,0.008,0,0.006,0.012,0,0.02,0.01,0.011,0.022,0.003,0,0,0,0,0,0,0.012,0,0,0,0
1,1,Urban,Chandigarh,2022,,,,,,,,,,,,,,,,,,,,,
0,99,All,Chandigarh,2022,0.008,0,0.006,0.014,0,0.022,0.01,0.012,0.023,0.003,0,0,0,0,0,0,0.013,0,0,0,0
1,99,All,Chandigarh,2022,,,,,,,,,,,,,,,,,,,,,
0,1,Urban,Chandigarh,2011,0.10761604,0.103493481,NA,NA,NA,NA,NA,NA,NA,NA,NA,NA,NA,NA,NA,NA,NA,NA,NA,NA,NA
1,1,Urban,Chandigarh,2011,0.023883628,0,NA,NA,NA,NA,NA,NA,NA,NA,NA,NA,NA,NA,NA,NA,NA,NA,NA,NA,NA
0,2,FALSE,Chandigarh,2011,0.13164726,0.059888757,NA,NA,NA,NA,NA,NA,NA,NA,NA,NA,NA,NA,NA,NA,NA,NA,NA,NA,NA
1,2,FALSE,Chandigarh,2011,0.41128063,0.208539064,NA,NA,NA,NA,NA,NA,NA,NA,NA,NA,NA,NA,NA,NA,NA,NA,NA,NA,NA
0,99,All,Chandigarh,2011,0.12971163,0.063400974,NA,NA,NA,NA,NA,NA,NA,NA,NA,NA,NA,NA,NA,NA,NA,NA,NA,NA,NA
1,99,All,Chandigarh,2011,0.38054118,0.191991765,NA,NA,NA,NA,NA,NA,NA,NA,NA,NA,NA,NA,NA,NA,NA,NA,NA,NA,NA
0,0,Rural,Chattisgarh,2022,0.925,0.097,0.788,0.297,0.004,0.373,0.045,0.153,0.69,0.081,0.039,0,0,0,0.004,0.035,0.289,0.007,0.01,0.084,0.009
1,0,Rural,Chattisgarh,2022,0.922,0.071,0.822,0.419,0.008,0.108,0.077,0.168,0.547,0.033,0.073,0,0,0.001,0.01,0.066,0.409,0.004,0.004,0.165,0.004
0,1,Urban,Chattisgarh,2022,0.692,0.025,0.451,0.134,0.003,0.523,0.037,0.058,0.462,0.028,0.015,0.001,0.001,0.002,0.001,0.011,0.13,0.003,0.003,0.038,0.004
1,1,Urban,Chattisgarh,2022,0.874,0.015,0.737,0.403,0.006,0.305,0.031,0.049,0.439,0.007,0.074,0,0,0,0.004,0.07,0.387,0.001,0.004,0.106,0.015
0,99,All,Chattisgarh,2022,0.862,0.078,0.697,0.253,0.003,0.414,0.043,0.127,0.628,0.067,0.032,0,0,0.001,0.003,0.029,0.246,0.006,0.008,0.072,0.007
1,99,All,Chattisgarh,2022,0.917,0.065,0.813,0.417,0.008,0.128,0.072,0.155,0.535,0.03,0.073,0,0,0.001,0.009,0.067,0.407,0.004,0.004,0.158,0.005
0,1,Urban,Chhattisgarh,2011,0.53336269,0.853955862,NA,NA,NA,NA,NA,NA,NA,NA,NA,NA,NA,NA,NA,NA,NA,NA,NA,NA,NA
1,1,Urban,Chhattisgarh,2011,0.74143255,0.871331679,NA,NA,NA,NA,NA,NA,NA,NA,NA,NA,NA,NA,NA,NA,NA,NA,NA,NA,NA
0,2,FALSE,Chhattisgarh,2011,0.26700804,0.280874029,NA,NA,NA,NA,NA,NA,NA,NA,NA,NA,NA,NA,NA,NA,NA,NA,NA,NA,NA
1,2,FALSE,Chhattisgarh,2011,0.68057042,0.71469033,NA,NA,NA,NA,NA,NA,NA,NA,NA,NA,NA,NA,NA,NA,NA,NA,NA,NA,NA
0,99,All,Chhattisgarh,2011,0.43167815,0.635174011,NA,NA,NA,NA,NA,NA,NA,NA,NA,NA,NA,NA,NA,NA,NA,NA,NA,NA,NA
1,99,All,Chhattisgarh,2011,0.73091274,0.844256719,NA,NA,NA,NA,NA,NA,NA,NA,NA,NA,NA,NA,NA,NA,NA,NA,NA,NA,NA
0,0,Rural,Dadra Nagar Haveli & Diu Daman,2022,0.206,0,0.223,0.246,0.003,0.005,0,0.035,0.239,0.017,0.008,0,0,0,0.008,0,0.24,0.084,0.066,0.025,0.009
1,0,Rural,Dadra Nagar Haveli & Diu Daman,2022,0.578,0,0.372,0.479,0.023,0.011,0.015,0.177,0.199,0.013,0.043,0,0,0,0.043,0,0.479,0.16,0.185,0.042,0
0,1,Urban,Dadra Nagar Haveli & Diu Daman,2022,0.074,0,0.058,0.169,0,0.03,0.019,0.007,0.108,0.028,0.041,0,0,0,0,0.041,0.165,0.094,0.069,0.025,0.017
1,1,Urban,Dadra Nagar Haveli & Diu Daman,2022,0,0,0,0.468,0,0.066,0,0.034,0.153,0,0,0,0,0,0,0,0.468,0,0.118,0,0
0,99,All,Dadra Nagar Haveli & Diu Daman,2022,0.117,0,0.113,0.194,0.001,0.022,0.013,0.016,0.151,0.024,0.03,0,0,0,0.003,0.028,0.19,0.091,0.068,0.025,0.014
1,99,All,Dadra Nagar Haveli & Diu Daman,2022,0.441,0,0.283,0.477,0.018,0.024,0.011,0.143,0.188,0.01,0.033,0,0,0,0.033,0,0.477,0.122,0.169,0.032,0
0,1,Urban,Daman & Diu & D & N Haveli,2011,0.060873061,0.271870882,NA,NA,NA,NA,NA,NA,NA,NA,NA,NA,NA,NA,NA,NA,NA,NA,NA,NA,NA
1,1,Urban,Daman & Diu & D & N Haveli,2011,0.61759192,0.713161716,NA,NA,NA,NA,NA,NA,NA,NA,NA,NA,NA,NA,NA,NA,NA,NA,NA,NA,NA
0,2,FALSE,Daman & Diu & D & N Haveli,2011,0.19366738,0.093743433,NA,NA,NA,NA,NA,NA,NA,NA,NA,NA,NA,NA,NA,NA,NA,NA,NA,NA,NA
1,2,FALSE,Daman & Diu & D & N Haveli,2011,0.26111573,0.16408525,NA,NA,NA,NA,NA,NA,NA,NA,NA,NA,NA,NA,NA,NA,NA,NA,NA,NA,NA
0,99,All,Daman & Diu & D & N Haveli,2011,0.14395656,0.160424458,NA,NA,NA,NA,NA,NA,NA,NA,NA,NA,NA,NA,NA,NA,NA,NA,NA,NA,NA
1,99,All,Daman & Diu & D & N Haveli,2011,0.52715784,0.573867115,NA,NA,NA,NA,NA,NA,NA,NA,NA,NA,NA,NA,NA,NA,NA,NA,NA,NA,NA
0,0,Rural,Delhi,2022,0.044,0,0.125,0.316,0,0,0.488,0.025,0.005,0.002,0.094,0,0,0,0,0.094,0.25,0.149,0,0.002,0
1,0,Rural,Delhi,2022,0.282,0,0.03,0.397,0,0,0.416,0.037,0,0,0,0,0,0,0,0,0.367,0.149,0,0,0
0,1,Urban,Delhi,2022,0.052,0,0.15,0.172,0.009,0.001,0.409,0.095,0.006,0.002,0.055,0,0.001,0.001,0.005,0.048,0.135,0.037,0.008,0.022,0.006
1,1,Urban,Delhi,2022,0.213,0,0.151,0.4,0,0,0.431,0.157,0,0,0.018,0,0,0.018,0,0,0.4,0.102,0,0.024,0
0,99,All,Delhi,2022,0.052,0,0.15,0.174,0.009,0.001,0.411,0.094,0.006,0.002,0.055,0,0.001,0.001,0.004,0.049,0.137,0.039,0.008,0.022,0.005
1,99,All,Delhi,2022,0.214,0,0.149,0.4,0,0,0.431,0.155,0,0,0.018,0,0,0.018,0,0,0.4,0.102,0,0.024,0
0,1,Urban,Delhi,2011,0.089813918,0,NA,NA,NA,NA,NA,NA,NA,NA,NA,NA,NA,NA,NA,NA,NA,NA,NA,NA,NA
1,1,Urban,Delhi,2011,0.34172508,0,NA,NA,NA,NA,NA,NA,NA,NA,NA,NA,NA,NA,NA,NA,NA,NA,NA,NA,NA
0,2,FALSE,Delhi,2011,0.11421314,0.021909117,NA,NA,NA,NA,NA,NA,NA,NA,NA,NA,NA,NA,NA,NA,NA,NA,NA,NA,NA
1,2,FALSE,Delhi,2011,0.19981964,0.041977529,NA,NA,NA,NA,NA,NA,NA,NA,NA,NA,NA,NA,NA,NA,NA,NA,NA,NA,NA
0,99,All,Delhi,2011,0.11220919,0.020109683,NA,NA,NA,NA,NA,NA,NA,NA,NA,NA,NA,NA,NA,NA,NA,NA,NA,NA,NA
1,99,All,Delhi,2011,0.21295464,0.038092023,NA,NA,NA,NA,NA,NA,NA,NA,NA,NA,NA,NA,NA,NA,NA,NA,NA,NA,NA
0,0,Rural,Goa,2022,0.75,0,0.129,0.269,0,0,0.003,0,0.104,0.012,0,0,0,0,0,0,0.257,0.07,0,0.001,0
1,0,Rural,Goa,2022,0.264,0,0.144,0.505,0,0,0,0,0,0,0,0,0,0,0,0,0.505,0.235,0,0.034,0
0,1,Urban,Goa,2022,0.536,0,0.13,0.187,0,0,0.003,0.003,0.149,0.012,0,0,0,0,0,0,0.183,0.021,0.003,0,0
1,1,Urban,Goa,2022,0,0,0,0,0,0,0,0,0,0,0,0,0,0,0,0,0,0,0,0,0
0,99,All,Goa,2022,0.628,0,0.13,0.222,0,0,0.003,0.002,0.13,0.012,0,0,0,0,0,0,0.215,0.042,0.002,0,0
1,99,All,Goa,2022,0.163,0,0.089,0.311,0,0,0,0,0,0,0,0,0,0,0,0,0.311,0.145,0,0.021,0
0,1,Urban,Goa,2011,0.69074911,0.543213661,NA,NA,NA,NA,NA,NA,NA,NA,NA,NA,NA,NA,NA,NA,NA,NA,NA,NA,NA
1,1,Urban,Goa,2011,0.85919976,0.508909894,NA,NA,NA,NA,NA,NA,NA,NA,NA,NA,NA,NA,NA,NA,NA,NA,NA,NA,NA
0,2,FALSE,Goa,2011,0.4558683,0.265667231,NA,NA,NA,NA,NA,NA,NA,NA,NA,NA,NA,NA,NA,NA,NA,NA,NA,NA,NA
1,2,FALSE,Goa,2011,0.79897094,0.518872812,NA,NA,NA,NA,NA,NA,NA,NA,NA,NA,NA,NA,NA,NA,NA,NA,NA,NA,NA
0,99,All,Goa,2011,0.5655365,0.395256414,NA,NA,NA,NA,NA,NA,NA,NA,NA,NA,NA,NA,NA,NA,NA,NA,NA,NA,NA
1,99,All,Goa,2011,0.83711624,0.512562907,NA,NA,NA,NA,NA,NA,NA,NA,NA,NA,NA,NA,NA,NA,NA,NA,NA,NA,NA
0,0,Rural,Gujarat,2022,0.636,0.002,0.146,0.405,0.002,0.041,0.006,0.123,0.248,0.015,0.014,0,0.003,0,0.01,0.002,0.403,0.029,0.014,0.019,0.001
1,0,Rural,Gujarat,2022,0.728,0,0.217,0.555,0.001,0.022,0.01,0.172,0.201,0.022,0.014,0,0.001,0,0.013,0.002,0.555,0.037,0.022,0.016,0.001
0,1,Urban,Gujarat,2022,0.184,0,0.056,0.12,0.001,0.021,0.01,0.057,0.14,0.019,0.005,0,0.001,0,0.001,0.002,0.117,0.011,0.012,0.012,0.003
1,1,Urban,Gujarat,2022,0.541,0,0.068,0.341,0,0.034,0.01,0.099,0.176,0.033,0.012,0,0,0,0.005,0.007,0.329,0.083,0.012,0.011,0.002
0,99,All,Gujarat,2022,0.431,0.001,0.105,0.276,0.002,0.032,0.008,0.093,0.2,0.017,0.01,0,0.002,0,0.006,0.002,0.273,0.021,0.013,0.016,0.002
1,99,All,Gujarat,2022,0.687,0,0.184,0.508,0.001,0.025,0.01,0.156,0.195,0.025,0.013,0,0.001,0,0.011,0.003,0.505,0.047,0.02,0.015,0.001
0,1,Urban,Gujarat,2011,0.18137637,0.515622722,NA,NA,NA,NA,NA,NA,NA,NA,NA,NA,NA,NA,NA,NA,NA,NA,NA,NA,NA
1,1,Urban,Gujarat,2011,0.4636184,0.743243638,NA,NA,NA,NA,NA,NA,NA,NA,NA,NA,NA,NA,NA,NA,NA,NA,NA,NA,NA
0,2,FALSE,Gujarat,2011,0.030217692,0.042784201,NA,NA,NA,NA,NA,NA,NA,NA,NA,NA,NA,NA,NA,NA,NA,NA,NA,NA,NA
1,2,FALSE,Gujarat,2011,0.16044044,0.257236628,NA,NA,NA,NA,NA,NA,NA,NA,NA,NA,NA,NA,NA,NA,NA,NA,NA,NA,NA
0,99,All,Gujarat,2011,0.094270855,0.243148504,NA,NA,NA,NA,NA,NA,NA,NA,NA,NA,NA,NA,NA,NA,NA,NA,NA,NA,NA
1,99,All,Gujarat,2011,0.38215515,0.612654629,NA,NA,NA,NA,NA,NA,NA,NA,NA,NA,NA,NA,NA,NA,NA,NA,NA,NA,NA
0,0,Rural,Haryana,2022,0.429,0.001,0.246,0.111,0,0.267,0.012,0.06,0.122,0.014,0.02,0,0.015,0,0.002,0.003,0.104,0.016,0.006,0.01,0.005
1,0,Rural,Haryana,2022,0.513,0,0.308,0.29,0.01,0.116,0.002,0.128,0.21,0.023,0.027,0,0.014,0,0.005,0.008,0.273,0.076,0.029,0.016,0.013
0,1,Urban,Haryana,2022,0.188,0,0.125,0.052,0,0.275,0.012,0.023,0.105,0.004,0.001,0,0.001,0,0,0,0.052,0.01,0.005,0.001,0
1,1,Urban,Haryana,2022,0.332,0,0.212,0.218,0,0.256,0.003,0.179,0.063,0,0,0,0,0,0,0,0.211,0.042,0,0,0
0,99,All,Haryana,2022,0.338,0.001,0.2,0.089,0,0.27,0.012,0.046,0.116,0.01,0.013,0,0.01,0,0.001,0.002,0.084,0.014,0.006,0.007,0.003
1,99,All,Haryana,2022,0.462,0,0.281,0.27,0.007,0.155,0.002,0.143,0.169,0.016,0.019,0,0.01,0,0.003,0.006,0.255,0.066,0.021,0.012,0.009
0,1,Urban,Haryana,2011,0.10161627,0.095132667,NA,NA,NA,NA,NA,NA,NA,NA,NA,NA,NA,NA,NA,NA,NA,NA,NA,NA,NA
1,1,Urban,Haryana,2011,0.38383207,0.327317779,NA,NA,NA,NA,NA,NA,NA,NA,NA,NA,NA,NA,NA,NA,NA,NA,NA,NA,NA
0,2,FALSE,Haryana,2011,0.051201209,0.029714417,NA,NA,NA,NA,NA,NA,NA,NA,NA,NA,NA,NA,NA,NA,NA,NA,NA,NA,NA
1,2,FALSE,Haryana,2011,0.27189532,0.11837479,NA,NA,NA,NA,NA,NA,NA,NA,NA,NA,NA,NA,NA,NA,NA,NA,NA,NA,NA
0,99,All,Haryana,2011,0.084684961,0.073162717,NA,NA,NA,NA,NA,NA,NA,NA,NA,NA,NA,NA,NA,NA,NA,NA,NA,NA,NA
1,99,All,Haryana,2011,0.35831854,0.279693772,NA,NA,NA,NA,NA,NA,NA,NA,NA,NA,NA,NA,NA,NA,NA,NA,NA,NA,NA
0,0,Rural,Himachal Pradesh,2022,0.884,0.002,0.062,0.249,0,0.615,0.724,0.015,0.404,0.041,0.013,0.005,0,0.001,0,0.008,0.234,0.008,0.031,0.06,0
1,0,Rural,Himachal Pradesh,2022,0.953,0,0.142,0.59,0.021,0.625,0.817,0.043,0.531,0.037,0.029,0,0,0,0,0.029,0.552,0.075,0.183,0.21,0
0,1,Urban,Himachal Pradesh,2022,0.53,0,0.009,0.094,0.002,0.536,0.512,0.024,0.275,0.022,0.005,0.002,0,0,0,0.002,0.081,0.005,0.014,0.013,0
1,1,Urban,Himachal Pradesh,2022,0.378,0,0.135,0.537,0.083,0.223,0.682,0.026,0.254,0.054,0,0,0,0,0,0,0.537,0.128,0.113,0.262,0.113
0,99,All,Himachal Pradesh,2022,0.847,0.002,0.057,0.233,0,0.607,0.702,0.016,0.391,0.039,0.013,0.004,0,0.001,0,0.007,0.218,0.007,0.03,0.055,0
1,99,All,Himachal Pradesh,2022,0.896,0,0.141,0.585,0.027,0.585,0.804,0.042,0.503,0.038,0.026,0,0,0,0,0.026,0.551,0.081,0.176,0.215,0.011
0,1,Urban,Himachal Pradesh,2011,0.92640865,0.319087478,NA,NA,NA,NA,NA,NA,NA,NA,NA,NA,NA,NA,NA,NA,NA,NA,NA,NA,NA
1,1,Urban,Himachal Pradesh,2011,0.9871068,0.346133711,NA,NA,NA,NA,NA,NA,NA,NA,NA,NA,NA,NA,NA,NA,NA,NA,NA,NA,NA
0,2,FALSE,Himachal Pradesh,2011,0.59907001,0.070262248,NA,NA,NA,NA,NA,NA,NA,NA,NA,NA,NA,NA,NA,NA,NA,NA,NA,NA,NA
1,2,FALSE,Himachal Pradesh,2011,0.7880829,0.248829658,NA,NA,NA,NA,NA,NA,NA,NA,NA,NA,NA,NA,NA,NA,NA,NA,NA,NA,NA
0,99,All,Himachal Pradesh,2011,0.8843174,0.287091969,NA,NA,NA,NA,NA,NA,NA,NA,NA,NA,NA,NA,NA,NA,NA,NA,NA,NA,NA
1,99,All,Himachal Pradesh,2011,0.97465861,0.340047709,NA,NA,NA,NA,NA,NA,NA,NA,NA,NA,NA,NA,NA,NA,NA,NA,NA,NA,NA
0,0,Rural,India,2022,0.446,0.065,0.547,0.283,0.004,0.243,0.176,0.089,0.282,0.022,0.034,0.001,0.002,0.001,0.006,0.025,0.27,0.045,0.072,0.081,0.038
1,0,Rural,India,2022,0.49,0.055,0.575,0.391,0.004,0.148,0.11,0.11,0.246,0.015,0.032,0,0.001,0.001,0.006,0.025,0.374,0.045,0.088,0.095,0.037
0,1,Urban,India,2022,0.31,0.028,0.304,0.126,0.003,0.252,0.178,0.049,0.174,0.015,0.02,0.001,0.001,0.001,0.003,0.015,0.117,0.026,0.033,0.031,0.013
1,1,Urban,India,2022,0.412,0.028,0.435,0.307,0.002,0.262,0.111,0.09,0.22,0.022,0.019,0,0.001,0.002,0.002,0.014,0.296,0.043,0.058,0.057,0.023
0,99,All,India,2022,0.403,0.054,0.469,0.233,0.004,0.246,0.176,0.076,0.247,0.02,0.029,0.001,0.001,0.001,0.005,0.022,0.221,0.039,0.06,0.065,0.03
1,99,All,India,2022,0.477,0.05,0.551,0.377,0.003,0.167,0.11,0.107,0.241,0.016,0.029,0,0.001,0.001,0.005,0.023,0.361,0.044,0.083,0.089,0.035
0,1,Urban,India,2011,0.50584364,0.696167349,NA,NA,NA,NA,NA,NA,NA,NA,NA,NA,NA,NA,NA,NA,NA,NA,NA,NA,NA
1,1,Urban,India,2011,0.53637904,0.821867627,NA,NA,NA,NA,NA,NA,NA,NA,NA,NA,NA,NA,NA,NA,NA,NA,NA,NA,NA
0,2,FALSE,India,2011,0.26772076,0.240827627,NA,NA,NA,NA,NA,NA,NA,NA,NA,NA,NA,NA,NA,NA,NA,NA,NA,NA,NA
1,2,FALSE,India,2011,0.42817044,0.520444004,NA,NA,NA,NA,NA,NA,NA,NA,NA,NA,NA,NA,NA,NA,NA,NA,NA,NA,NA
0,99,All,India,2011,0.40895122,0.510889201,NA,NA,NA,NA,NA,NA,NA,NA,NA,NA,NA,NA,NA,NA,NA,NA,NA,NA,NA
1,99,All,India,2011,0.51509643,0.762583257,NA,NA,NA,NA,NA,NA,NA,NA,NA,NA,NA,NA,NA,NA,NA,NA,NA,NA,NA
0,1,Urban,Jammu & Kashmir,2011,0.93975914,0.633544699,NA,NA,NA,NA,NA,NA,NA,NA,NA,NA,NA,NA,NA,NA,NA,NA,NA,NA,NA
1,1,Urban,Jammu & Kashmir,2011,0.92869675,0.714384371,NA,NA,NA,NA,NA,NA,NA,NA,NA,NA,NA,NA,NA,NA,NA,NA,NA,NA,NA
0,2,FALSE,Jammu & Kashmir,2011,0.86413336,0.312009927,NA,NA,NA,NA,NA,NA,NA,NA,NA,NA,NA,NA,NA,NA,NA,NA,NA,NA,NA
1,2,FALSE,Jammu & Kashmir,2011,0.86249226,0.37130895,NA,NA,NA,NA,NA,NA,NA,NA,NA,NA,NA,NA,NA,NA,NA,NA,NA,NA,NA
0,99,All,Jammu & Kashmir,2011,0.9207474,0.552713253,NA,NA,NA,NA,NA,NA,NA,NA,NA,NA,NA,NA,NA,NA,NA,NA,NA,NA,NA
1,99,All,Jammu & Kashmir,2011,0.9164533,0.650938056,NA,NA,NA,NA,NA,NA,NA,NA,NA,NA,NA,NA,NA,NA,NA,NA,NA,NA,NA
0,0,Rural,Jammu and Kashmir,2022,0.572,0.008,0.411,0.185,0.002,0.39,0.014,0.053,0.762,0.076,0.017,0,0,0,0,0.017,0.174,0.017,0.004,0.06,0.001
1,0,Rural,Jammu and Kashmir,2022,0.697,0,0.6,0.441,0.004,0.185,0.005,0.084,0.622,0.063,0.058,0,0,0,0,0.058,0.428,0.052,0.028,0.142,0.009
0,1,Urban,Jammu and Kashmir,2022,0.42,0.003,0.178,0.025,0.001,0.408,0.015,0.009,0.696,0.046,0.004,0,0.001,0,0,0.003,0.021,0.001,0.001,0.005,0.002
1,1,Urban,Jammu and Kashmir,2022,0.434,0,0.405,0.231,0.008,0.337,0.088,0.046,0.681,0.046,0.008,0,0,0,0,0.008,0.229,0.033,0.03,0.084,0.024
0,99,All,Jammu and Kashmir,2022,0.535,0.007,0.354,0.146,0.002,0.395,0.014,0.042,0.746,0.068,0.014,0,0,0,0,0.014,0.136,0.013,0.003,0.047,0.001
1,99,All,Jammu and Kashmir,2022,0.673,0,0.582,0.422,0.004,0.199,0.012,0.081,0.627,0.062,0.054,0,0,0,0,0.054,0.41,0.05,0.028,0.137,0.011
0,0,Rural,Jharkhand,2022,0.732,0.179,0.204,0.43,0.017,0.128,0.158,0.1,0.088,0.014,0.081,0.002,0,0,0.002,0.078,0.392,0.153,0.285,0.183,0.061
1,0,Rural,Jharkhand,2022,0.725,0.258,0.21,0.491,0.006,0.032,0.23,0.14,0.052,0.005,0.067,0,0,0,0.003,0.064,0.451,0.166,0.319,0.177,0.079
0,1,Urban,Jharkhand,2022,0.334,0.019,0.085,0.093,0.001,0.124,0.193,0.043,0.041,0.007,0.003,0,0,0,0,0.003,0.085,0.018,0.053,0.022,0.004
1,1,Urban,Jharkhand,2022,0.586,0.067,0.112,0.276,0.001,0.083,0.24,0.088,0.043,0.01,0.032,0,0,0,0,0.032,0.256,0.097,0.171,0.098,0.034
0,99,All,Jharkhand,2022,0.633,0.139,0.174,0.346,0.013,0.127,0.167,0.086,0.076,0.012,0.062,0.001,0,0,0.002,0.059,0.316,0.119,0.227,0.143,0.047
1,99,All,Jharkhand,2022,0.711,0.238,0.2,0.468,0.006,0.037,0.231,0.134,0.051,0.005,0.063,0,0,0,0.003,0.061,0.43,0.159,0.304,0.169,0.075
0,1,Urban,Jharkhand,2011,0.24832697,0.550168363,NA,NA,NA,NA,NA,NA,NA,NA,NA,NA,NA,NA,NA,NA,NA,NA,NA,NA,NA
1,1,Urban,Jharkhand,2011,0.36867592,0.672901145,NA,NA,NA,NA,NA,NA,NA,NA,NA,NA,NA,NA,NA,NA,NA,NA,NA,NA,NA
0,2,FALSE,Jharkhand,2011,0.018005243,0.132558061,NA,NA,NA,NA,NA,NA,NA,NA,NA,NA,NA,NA,NA,NA,NA,NA,NA,NA,NA
1,2,FALSE,Jharkhand,2011,0.13195701,0.409973443,NA,NA,NA,NA,NA,NA,NA,NA,NA,NA,NA,NA,NA,NA,NA,NA,NA,NA,NA
0,99,All,Jharkhand,2011,0.13376112,0.342442075,NA,NA,NA,NA,NA,NA,NA,NA,NA,NA,NA,NA,NA,NA,NA,NA,NA,NA,NA
1,99,All,Jharkhand,2011,0.33838353,0.639254886,NA,NA,NA,NA,NA,NA,NA,NA,NA,NA,NA,NA,NA,NA,NA,NA,NA,NA,NA
0,0,Rural,Karnataka,2022,0.031,0.012,0.891,0.367,0.003,0.019,0.095,0.108,0.317,0.013,0.029,0.001,0.001,0,0.003,0.024,0.355,0.016,0.046,0.147,0.108
1,0,Rural,Karnataka,2022,0.044,0,0.843,0.463,0.005,0.005,0.085,0.039,0.127,0.015,0.039,0,0,0,0.003,0.036,0.448,0.022,0.019,0.161,0.082
0,1,Urban,Karnataka,2022,0.032,0.001,0.465,0.136,0,0.003,0.017,0.054,0.136,0.005,0.018,0,0,0,0,0.018,0.123,0.009,0.019,0.053,0.032
1,1,Urban,Karnataka,2022,0.071,0,0.809,0.402,0.008,0,0.029,0.091,0.106,0.011,0.015,0,0.008,0,0,0.007,0.378,0.006,0.026,0.146,0.097
0,99,All,Karnataka,2022,0.031,0.008,0.732,0.281,0.002,0.013,0.066,0.088,0.249,0.01,0.025,0,0.001,0,0.002,0.022,0.269,0.014,0.036,0.112,0.079
1,99,All,Karnataka,2022,0.051,0,0.834,0.447,0.006,0.004,0.07,0.052,0.122,0.014,0.033,0,0.002,0,0.002,0.028,0.43,0.018,0.02,0.157,0.086
0,1,Urban,Karnataka,2011,0.75464231,0.772826537,NA,NA,NA,NA,NA,NA,NA,NA,NA,NA,NA,NA,NA,NA,NA,NA,NA,NA,NA
1,1,Urban,Karnataka,2011,0.79160815,0.857069444,NA,NA,NA,NA,NA,NA,NA,NA,NA,NA,NA,NA,NA,NA,NA,NA,NA,NA,NA
0,2,FALSE,Karnataka,2011,0.27201304,0.195790329,NA,NA,NA,NA,NA,NA,NA,NA,NA,NA,NA,NA,NA,NA,NA,NA,NA,NA,NA
1,2,FALSE,Karnataka,2011,0.65509725,0.548720091,NA,NA,NA,NA,NA,NA,NA,NA,NA,NA,NA,NA,NA,NA,NA,NA,NA,NA,NA
0,99,All,Karnataka,2011,0.56219548,0.54273523,NA,NA,NA,NA,NA,NA,NA,NA,NA,NA,NA,NA,NA,NA,NA,NA,NA,NA,NA
1,99,All,Karnataka,2011,0.753115,0.770121518,NA,NA,NA,NA,NA,NA,NA,NA,NA,NA,NA,NA,NA,NA,NA,NA,NA,NA,NA
0,0,Rural,Kerala,2022,0.856,0.293,0.206,0.262,0.001,0.001,0.007,0.021,0.357,0.046,0.01,0.001,0,0.002,0,0.008,0.244,0.007,0.01,0.085,0
1,0,Rural,Kerala,2022,0.92,0.334,0.302,0.483,0.002,0,0,0.057,0.443,0.047,0.036,0.004,0,0,0,0.033,0.473,0.015,0.018,0.121,0.004
0,1,Urban,Kerala,2022,0.729,0.236,0.143,0.204,0.004,0,0.007,0.027,0.207,0.025,0.006,0.001,0,0,0,0.005,0.189,0.005,0.009,0.056,0
1,1,Urban,Kerala,2022,0.887,0.252,0.288,0.555,0,0,0.006,0.04,0.305,0.05,0.013,0,0.004,0.009,0,0,0.523,0.013,0.023,0.145,0
0,99,All,Kerala,2022,0.797,0.267,0.177,0.235,0.002,0.001,0.007,0.024,0.288,0.036,0.008,0.001,0,0.001,0,0.006,0.219,0.006,0.009,0.072,0
1,99,All,Kerala,2022,0.904,0.295,0.295,0.517,0.001,0,0.003,0.049,0.378,0.048,0.025,0.002,0.002,0.004,0,0.017,0.496,0.014,0.021,0.132,0.002
0,1,Urban,Kerala,2011,0.82725042,0.776627541,NA,NA,NA,NA,NA,NA,NA,NA,NA,NA,NA,NA,NA,NA,NA,NA,NA,NA,NA
1,1,Urban,Kerala,2011,0.92290032,0.822849805,NA,NA,NA,NA,NA,NA,NA,NA,NA,NA,NA,NA,NA,NA,NA,NA,NA,NA,NA
0,2,FALSE,Kerala,2011,0.67688471,0.597932833,NA,NA,NA,NA,NA,NA,NA,NA,NA,NA,NA,NA,NA,NA,NA,NA,NA,NA,NA
1,2,FALSE,Kerala,2011,0.89621788,0.726101325,NA,NA,NA,NA,NA,NA,NA,NA,NA,NA,NA,NA,NA,NA,NA,NA,NA,NA,NA
0,99,All,Kerala,2011,0.78711176,0.728926717,NA,NA,NA,NA,NA,NA,NA,NA,NA,NA,NA,NA,NA,NA,NA,NA,NA,NA,NA
1,99,All,Kerala,2011,0.91601944,0.797900376,NA,NA,NA,NA,NA,NA,NA,NA,NA,NA,NA,NA,NA,NA,NA,NA,NA,NA,NA
0,0,Rural,Ladakh,2022,0.885,0.372,0.283,0.364,0.004,0.927,0.007,0.006,0.674,0.068,0.074,0,0,0,0,0.074,0.36,0.04,0.041,0.127,0.004
1,0,Rural,Ladakh,2022,0.841,0.42,0.387,0.558,0,0.376,0.03,0.008,0.58,0.007,0,0,0,0,0,0,0.558,0.053,0.053,0,0
0,1,Urban,Ladakh,2022,0.796,0.135,0.082,0.11,0,0.726,0.004,0.012,0.706,0.024,0.016,0,0,0,0.003,0.013,0.088,0.017,0.019,0.012,0
1,1,Urban,Ladakh,2022,0.57,0.195,0.244,0.338,0,0.539,0,0,0.777,0,0,0,0,0,0,0,0.338,0,0,0,0
0,99,All,Ladakh,2022,0.872,0.335,0.252,0.325,0.004,0.895,0.007,0.007,0.679,0.061,0.065,0,0,0,0,0.065,0.318,0.036,0.038,0.109,0.004
1,99,All,Ladakh,2022,0.824,0.406,0.379,0.545,0,0.386,0.028,0.008,0.592,0.006,0,0,0,0,0,0,0.545,0.05,0.05,0,0
0,1,Urban,Ladakh,2011,0.98771089,0.860502677,NA,NA,NA,NA,NA,NA,NA,NA,NA,NA,NA,NA,NA,NA,NA,NA,NA,NA,NA
1,1,Urban,Ladakh,2011,1,0.747632057,NA,NA,NA,NA,NA,NA,NA,NA,NA,NA,NA,NA,NA,NA,NA,NA,NA,NA,NA
0,2,FALSE,Ladakh,2011,0.9370895,0.680978278,NA,NA,NA,NA,NA,NA,NA,NA,NA,NA,NA,NA,NA,NA,NA,NA,NA,NA,NA
1,2,FALSE,Ladakh,2011,1,0.365594661,NA,NA,NA,NA,NA,NA,NA,NA,NA,NA,NA,NA,NA,NA,NA,NA,NA,NA,NA
0,99,All,Ladakh,2011,0.97954452,0.831541346,NA,NA,NA,NA,NA,NA,NA,NA,NA,NA,NA,NA,NA,NA,NA,NA,NA,NA,NA
1,99,All,Ladakh,2011,1,0.712673863,NA,NA,NA,NA,NA,NA,NA,NA,NA,NA,NA,NA,NA,NA,NA,NA,NA,NA,NA
0,0,Rural,Lakshadweep,2022,0.815,0.144,0.199,0.598,0.01,0,0,0.061,0.018,0,0.011,0,0,0,0.008,0.004,0.588,0.285,0.15,0.349,0.295
1,0,Rural,Lakshadweep,2022,1,1,0.301,0.742,0,0,0,0,0,0,0,0,0,0,0,0,0.742,0,0,0.742,0.742
0,1,Urban,Lakshadweep,2022,0.899,0,0.103,0.628,0.002,0,0.001,0.025,0.085,0.004,0.038,0,0.003,0,0.013,0.023,0.624,0.287,0.026,0.456,0.298
1,1,Urban,Lakshadweep,2022,0.635,0,0.365,1,0,0,0,0,0.16,0,0,0,0,0,0,0,1,0.16,0.16,1,0.503
0,99,All,Lakshadweep,2022,0.878,0.035,0.126,0.621,0.004,0,0.001,0.034,0.069,0.003,0.032,0,0.002,0,0.011,0.018,0.615,0.286,0.056,0.43,0.297
1,99,All,Lakshadweep,2022,0.72,0.232,0.35,0.94,0,0,0,0,0.123,0,0,0,0,0,0,0,0.94,0.123,0.123,0.94,0.559
0,1,Urban,Lakshadweep,2011,0.98747712,0.985991345,NA,NA,NA,NA,NA,NA,NA,NA,NA,NA,NA,NA,NA,NA,NA,NA,NA,NA,NA
1,1,Urban,Lakshadweep,2011,1,1,NA,NA,NA,NA,NA,NA,NA,NA,NA,NA,NA,NA,NA,NA,NA,NA,NA,NA,NA
0,2,FALSE,Lakshadweep,2011,0.95383877,0.870140408,NA,NA,NA,NA,NA,NA,NA,NA,NA,NA,NA,NA,NA,NA,NA,NA,NA,NA,NA
1,2,FALSE,Lakshadweep,2011,1,0.517129704,NA,NA,NA,NA,NA,NA,NA,NA,NA,NA,NA,NA,NA,NA,NA,NA,NA,NA,NA
0,99,All,Lakshadweep,2011,0.97269142,0.935069151,NA,NA,NA,NA,NA,NA,NA,NA,NA,NA,NA,NA,NA,NA,NA,NA,NA,NA,NA
1,99,All,Lakshadweep,2011,1,0.648731056,NA,NA,NA,NA,NA,NA,NA,NA,NA,NA,NA,NA,NA,NA,NA,NA,NA,NA,NA
0,0,Rural,Madhya Pradesh,2022,0.574,0.015,0.377,0.363,0.001,0.15,0.272,0.106,0.471,0.019,0.019,0,0,0.001,0.007,0.011,0.355,0.011,0.004,0.052,0.006
1,0,Rural,Madhya Pradesh,2022,0.728,0.012,0.259,0.497,0.004,0.056,0.147,0.153,0.452,0.012,0.053,0,0,0.001,0.013,0.042,0.49,0.01,0.005,0.117,0.004
0,1,Urban,Madhya Pradesh,2022,0.308,0.006,0.112,0.117,0.001,0.235,0.16,0.063,0.24,0.017,0.006,0,0,0,0.002,0.004,0.115,0.004,0.003,0.009,0.002
1,1,Urban,Madhya Pradesh,2022,0.564,0.013,0.205,0.314,0.001,0.282,0.19,0.143,0.39,0.016,0.008,0,0,0,0.001,0.006,0.31,0.008,0.003,0.027,0.008
0,99,All,Madhya Pradesh,2022,0.504,0.013,0.307,0.298,0.001,0.172,0.242,0.095,0.41,0.019,0.015,0,0,0,0.006,0.009,0.291,0.009,0.004,0.04,0.005
1,99,All,Madhya Pradesh,2022,0.694,0.012,0.248,0.458,0.003,0.104,0.156,0.151,0.439,0.013,0.043,0,0,0.001,0.011,0.035,0.452,0.01,0.004,0.098,0.005
0,1,Urban,Madhya Pradesh,2011,0.21151483,0.672566789,NA,NA,NA,NA,NA,NA,NA,NA,NA,NA,NA,NA,NA,NA,NA,NA,NA,NA,NA
1,1,Urban,Madhya Pradesh,2011,0.48173308,0.753422232,NA,NA,NA,NA,NA,NA,NA,NA,NA,NA,NA,NA,NA,NA,NA,NA,NA,NA,NA
0,2,FALSE,Madhya Pradesh,2011,0.14812995,0.213748387,NA,NA,NA,NA,NA,NA,NA,NA,NA,NA,NA,NA,NA,NA,NA,NA,NA,NA,NA
1,2,FALSE,Madhya Pradesh,2011,0.43073875,0.505913127,NA,NA,NA,NA,NA,NA,NA,NA,NA,NA,NA,NA,NA,NA,NA,NA,NA,NA,NA
0,99,All,Madhya Pradesh,2011,0.18506841,0.481131448,NA,NA,NA,NA,NA,NA,NA,NA,NA,NA,NA,NA,NA,NA,NA,NA,NA,NA,NA
1,99,All,Madhya Pradesh,2011,0.4720265,0.706309809,NA,NA,NA,NA,NA,NA,NA,NA,NA,NA,NA,NA,NA,NA,NA,NA,NA,NA,NA
0,0,Rural,Maharashtra,2022,0.477,0,0.396,0.255,0.001,0.274,0.013,0.093,0.081,0.012,0.015,0.005,0,0,0.002,0.009,0.245,0.014,0.01,0.053,0.005
1,0,Rural,Maharashtra,2022,0.628,0.001,0.411,0.464,0.003,0.325,0.021,0.139,0.085,0.008,0.01,0,0,0,0.002,0.008,0.449,0.014,0.013,0.126,0.005
0,1,Urban,Maharashtra,2022,0.234,0,0.119,0.091,0,0.14,0.012,0.041,0.015,0.006,0.012,0.008,0.001,0,0,0.004,0.089,0.014,0.015,0.009,0.002
1,1,Urban,Maharashtra,2022,0.446,0,0.268,0.327,0.002,0.363,0.023,0.087,0.057,0.013,0.014,0,0,0,0,0.014,0.32,0.017,0.031,0.041,0.003
0,99,All,Maharashtra,2022,0.363,0,0.267,0.178,0.001,0.211,0.013,0.068,0.05,0.009,0.014,0.006,0,0,0.001,0.006,0.172,0.014,0.013,0.032,0.004
1,99,All,Maharashtra,2022,0.574,0.001,0.369,0.424,0.003,0.336,0.022,0.124,0.077,0.01,0.011,0,0,0,0.001,0.01,0.411,0.015,0.018,0.101,0.004
0,1,Urban,Maharashtra,2011,0.34707111,0.566427197,NA,NA,NA,NA,NA,NA,NA,NA,NA,NA,NA,NA,NA,NA,NA,NA,NA,NA,NA
1,1,Urban,Maharashtra,2011,0.57732415,0.734720706,NA,NA,NA,NA,NA,NA,NA,NA,NA,NA,NA,NA,NA,NA,NA,NA,NA,NA,NA
0,2,FALSE,Maharashtra,2011,0.065620191,0.146961624,NA,NA,NA,NA,NA,NA,NA,NA,NA,NA,NA,NA,NA,NA,NA,NA,NA,NA,NA
1,2,FALSE,Maharashtra,2011,0.28525776,0.345162717,NA,NA,NA,NA,NA,NA,NA,NA,NA,NA,NA,NA,NA,NA,NA,NA,NA,NA,NA
0,99,All,Maharashtra,2011,0.17931224,0.316404679,NA,NA,NA,NA,NA,NA,NA,NA,NA,NA,NA,NA,NA,NA,NA,NA,NA,NA,NA
1,99,All,Maharashtra,2011,0.48727709,0.614616005,NA,NA,NA,NA,NA,NA,NA,NA,NA,NA,NA,NA,NA,NA,NA,NA,NA,NA,NA
0,0,Rural,Manipur,2022,0.747,0,0.081,0.064,0.001,0.224,0.018,0.016,0.174,0.014,0.003,0,0,0,0,0.003,0.06,0.008,0.023,0.01,0.001
1,0,Rural,Manipur,2022,0.887,0.002,0.116,0.217,0.001,0.1,0.03,0.066,0.177,0.009,0.003,0,0,0,0,0.003,0.21,0.041,0.045,0.033,0.001
0,1,Urban,Manipur,2022,0.641,0.001,0.129,0.022,0.001,0.207,0.005,0.011,0.151,0.014,0.003,0,0,0,0,0.003,0.019,0.001,0.007,0.005,0.001
1,1,Urban,Manipur,2022,0.813,0.007,0.315,0.099,0,0.105,0.011,0.021,0.168,0.006,0.001,0,0,0,0,0.001,0.098,0.007,0.023,0.004,0
0,99,All,Manipur,2022,0.716,0,0.095,0.052,0.001,0.219,0.014,0.015,0.167,0.014,0.003,0,0,0,0,0.003,0.048,0.006,0.018,0.009,0.001
1,99,All,Manipur,2022,0.871,0.003,0.16,0.19,0.001,0.101,0.026,0.056,0.175,0.008,0.002,0,0,0,0,0.002,0.185,0.033,0.04,0.026,0.001
0,1,Urban,Manipur,2011,0.18768491,0.404328963,NA,NA,NA,NA,NA,NA,NA,NA,NA,NA,NA,NA,NA,NA,NA,NA,NA,NA,NA
1,1,Urban,Manipur,2011,0.091025971,0.34701191,NA,NA,NA,NA,NA,NA,NA,NA,NA,NA,NA,NA,NA,NA,NA,NA,NA,NA,NA
0,2,FALSE,Manipur,2011,0.047220282,0.232280483,NA,NA,NA,NA,NA,NA,NA,NA,NA,NA,NA,NA,NA,NA,NA,NA,NA,NA,NA
1,2,FALSE,Manipur,2011,0.073692255,0.318128999,NA,NA,NA,NA,NA,NA,NA,NA,NA,NA,NA,NA,NA,NA,NA,NA,NA,NA,NA
0,99,All,Manipur,2011,0.15379925,0.362824026,NA,NA,NA,NA,NA,NA,NA,NA,NA,NA,NA,NA,NA,NA,NA,NA,NA,NA,NA
1,99,All,Manipur,2011,0.086223125,0.339008995,NA,NA,NA,NA,NA,NA,NA,NA,NA,NA,NA,NA,NA,NA,NA,NA,NA,NA,NA
0,0,Rural,Meghalaya,2022,0.701,0.05,0.092,0.249,0,0.028,0.017,0.041,0.303,0.017,0.054,0,0.008,0,0,0.046,0.242,0.056,0.014,0.096,0.004
1,0,Rural,Meghalaya,2022,0.796,0.098,0.213,0.48,0.002,0.012,0.04,0.041,0.28,0.022,0.017,0,0.003,0,0,0.014,0.472,0.072,0.038,0.122,0.052
0,1,Urban,Meghalaya,2022,0.434,0.009,0.012,0.051,0,0.055,0.009,0.055,0.322,0.032,0.024,0.003,0.015,0,0,0.005,0.051,0.003,0.002,0.007,0.001
1,1,Urban,Meghalaya,2022,0.756,0.159,0.041,0.167,0,0.04,0,0,0.184,0.061,0.015,0,0,0,0,0.015,0.152,0.028,0.018,0.02,0.005
0,99,All,Meghalaya,2022,0.649,0.042,0.076,0.21,0,0.033,0.015,0.043,0.306,0.02,0.048,0.001,0.009,0,0,0.038,0.205,0.046,0.011,0.079,0.004
1,99,All,Meghalaya,2022,0.794,0.101,0.205,0.466,0.001,0.013,0.039,0.039,0.276,0.024,0.017,0,0.003,0,0,0.014,0.458,0.07,0.037,0.118,0.05
0,1,Urban,Meghalaya,2011,0.61745596,0.45171822,NA,NA,NA,NA,NA,NA,NA,NA,NA,NA,NA,NA,NA,NA,NA,NA,NA,NA,NA
1,1,Urban,Meghalaya,2011,0.85888267,0.657006595,NA,NA,NA,NA,NA,NA,NA,NA,NA,NA,NA,NA,NA,NA,NA,NA,NA,NA,NA
0,2,FALSE,Meghalaya,2011,0.35616189,0.040886013,NA,NA,NA,NA,NA,NA,NA,NA,NA,NA,NA,NA,NA,NA,NA,NA,NA,NA,NA
1,2,FALSE,Meghalaya,2011,0.47464558,0.245582442,NA,NA,NA,NA,NA,NA,NA,NA,NA,NA,NA,NA,NA,NA,NA,NA,NA,NA,NA
0,99,All,Meghalaya,2011,0.52802044,0.311098929,NA,NA,NA,NA,NA,NA,NA,NA,NA,NA,NA,NA,NA,NA,NA,NA,NA,NA,NA
1,99,All,Meghalaya,2011,0.82022488,0.61561352,NA,NA,NA,NA,NA,NA,NA,NA,NA,NA,NA,NA,NA,NA,NA,NA,NA,NA,NA
0,0,Rural,Mizoram,2022,0.882,0.081,0.161,0.185,0,0.687,0.008,0.04,0.004,0.003,0.007,0,0,0,0,0.007,0.182,0.032,0.023,0.005,0
1,0,Rural,Mizoram,2022,0.944,0.126,0.114,0.253,0,0.579,0.008,0.005,0.029,0.019,0,0,0,0,0,0,0.239,0.062,0.068,0,0
0,1,Urban,Mizoram,2022,0.942,0.047,0.1,0.05,0,0.727,0.007,0.076,0.02,0.006,0.001,0,0,0,0,0.001,0.046,0.004,0.005,0.002,0.002
1,1,Urban,Mizoram,2022,0.958,0.068,0.06,0.125,0,0.872,0,0,0.038,0.038,0.02,0,0,0,0,0.02,0.125,0.011,0.022,0.012,0
0,99,All,Mizoram,2022,0.91,0.065,0.132,0.121,0,0.706,0.007,0.057,0.012,0.004,0.004,0,0,0,0,0.004,0.118,0.019,0.014,0.003,0.001
1,99,All,Mizoram,2022,0.947,0.114,0.103,0.227,0,0.638,0.007,0.004,0.031,0.023,0.004,0,0,0,0,0.004,0.216,0.052,0.059,0.002,0
0,1,Urban,Mizoram,2011,0.98746693,0.471809537,NA,NA,NA,NA,NA,NA,NA,NA,NA,NA,NA,NA,NA,NA,NA,NA,NA,NA,NA
1,1,Urban,Mizoram,2011,0.98100072,0.482370756,NA,NA,NA,NA,NA,NA,NA,NA,NA,NA,NA,NA,NA,NA,NA,NA,NA,NA,NA
0,2,FALSE,Mizoram,2011,0.94483525,0.416789322,NA,NA,NA,NA,NA,NA,NA,NA,NA,NA,NA,NA,NA,NA,NA,NA,NA,NA,NA
1,2,FALSE,Mizoram,2011,0.96833313,0.37457001,NA,NA,NA,NA,NA,NA,NA,NA,NA,NA,NA,NA,NA,NA,NA,NA,NA,NA,NA
0,99,All,Mizoram,2011,0.96290076,0.440104554,NA,NA,NA,NA,NA,NA,NA,NA,NA,NA,NA,NA,NA,NA,NA,NA,NA,NA,NA
1,99,All,Mizoram,2011,0.97697836,0.448140763,NA,NA,NA,NA,NA,NA,NA,NA,NA,NA,NA,NA,NA,NA,NA,NA,NA,NA,NA
0,0,Rural,Nagaland,2022,0.484,0,0.477,0.196,0,0.08,0.001,0.001,0.3,0.008,0,0,0,0,0,0,0.184,0.015,0.027,0.006,0
1,0,Rural,Nagaland,2022,0.478,0,0.341,0.47,0.001,0.05,0.001,0,0.334,0.013,0.046,0,0,0,0,0.046,0.45,0.042,0.082,0.045,0
0,1,Urban,Nagaland,2022,0.391,0.005,0.415,0.064,0,0.146,0.005,0.005,0.173,0.013,0.003,0,0,0,0,0.003,0.06,0,0.01,0.004,0.002
1,1,Urban,Nagaland,2022,0.356,0,0.242,0.246,0,0.174,0.007,0,0.12,0.017,0.005,0,0,0,0,0.005,0.234,0.005,0,0,0
0,99,All,Nagaland,2022,0.454,0.002,0.457,0.153,0,0.101,0.002,0.002,0.26,0.01,0.001,0,0,0,0,0.001,0.144,0.01,0.022,0.005,0.001
1,99,All,Nagaland,2022,0.469,0,0.333,0.453,0.001,0.059,0.002,0,0.318,0.013,0.043,0,0,0,0,0.043,0.434,0.039,0.076,0.042,0
0,1,Urban,Nagaland,2011,0.17923786,0.077162832,NA,NA,NA,NA,NA,NA,NA,NA,NA,NA,NA,NA,NA,NA,NA,NA,NA,NA,NA
1,1,Urban,Nagaland,2011,0.15748121,0.072199664,NA,NA,NA,NA,NA,NA,NA,NA,NA,NA,NA,NA,NA,NA,NA,NA,NA,NA,NA
0,2,FALSE,Nagaland,2011,0.039725851,0.000618856,NA,NA,NA,NA,NA,NA,NA,NA,NA,NA,NA,NA,NA,NA,NA,NA,NA,NA,NA
1,2,FALSE,Nagaland,2011,0.19044155,0.065213267,NA,NA,NA,NA,NA,NA,NA,NA,NA,NA,NA,NA,NA,NA,NA,NA,NA,NA,NA
0,99,All,Nagaland,2011,0.12460599,0.047188779,NA,NA,NA,NA,NA,NA,NA,NA,NA,NA,NA,NA,NA,NA,NA,NA,NA,NA,NA
1,99,All,Nagaland,2011,0.16833816,0.069898383,NA,NA,NA,NA,NA,NA,NA,NA,NA,NA,NA,NA,NA,NA,NA,NA,NA,NA,NA
0,0,Rural,Odisha,2022,0.529,0.083,0.415,0.385,0.005,0.259,0.025,0.054,0.591,0.024,0.062,0,0,0,0.025,0.039,0.366,0.007,0.007,0.244,0.234
1,0,Rural,Odisha,2022,0.743,0.076,0.361,0.522,0.008,0.077,0.025,0.044,0.629,0.016,0.042,0,0,0.001,0.012,0.029,0.498,0.007,0.018,0.2,0.183
0,1,Urban,Odisha,2022,0.31,0.01,0.185,0.179,0.001,0.437,0.016,0.031,0.27,0.013,0.022,0,0,0,0.004,0.019,0.164,0.001,0.004,0.098,0.093
1,1,Urban,Odisha,2022,0.636,0.029,0.32,0.431,0,0.206,0.01,0.035,0.505,0.021,0.025,0,0,0,0.005,0.02,0.407,0.004,0.016,0.186,0.175
0,99,All,Odisha,2022,0.49,0.07,0.374,0.348,0.005,0.29,0.023,0.05,0.534,0.022,0.055,0,0,0,0.022,0.035,0.33,0.006,0.006,0.218,0.209
1,99,All,Odisha,2022,0.733,0.071,0.357,0.513,0.008,0.089,0.023,0.043,0.618,0.016,0.041,0,0,0,0.012,0.028,0.489,0.007,0.018,0.199,0.183
0,1,Urban,Odisha,2011,0.55644029,0.73985681,NA,NA,NA,NA,NA,NA,NA,NA,NA,NA,NA,NA,NA,NA,NA,NA,NA,NA,NA
1,1,Urban,Odisha,2011,0.71021163,0.820004618,NA,NA,NA,NA,NA,NA,NA,NA,NA,NA,NA,NA,NA,NA,NA,NA,NA,NA,NA
0,2,FALSE,Odisha,2011,0.18937263,0.244197852,NA,NA,NA,NA,NA,NA,NA,NA,NA,NA,NA,NA,NA,NA,NA,NA,NA,NA,NA
1,2,FALSE,Odisha,2011,0.49882486,0.610263469,NA,NA,NA,NA,NA,NA,NA,NA,NA,NA,NA,NA,NA,NA,NA,NA,NA,NA,NA
0,99,All,Odisha,2011,0.45485637,0.602685985,NA,NA,NA,NA,NA,NA,NA,NA,NA,NA,NA,NA,NA,NA,NA,NA,NA,NA,NA
1,99,All,Odisha,2011,0.6876387,0.797607384,NA,NA,NA,NA,NA,NA,NA,NA,NA,NA,NA,NA,NA,NA,NA,NA,NA,NA,NA
0,0,Rural,Puducherry,2022,0.202,0,0.34,0.267,0,0.902,0.048,0.009,0.08,0,0.011,0,0,0,0.004,0.008,0.252,0.032,0.004,0.034,0.007
1,0,Rural,Puducherry,2022,0.242,0,0.645,0.791,0,0.906,0.242,0,0.075,0,0.292,0,0,0,0.179,0.292,0.791,0.179,0,0.292,0
0,1,Urban,Puducherry,2022,0.099,0,0.126,0.148,0,0.874,0.024,0.016,0.055,0.003,0.019,0.005,0,0,0.005,0.017,0.143,0.016,0.008,0.022,0.004
1,1,Urban,Puducherry,2022,0.162,0,0.473,0.379,0,0.299,0,0,0.132,0,0,0,0,0,0,0,0.379,0,0,0.078,0
0,99,All,Puducherry,2022,0.134,0,0.199,0.188,0,0.884,0.032,0.013,0.064,0.002,0.016,0.003,0,0,0.004,0.014,0.18,0.021,0.006,0.026,0.005
1,99,All,Puducherry,2022,0.179,0,0.509,0.464,0,0.424,0.05,0,0.121,0,0.06,0,0,0,0.037,0.06,0.464,0.037,0,0.123,0
0,1,Urban,Puducherry,2011,0.79658914,0.355455999,NA,NA,NA,NA,NA,NA,NA,NA,NA,NA,NA,NA,NA,NA,NA,NA,NA,NA,NA
1,1,Urban,Puducherry,2011,0.80083573,0.179009771,NA,NA,NA,NA,NA,NA,NA,NA,NA,NA,NA,NA,NA,NA,NA,NA,NA,NA,NA
0,2,FALSE,Puducherry,2011,0.80949521,0.212813992,NA,NA,NA,NA,NA,NA,NA,NA,NA,NA,NA,NA,NA,NA,NA,NA,NA,NA,NA
1,2,FALSE,Puducherry,2011,0.90751237,0.3720565,NA,NA,NA,NA,NA,NA,NA,NA,NA,NA,NA,NA,NA,NA,NA,NA,NA,NA,NA
0,99,All,Puducherry,2011,0.80511379,0.261238757,NA,NA,NA,NA,NA,NA,NA,NA,NA,NA,NA,NA,NA,NA,NA,NA,NA,NA,NA
1,99,All,Puducherry,2011,0.85197091,0.271546276,NA,NA,NA,NA,NA,NA,NA,NA,NA,NA,NA,NA,NA,NA,NA,NA,NA,NA,NA
0,0,Rural,Punjab,2022,0.395,0,0.193,0.226,0.001,0.451,0.784,0.077,0.126,0.012,0.009,0,0,0.001,0,0.008,0.199,0.018,0.083,0.057,0.042
1,0,Rural,Punjab,2022,0.443,0.022,0.262,0.421,0.003,0.31,0.78,0.129,0.112,0.009,0.031,0,0,0,0.004,0.026,0.384,0.042,0.091,0.084,0.053
0,1,Urban,Punjab,2022,0.185,0,0.146,0.109,0.001,0.439,0.703,0.018,0.052,0.008,0.001,0,0,0,0,0.001,0.101,0.003,0.032,0.012,0.006
1,1,Urban,Punjab,2022,0.272,0,0.215,0.285,0.004,0.352,0.705,0.03,0.082,0.022,0.005,0,0,0,0,0.005,0.285,0.051,0.05,0.021,0.005
0,99,All,Punjab,2022,0.321,0,0.176,0.184,0.001,0.447,0.755,0.056,0.1,0.011,0.006,0,0,0.001,0,0.006,0.164,0.013,0.065,0.041,0.029
1,99,All,Punjab,2022,0.381,0.014,0.245,0.372,0.003,0.325,0.753,0.093,0.101,0.014,0.021,0,0,0,0.003,0.019,0.348,0.045,0.076,0.061,0.036
0,1,Urban,Punjab,2011,0.14439753,0.139793848,NA,NA,NA,NA,NA,NA,NA,NA,NA,NA,NA,NA,NA,NA,NA,NA,NA,NA,NA
1,1,Urban,Punjab,2011,0.42386281,0.274682579,NA,NA,NA,NA,NA,NA,NA,NA,NA,NA,NA,NA,NA,NA,NA,NA,NA,NA,NA
0,2,FALSE,Punjab,2011,0.03945883,0.019813741,NA,NA,NA,NA,NA,NA,NA,NA,NA,NA,NA,NA,NA,NA,NA,NA,NA,NA,NA
1,2,FALSE,Punjab,2011,0.19916701,0.105167312,NA,NA,NA,NA,NA,NA,NA,NA,NA,NA,NA,NA,NA,NA,NA,NA,NA,NA,NA
0,99,All,Punjab,2011,0.10511162,0.094876894,NA,NA,NA,NA,NA,NA,NA,NA,NA,NA,NA,NA,NA,NA,NA,NA,NA,NA,NA
1,99,All,Punjab,2011,0.34430781,0.21466459,NA,NA,NA,NA,NA,NA,NA,NA,NA,NA,NA,NA,NA,NA,NA,NA,NA,NA,NA
0,0,Rural,Rajasthan,2022,0.406,0,0.429,0.372,0.001,0.06,0.752,0.167,0.327,0.068,0.01,0,0,0,0.007,0.003,0.361,0.008,0.002,0.076,0.002
1,0,Rural,Rajasthan,2022,0.407,0,0.602,0.533,0.003,0.071,0.782,0.11,0.465,0.062,0.01,0,0,0,0.009,0,0.517,0.005,0.002,0.092,0.005
0,1,Urban,Rajasthan,2022,0.218,0,0.178,0.102,0,0.058,0.642,0.062,0.239,0.05,0.003,0,0,0,0.002,0.001,0.099,0.002,0.002,0.011,0
1,1,Urban,Rajasthan,2022,0.345,0,0.404,0.286,0.004,0.097,0.568,0.145,0.32,0.06,0.009,0,0,0,0.002,0.007,0.277,0.014,0.02,0.05,0
0,99,All,Rajasthan,2022,0.356,0,0.362,0.299,0.001,0.059,0.723,0.139,0.304,0.063,0.008,0,0,0,0.006,0.002,0.291,0.007,0.002,0.059,0.001
1,99,All,Rajasthan,2022,0.398,0,0.573,0.497,0.003,0.075,0.75,0.115,0.443,0.062,0.01,0,0,0,0.008,0.001,0.482,0.006,0.005,0.086,0.004
0,1,Urban,Rajasthan,2011,0.1932527,0.727058549,NA,NA,NA,NA,NA,NA,NA,NA,NA,NA,NA,NA,NA,NA,NA,NA,NA,NA,NA
1,1,Urban,Rajasthan,2011,0.34994859,0.84265042,NA,NA,NA,NA,NA,NA,NA,NA,NA,NA,NA,NA,NA,NA,NA,NA,NA,NA,NA
0,2,FALSE,Rajasthan,2011,0.13077262,0.118039274,NA,NA,NA,NA,NA,NA,NA,NA,NA,NA,NA,NA,NA,NA,NA,NA,NA,NA,NA
1,2,FALSE,Rajasthan,2011,0.32640183,0.420077644,NA,NA,NA,NA,NA,NA,NA,NA,NA,NA,NA,NA,NA,NA,NA,NA,NA,NA,NA
0,99,All,Rajasthan,2011,0.17431265,0.542442106,NA,NA,NA,NA,NA,NA,NA,NA,NA,NA,NA,NA,NA,NA,NA,NA,NA,NA,NA
1,99,All,Rajasthan,2011,0.34591857,0.770327034,NA,NA,NA,NA,NA,NA,NA,NA,NA,NA,NA,NA,NA,NA,NA,NA,NA,NA,NA
0,0,Rural,Sikkim,2022,0.505,0.001,0.443,0.227,0.001,0.336,0.244,0,0.029,0.011,0.004,0.004,0,0,0,0,0.224,0.002,0.034,0.002,0.001
1,0,Rural,Sikkim,2022,0.728,0,0.306,0.405,0,0.358,0.537,0,0,0,0,0,0,0,0,0,0.405,0,0,0,0
0,1,Urban,Sikkim,2022,0.245,0,0.104,0.115,0,0.266,0.016,0.001,0.005,0.004,0.007,0,0,0,0,0.007,0.115,0,0.011,0,0
1,1,Urban,Sikkim,2022,0.484,0,0.108,0,0,0.13,0,0,0,0,0,0,0,0,0,0,0,0,0,0,0
0,99,All,Sikkim,2022,0.433,0.001,0.349,0.196,0.001,0.317,0.182,0,0.022,0.009,0.005,0.003,0,0,0,0.002,0.194,0.001,0.028,0.002,0.001
1,99,All,Sikkim,2022,0.694,0,0.278,0.348,0,0.326,0.461,0,0,0,0,0,0,0,0,0,0.348,0,0,0,0
0,1,Urban,Sikkim,2011,0.69091684,0.500304363,NA,NA,NA,NA,NA,NA,NA,NA,NA,NA,NA,NA,NA,NA,NA,NA,NA,NA,NA
1,1,Urban,Sikkim,2011,0.84623665,0.716762914,NA,NA,NA,NA,NA,NA,NA,NA,NA,NA,NA,NA,NA,NA,NA,NA,NA,NA,NA
0,2,FALSE,Sikkim,2011,0.54515463,0.044032739,NA,NA,NA,NA,NA,NA,NA,NA,NA,NA,NA,NA,NA,NA,NA,NA,NA,NA,NA
1,2,FALSE,Sikkim,2011,0.61234397,0.101565046,NA,NA,NA,NA,NA,NA,NA,NA,NA,NA,NA,NA,NA,NA,NA,NA,NA,NA,NA
0,99,All,Sikkim,2011,0.64724863,0.363612122,NA,NA,NA,NA,NA,NA,NA,NA,NA,NA,NA,NA,NA,NA,NA,NA,NA,NA,NA
1,99,All,Sikkim,2011,0.81997979,0.647700655,NA,NA,NA,NA,NA,NA,NA,NA,NA,NA,NA,NA,NA,NA,NA,NA,NA,NA,NA
0,0,Rural,Tamil Nadu,2022,0.946,0.386,0.745,0.337,0.042,0.321,0.841,0.029,0.196,0.025,0.117,0.005,0,0.001,0.015,0.104,0.31,0.183,0.212,0.197,0.094
1,0,Rural,Tamil Nadu,2022,0.959,0.515,0.591,0.527,0.017,0.222,0.684,0.017,0.154,0.011,0.105,0.005,0,0,0.016,0.093,0.514,0.329,0.403,0.172,0.111
0,1,Urban,Tamil Nadu,2022,0.836,0.114,0.663,0.172,0.017,0.359,0.807,0.021,0.102,0.012,0.053,0.002,0,0.002,0.007,0.044,0.149,0.086,0.106,0.085,0.038
1,1,Urban,Tamil Nadu,2022,0.888,0.248,0.56,0.34,0.004,0.299,0.672,0.023,0.113,0.011,0.056,0.004,0,0,0.019,0.047,0.313,0.194,0.23,0.131,0.075
0,99,All,Tamil Nadu,2022,0.895,0.26,0.707,0.261,0.03,0.339,0.825,0.025,0.153,0.019,0.087,0.003,0,0.001,0.011,0.076,0.236,0.138,0.163,0.145,0.068
1,99,All,Tamil Nadu,2022,0.935,0.424,0.58,0.463,0.013,0.248,0.68,0.019,0.14,0.011,0.088,0.005,0,0,0.017,0.077,0.445,0.283,0.344,0.158,0.099
0,1,Urban,Tamil Nadu,2011,0.96024573,0.736933049,NA,NA,NA,NA,NA,NA,NA,NA,NA,NA,NA,NA,NA,NA,NA,NA,NA,NA,NA
1,1,Urban,Tamil Nadu,2011,0.97866309,0.832334797,NA,NA,NA,NA,NA,NA,NA,NA,NA,NA,NA,NA,NA,NA,NA,NA,NA,NA,NA
0,2,FALSE,Tamil Nadu,2011,0.85953856,0.328647278,NA,NA,NA,NA,NA,NA,NA,NA,NA,NA,NA,NA,NA,NA,NA,NA,NA,NA,NA
1,2,FALSE,Tamil Nadu,2011,0.92936498,0.615535173,NA,NA,NA,NA,NA,NA,NA,NA,NA,NA,NA,NA,NA,NA,NA,NA,NA,NA,NA
0,99,All,Tamil Nadu,2011,0.91069049,0.536026691,NA,NA,NA,NA,NA,NA,NA,NA,NA,NA,NA,NA,NA,NA,NA,NA,NA,NA,NA
1,99,All,Tamil Nadu,2011,0.96081525,0.753844777,NA,NA,NA,NA,NA,NA,NA,NA,NA,NA,NA,NA,NA,NA,NA,NA,NA,NA,NA
0,0,Rural,Telangana,2022,0.245,0,0.703,0.26,0.002,0.718,0.037,0.133,0.243,0.016,0.097,0,0,0,0,0.097,0.25,0.034,0.03,0.07,0.02
1,0,Rural,Telangana,2022,0.312,0,0.689,0.394,0.011,0.527,0.051,0.097,0.273,0.013,0.048,0,0,0,0,0.048,0.387,0.016,0.017,0.064,0.012
0,1,Urban,Telangana,2022,0.162,0,0.379,0.08,0.001,0.653,0.01,0.066,0.181,0.008,0.053,0,0,0,0,0.053,0.071,0.007,0.007,0.019,0.003
1,1,Urban,Telangana,2022,0.149,0,0.669,0.297,0,0.739,0.004,0.119,0.224,0.01,0.05,0,0,0,0,0.05,0.285,0.017,0.019,0.021,0
0,99,All,Telangana,2022,0.207,0,0.555,0.178,0.002,0.689,0.025,0.102,0.214,0.012,0.077,0,0,0,0,0.077,0.168,0.022,0.019,0.047,0.013
1,99,All,Telangana,2022,0.265,0,0.683,0.366,0.008,0.588,0.037,0.104,0.259,0.012,0.048,0,0,0,0,0.048,0.358,0.016,0.017,0.051,0.008
0,1,Urban,Telangana,2011,0.87822151,0.732947817,NA,NA,NA,NA,NA,NA,NA,NA,NA,NA,NA,NA,NA,NA,NA,NA,NA,NA,NA
1,1,Urban,Telangana,2011,0.95028722,0.897452935,NA,NA,NA,NA,NA,NA,NA,NA,NA,NA,NA,NA,NA,NA,NA,NA,NA,NA,NA
0,2,FALSE,Telangana,2011,0.40657812,0.243573368,NA,NA,NA,NA,NA,NA,NA,NA,NA,NA,NA,NA,NA,NA,NA,NA,NA,NA,NA
1,2,FALSE,Telangana,2011,0.68214613,0.512858728,NA,NA,NA,NA,NA,NA,NA,NA,NA,NA,NA,NA,NA,NA,NA,NA,NA,NA,NA
0,99,All,Telangana,2011,0.65238327,0.498619364,NA,NA,NA,NA,NA,NA,NA,NA,NA,NA,NA,NA,NA,NA,NA,NA,NA,NA,NA
1,99,All,Telangana,2011,0.87779218,0.793473468,NA,NA,NA,NA,NA,NA,NA,NA,NA,NA,NA,NA,NA,NA,NA,NA,NA,NA,NA
0,0,Rural,Tripura,2022,0.975,0.521,0.616,0.39,0,0.08,0.009,0.052,0.405,0.036,0.004,0,0,0,0.004,0.001,0.389,0.017,0.036,0.001,0
1,0,Rural,Tripura,2022,0.938,0.781,0.67,0.538,0,0.031,0.007,0.018,0.456,0.044,0,0,0,0,0,0,0.538,0,0.009,0,0
0,1,Urban,Tripura,2022,0.936,0.275,0.434,0.268,0,0.112,0.009,0.036,0.306,0.023,0.005,0,0,0,0.004,0.001,0.268,0.004,0.02,0,0
1,1,Urban,Tripura,2022,0.877,0.644,0.712,0.171,0,0,0,0,0.488,0.035,0,0,0,0,0,0,0.171,0,0,0,0
0,99,All,Tripura,2022,0.967,0.468,0.576,0.364,0,0.087,0.009,0.049,0.383,0.033,0.004,0,0,0,0.004,0.001,0.363,0.014,0.033,0.001,0
1,99,All,Tripura,2022,0.935,0.773,0.672,0.517,0,0.029,0.006,0.017,0.458,0.043,0,0,0,0,0,0,0.517,0,0.009,0,0
0,1,Urban,Tripura,2011,0.96841484,0.971776578,NA,NA,NA,NA,NA,NA,NA,NA,NA,NA,NA,NA,NA,NA,NA,NA,NA,NA,NA
1,1,Urban,Tripura,2011,0.96830118,0.971581239,NA,NA,NA,NA,NA,NA,NA,NA,NA,NA,NA,NA,NA,NA,NA,NA,NA,NA,NA
0,2,FALSE,Tripura,2011,0.82887036,0.663339638,NA,NA,NA,NA,NA,NA,NA,NA,NA,NA,NA,NA,NA,NA,NA,NA,NA,NA,NA
1,2,FALSE,Tripura,2011,0.90215427,0.889561362,NA,NA,NA,NA,NA,NA,NA,NA,NA,NA,NA,NA,NA,NA,NA,NA,NA,NA,NA
0,99,All,Tripura,2011,0.93997395,0.90891324,NA,NA,NA,NA,NA,NA,NA,NA,NA,NA,NA,NA,NA,NA,NA,NA,NA,NA,NA
1,99,All,Tripura,2011,0.96028668,0.961643543,NA,NA,NA,NA,NA,NA,NA,NA,NA,NA,NA,NA,NA,NA,NA,NA,NA,NA,NA
0,0,Rural,Uttar Pradesh,2022,0.312,0,0.621,0.186,0.001,0.224,0.011,0.097,0.055,0.005,0.01,0,0.001,0.003,0,0.006,0.178,0.021,0.11,0.017,0.015
1,0,Rural,Uttar Pradesh,2022,0.311,0.001,0.741,0.297,0.001,0.159,0.015,0.138,0.059,0.002,0.012,0,0,0.003,0,0.009,0.28,0.028,0.162,0.025,0.019
0,1,Urban,Uttar Pradesh,2022,0.215,0,0.354,0.041,0,0.285,0.013,0.041,0.042,0.004,0.004,0,0.001,0.002,0,0.001,0.036,0.007,0.023,0.002,0
1,1,Urban,Uttar Pradesh,2022,0.307,0,0.578,0.123,0.001,0.242,0.01,0.052,0.057,0.004,0.007,0.001,0.001,0.002,0,0.003,0.114,0.01,0.063,0.004,0.003
0,99,All,Uttar Pradesh,2022,0.29,0,0.56,0.153,0.001,0.238,0.012,0.084,0.052,0.005,0.008,0,0.001,0.002,0,0.005,0.146,0.018,0.09,0.014,0.012
1,99,All,Uttar Pradesh,2022,0.31,0.001,0.717,0.271,0.001,0.171,0.015,0.126,0.058,0.002,0.012,0,0,0.003,0,0.009,0.256,0.025,0.147,0.022,0.017
0,1,Urban,Uttar Pradesh,2011,0.19918323,0.870754047,NA,NA,NA,NA,NA,NA,NA,NA,NA,NA,NA,NA,NA,NA,NA,NA,NA,NA,NA
1,1,Urban,Uttar Pradesh,2011,0.30707097,0.87537823,NA,NA,NA,NA,NA,NA,NA,NA,NA,NA,NA,NA,NA,NA,NA,NA,NA,NA,NA
0,2,FALSE,Uttar Pradesh,2011,0.058354035,0.355096956,NA,NA,NA,NA,NA,NA,NA,NA,NA,NA,NA,NA,NA,NA,NA,NA,NA,NA,NA
1,2,FALSE,Uttar Pradesh,2011,0.30733484,0.679855369,NA,NA,NA,NA,NA,NA,NA,NA,NA,NA,NA,NA,NA,NA,NA,NA,NA,NA,NA
0,99,All,Uttar Pradesh,2011,0.15167777,0.69680909,NA,NA,NA,NA,NA,NA,NA,NA,NA,NA,NA,NA,NA,NA,NA,NA,NA,NA,NA
1,99,All,Uttar Pradesh,2011,0.30711606,0.841971042,NA,NA,NA,NA,NA,NA,NA,NA,NA,NA,NA,NA,NA,NA,NA,NA,NA,NA,NA
0,0,Rural,Uttrakhand,2022,0.341,0,0.377,0.263,0.002,0.499,0.015,0.031,0.438,0.037,0.083,0.001,0.05,0,0.002,0.034,0.237,0.004,0.025,0.128,0.064
1,0,Rural,Uttrakhand,2022,0.409,0,0.434,0.39,0.013,0.41,0.006,0.034,0.402,0.013,0.091,0,0.045,0,0,0.046,0.377,0,0.069,0.159,0.084
0,1,Urban,Uttrakhand,2022,0.235,0,0.121,0.094,0,0.555,0.011,0.012,0.399,0.044,0.016,0.001,0.015,0,0.003,0.001,0.091,0.001,0.007,0.019,0.011
1,1,Urban,Uttrakhand,2022,0.615,0,0.105,0.25,0,0.318,0.03,0,0.249,0.115,0.024,0,0,0,0,0.024,0.23,0,0.008,0.032,0
0,99,All,Uttrakhand,2022,0.318,0,0.321,0.226,0.001,0.511,0.014,0.027,0.429,0.039,0.068,0.001,0.042,0,0.002,0.027,0.205,0.004,0.021,0.104,0.052
1,99,All,Uttrakhand,2022,0.438,0,0.387,0.37,0.011,0.397,0.009,0.03,0.38,0.027,0.082,0,0.038,0,0,0.043,0.357,0,0.06,0.141,0.072
0,1,Urban,Uttrakhand,2011,0.85740876,0.734504583,NA,NA,NA,NA,NA,NA,NA,NA,NA,NA,NA,NA,NA,NA,NA,NA,NA,NA,NA
1,1,Urban,Uttrakhand,2011,0.95307726,0.845390962,NA,NA,NA,NA,NA,NA,NA,NA,NA,NA,NA,NA,NA,NA,NA,NA,NA,NA,NA
0,2,FALSE,Uttrakhand,2011,0.63210505,0.281385091,NA,NA,NA,NA,NA,NA,NA,NA,NA,NA,NA,NA,NA,NA,NA,NA,NA,NA,NA
1,2,FALSE,Uttrakhand,2011,0.74277586,0.538288368,NA,NA,NA,NA,NA,NA,NA,NA,NA,NA,NA,NA,NA,NA,NA,NA,NA,NA,NA
0,99,All,Uttrakhand,2011,0.79307175,0.605113206,NA,NA,NA,NA,NA,NA,NA,NA,NA,NA,NA,NA,NA,NA,NA,NA,NA,NA,NA
1,99,All,Uttrakhand,2011,0.90150201,0.770075719,NA,NA,NA,NA,NA,NA,NA,NA,NA,NA,NA,NA,NA,NA,NA,NA,NA,NA,NA
0,0,Rural,West Bengal,2022,0.043,0.082,0.955,0.456,0.002,0.254,0.062,0.067,0.77,0.042,0.055,0,0,0.006,0.033,0.019,0.441,0.194,0.146,0.142,0.073
1,0,Rural,West Bengal,2022,0.03,0.085,0.987,0.492,0.004,0.156,0.075,0.116,0.818,0.038,0.052,0,0,0.003,0.028,0.024,0.472,0.184,0.139,0.145,0.084
0,1,Urban,West Bengal,2022,0.033,0.029,0.674,0.302,0.001,0.406,0.025,0.053,0.591,0.034,0.03,0,0.001,0.003,0.018,0.01,0.292,0.119,0.09,0.066,0.018
1,1,Urban,West Bengal,2022,0.043,0.063,0.895,0.496,0.002,0.372,0.044,0.105,0.709,0.066,0.032,0,0.001,0.005,0.01,0.017,0.483,0.166,0.154,0.11,0.043
0,99,All,West Bengal,2022,0.04,0.066,0.874,0.411,0.002,0.298,0.051,0.063,0.718,0.04,0.048,0,0,0.005,0.028,0.016,0.397,0.172,0.13,0.12,0.057
1,99,All,West Bengal,2022,0.033,0.08,0.965,0.493,0.004,0.207,0.068,0.114,0.793,0.045,0.047,0,0,0.003,0.024,0.022,0.474,0.18,0.142,0.136,0.074
0,1,Urban,West Bengal,2011,0.44317645,0.901493555,NA,NA,NA,NA,NA,NA,NA,NA,NA,NA,NA,NA,NA,NA,NA,NA,NA,NA,NA
1,1,Urban,West Bengal,2011,0.56037211,0.918540487,NA,NA,NA,NA,NA,NA,NA,NA,NA,NA,NA,NA,NA,NA,NA,NA,NA,NA,NA
0,2,FALSE,West Bengal,2011,0.15837429,0.572958733,NA,NA,NA,NA,NA,NA,NA,NA,NA,NA,NA,NA,NA,NA,NA,NA,NA,NA,NA
1,2,FALSE,West Bengal,2011,0.45963421,0.834374521,NA,NA,NA,NA,NA,NA,NA,NA,NA,NA,NA,NA,NA,NA,NA,NA,NA,NA,NA
0,99,All,West Bengal,2011,0.32056114,0.760050109,NA,NA,NA,NA,NA,NA,NA,NA,NA,NA,NA,NA,NA,NA,NA,NA,NA,NA,NA
1,99,All,West Bengal,2011,0.54261792,0.903706947,NA,NA,NA,NA,NA,NA,NA,NA,NA,NA,NA,NA,NA,NA,NA,NA,NA,NA,NA
