group,poor_420,sectorname,sector,state,year,food_pds_subs,kerosene_pds_subs,food_pds_free,gov_school_free,pvt_school_free,lpg_subs,elec_free,fees_waived,pmjay_ben,pmjay_ben_avail,durables_free,laptop2,tablet2,mobile2,bicycle2,other_items2,books,stationary,schoolbag,clothing,footwear
sector,0,rural,0,India,2023,0.277,0.026,0.713,0.308,0.008,0.345,0.248,0.093,0.388,0.022,0.044,0.000,0.001,0.007,0.007,0.031,0.296,0.064,0.072,0.120,0.052
sector,1,rural,0,India,2023,0.272,0.017,0.742,0.446,0.007,0.197,0.171,0.127,0.368,0.019,0.044,0.000,0.001,0.005,0.005,0.035,0.436,0.083,0.105,0.154,0.067
sector,0,urban,1,India,2023,0.233,0.011,0.393,0.130,0.006,0.300,0.236,0.042,0.234,0.016,0.022,0.001,0.001,0.003,0.002,0.016,0.121,0.034,0.032,0.049,0.019
sector,1,urban,1,India,2023,0.191,0.005,0.641,0.319,0.005,0.328,0.156,0.103,0.297,0.022,0.028,0.000,0.001,0.006,0.006,0.017,0.310,0.078,0.069,0.090,0.034
india_all,0,,99,India,2023,0.263,0.021,0.609,0.250,0.008,0.330,0.244,0.077,0.338,0.020,0.037,0.000,0.001,0.005,0.005,0.027,0.239,0.054,0.059,0.097,0.042
india_all,1,,99,India,2023,0.259,0.015,0.726,0.426,0.006,0.218,0.169,0.123,0.357,0.019,0.042,0.000,0.001,0.005,0.005,0.032,0.416,0.083,0.099,0.144,0.062
state_sector,0,rural,0,Andaman and Nicobar Islands,2023,0.796,0.000,0.091,0.325,0.000,0.205,0.006,0.024,0.008,0.005,0.000,0.000,0.000,0.000,0.000,0.000,0.319,0.006,0.000,0.003,0.000
state_sector,1,rural,0,Andaman and Nicobar Islands,2023,0.857,0.000,0.161,0.442,0.000,0.000,0.000,0.000,0.000,0.000,0.000,0.000,0.000,0.000,0.000,0.000,0.442,0.000,0.000,0.000,0.000
state_sector,0,urban,1,Andaman and Nicobar Islands,2023,0.760,0.000,0.017,0.135,0.001,0.117,0.000,0.037,0.000,0.000,0.012,0.000,0.000,0.000,0.000,0.012,0.135,0.000,0.000,0.001,0.000
state_sector,1,urban,1,Andaman and Nicobar Islands,2023,0.671,0.000,0.329,0.329,0.000,0.000,0.000,0.000,0.000,0.000,0.000,0.000,0.000,0.000,0.000,0.000,0.329,0.000,0.000,0.000,0.000
state,0,,99,Andaman and Nicobar Islands,2023,0.781,0.000,0.060,0.245,0.000,0.168,0.003,0.030,0.005,0.003,0.005,0.000,0.000,0.000,0.000,0.005,0.242,0.004,0.000,0.002,0.000
state,1,,99,Andaman and Nicobar Islands,2023,0.836,0.000,0.180,0.429,0.000,0.000,0.000,0.000,0.000,0.000,0.000,0.000,0.000,0.000,0.000,0.000,0.429,0.000,0.000,0.000,0.000
state_sector,0,rural,0,Andhra Pradesh,2023,0.848,0.000,0.838,0.247,0.002,0.503,0.201,0.047,0.825,0.045,0.094,0.000,0.009,0.000,0.000,0.091,0.240,0.097,0.236,0.156,0.149
state_sector,1,rural,0,Andhra Pradesh,2023,0.686,0.000,0.835,0.473,0.004,0.385,0.367,0.036,0.703,0.051,0.233,0.000,0.034,0.000,0.000,0.231,0.448,0.085,0.439,0.310,0.296
state_sector,0,urban,1,Andhra Pradesh,2023,0.665,0.000,0.639,0.138,0.003,0.514,0.043,0.069,0.716,0.038,0.060,0.001,0.006,0.000,0.000,0.055,0.129,0.057,0.130,0.084,0.083
state_sector,1,urban,1,Andhra Pradesh,2023,0.686,0.000,0.682,0.309,0.000,0.354,0.122,0.118,0.712,0.016,0.194,0.000,0.052,0.000,0.000,0.194,0.286,0.054,0.259,0.242,0.219
state,0,,99,Andhra Pradesh,2023,0.790,0.000,0.775,0.213,0.002,0.507,0.151,0.054,0.791,0.042,0.083,0.001,0.008,0.000,0.000,0.079,0.205,0.084,0.202,0.133,0.128
state,1,,99,Andhra Pradesh,2023,0.686,0.000,0.799,0.435,0.003,0.377,0.310,0.055,0.705,0.043,0.224,0.000,0.038,0.000,0.000,0.223,0.410,0.078,0.397,0.294,0.278
state_sector,0,rural,0,Arunachal Pradesh,2023,0.221,0.002,0.641,0.485,0.000,0.161,0.006,0.099,0.230,0.029,0.023,0.000,0.000,0.000,0.000,0.023,0.480,0.006,0.009,0.023,0.001
state_sector,1,rural,0,Arunachal Pradesh,2023,0.111,0.000,0.762,0.737,0.000,0.231,0.027,0.179,0.221,0.002,0.007,0.000,0.000,0.000,0.000,0.007,0.737,0.002,0.014,0.027,0.000
state_sector,0,urban,1,Arunachal Pradesh,2023,0.345,0.000,0.260,0.264,0.000,0.136,0.005,0.049,0.122,0.021,0.001,0.000,0.000,0.000,0.000,0.001,0.262,0.001,0.001,0.006,0.000
state_sector,1,urban,1,Arunachal Pradesh,2023,0.074,0.000,0.532,0.608,0.000,0.232,0.000,0.147,0.104,0.000,0.000,0.000,0.000,0.000,0.000,0.000,0.608,0.000,0.000,0.024,0.000
state,0,,99,Arunachal Pradesh,2023,0.244,0.001,0.570,0.444,0.000,0.157,0.006,0.090,0.210,0.028,0.019,0.000,0.000,0.000,0.000,0.019,0.440,0.005,0.007,0.020,0.001
state,1,,99,Arunachal Pradesh,2023,0.109,0.000,0.749,0.730,0.000,0.231,0.025,0.177,0.215,0.002,0.007,0.000,0.000,0.000,0.000,0.007,0.730,0.002,0.013,0.027,0.000
state_sector,0,rural,0,Assam,2023,0.619,0.000,0.259,0.522,0.004,0.279,0.027,0.199,0.612,0.015,0.081,0.001,0.000,0.000,0.013,0.069,0.511,0.089,0.094,0.280,0.039
state_sector,1,rural,0,Assam,2023,0.663,0.001,0.277,0.658,0.004,0.200,0.011,0.223,0.656,0.016,0.169,0.000,0.000,0.000,0.018,0.154,0.646,0.105,0.177,0.381,0.075
state_sector,0,urban,1,Assam,2023,0.329,0.000,0.144,0.216,0.001,0.487,0.018,0.060,0.258,0.006,0.026,0.001,0.001,0.000,0.004,0.021,0.212,0.049,0.047,0.072,0.009
state_sector,1,urban,1,Assam,2023,0.446,0.000,0.300,0.496,0.008,0.123,0.000,0.150,0.515,0.000,0.178,0.000,0.000,0.000,0.018,0.160,0.490,0.079,0.219,0.276,0.156
state,0,,99,Assam,2023,0.580,0.000,0.243,0.481,0.004,0.307,0.026,0.180,0.564,0.014,0.073,0.001,0.000,0.000,0.012,0.063,0.470,0.083,0.088,0.252,0.035
state,1,,99,Assam,2023,0.656,0.001,0.278,0.652,0.004,0.198,0.011,0.221,0.652,0.016,0.169,0.000,0.000,0.000,0.018,0.154,0.640,0.104,0.178,0.378,0.078
state_sector,0,rural,0,Bihar,2023,0.013,0.029,0.780,0.194,0.000,0.438,0.022,0.023,0.115,0.003,0.005,0.000,0.000,0.000,0.004,0.000,0.187,0.012,0.016,0.025,0.000
state_sector,1,rural,0,Bihar,2023,0.070,0.018,0.767,0.198,0.000,0.235,0.015,0.031,0.082,0.005,0.004,0.000,0.000,0.000,0.004,0.000,0.189,0.012,0.020,0.031,0.000
state_sector,0,urban,1,Bihar,2023,0.019,0.011,0.537,0.100,0.000,0.608,0.025,0.021,0.101,0.002,0.002,0.000,0.000,0.000,0.002,0.000,0.096,0.001,0.003,0.009,0.000
state_sector,1,urban,1,Bihar,2023,0.017,0.003,0.712,0.096,0.000,0.384,0.018,0.085,0.112,0.003,0.000,0.000,0.000,0.000,0.000,0.000,0.096,0.000,0.003,0.003,0.000
state,0,,99,Bihar,2023,0.013,0.027,0.754,0.184,0.000,0.456,0.023,0.023,0.113,0.003,0.004,0.000,0.000,0.000,0.004,0.000,0.177,0.011,0.014,0.023,0.000
state,1,,99,Bihar,2023,0.067,0.017,0.764,0.193,0.000,0.242,0.015,0.034,0.083,0.005,0.004,0.000,0.000,0.000,0.004,0.000,0.184,0.011,0.019,0.029,0.000
state_sector,0,rural,0,Chandigarh,2023,0.012,0.000,0.000,0.121,0.000,0.193,0.005,0.034,0.041,0.000,0.000,0.000,0.000,0.000,0.000,0.000,0.121,0.016,0.000,0.000,0.000
state_sector,0,urban,1,Chandigarh,2023,0.005,0.000,0.000,0.057,0.000,0.160,0.005,0.017,0.076,0.009,0.000,0.000,0.000,0.000,0.000,0.000,0.046,0.021,0.000,0.000,0.000
state,0,,99,Chandigarh,2023,0.005,0.000,0.000,0.060,0.000,0.161,0.005,0.018,0.075,0.009,0.000,0.000,0.000,0.000,0.000,0.000,0.050,0.020,0.000,0.000,0.000
state_sector,0,rural,0,Chhattisgarh,2023,0.971,0.041,0.953,0.381,0.005,0.368,0.037,0.051,0.865,0.070,0.038,0.000,0.000,0.000,0.008,0.033,0.377,0.072,0.002,0.177,0.008
state_sector,1,rural,0,Chhattisgarh,2023,0.983,0.042,0.982,0.461,0.008,0.183,0.026,0.057,0.858,0.031,0.044,0.000,0.000,0.000,0.005,0.040,0.453,0.041,0.000,0.180,0.005
state_sector,0,urban,1,Chhattisgarh,2023,0.632,0.002,0.594,0.144,0.000,0.739,0.043,0.056,0.786,0.062,0.008,0.000,0.000,0.000,0.002,0.006,0.143,0.010,0.000,0.035,0.000
state_sector,1,urban,1,Chhattisgarh,2023,0.830,0.000,0.839,0.429,0.000,0.639,0.015,0.038,0.751,0.086,0.048,0.000,0.000,0.000,0.007,0.041,0.428,0.051,0.044,0.163,0.044
state,0,,99,Chhattisgarh,2023,0.883,0.031,0.859,0.319,0.003,0.465,0.039,0.052,0.844,0.068,0.030,0.000,0.000,0.000,0.006,0.026,0.316,0.056,0.001,0.140,0.006
state,1,,99,Chhattisgarh,2023,0.969,0.038,0.969,0.458,0.007,0.224,0.025,0.056,0.849,0.036,0.044,0.000,0.000,0.000,0.005,0.040,0.450,0.042,0.004,0.179,0.009
state_sector,0,rural,0,Dadra and Nagar Haveli and Daman and Diu,2023,0.005,0.000,0.724,0.417,0.000,0.027,0.009,0.017,0.585,0.013,0.028,0.000,0.000,0.000,0.000,0.028,0.411,0.273,0.226,0.123,0.140
state_sector,1,rural,0,Dadra and Nagar Haveli and Daman and Diu,2023,0.016,0.000,0.938,0.670,0.012,0.000,0.000,0.032,0.731,0.017,0.019,0.000,0.000,0.000,0.000,0.019,0.659,0.444,0.432,0.373,0.357
state_sector,0,urban,1,Dadra and Nagar Haveli and Daman and Diu,2023,0.000,0.000,0.190,0.224,0.008,0.009,0.009,0.003,0.327,0.000,0.010,0.000,0.000,0.000,0.000,0.010,0.222,0.097,0.104,0.055,0.062
state_sector,1,urban,1,Dadra and Nagar Haveli and Daman and Diu,2023,0.000,0.000,0.181,0.419,0.000,0.000,0.000,0.000,0.181,0.000,0.085,0.000,0.000,0.000,0.000,0.085,0.419,0.419,0.419,0.333,0.315
state,0,,99,Dadra and Nagar Haveli and Daman and Diu,2023,0.001,0.000,0.328,0.274,0.006,0.014,0.009,0.007,0.393,0.003,0.015,0.000,0.000,0.000,0.000,0.015,0.271,0.143,0.136,0.073,0.082
state,1,,99,Dadra and Nagar Haveli and Daman and Diu,2023,0.013,0.000,0.772,0.615,0.010,0.000,0.000,0.025,0.610,0.013,0.034,0.000,0.000,0.000,0.000,0.034,0.607,0.439,0.429,0.364,0.348
state_sector,0,rural,0,Delhi,2023,0.156,0.003,0.084,0.164,0.000,0.007,0.332,0.078,0.000,0.000,0.000,0.000,0.000,0.000,0.000,0.000,0.164,0.057,0.013,0.000,0.000
state_sector,1,rural,0,Delhi,2023,0.137,0.000,0.000,0.366,0.000,0.000,0.132,0.366,0.000,0.000,0.000,0.000,0.000,0.000,0.000,0.000,0.366,0.000,0.000,0.000,0.000
state_sector,0,urban,1,Delhi,2023,0.174,0.000,0.081,0.148,0.000,0.010,0.343,0.049,0.001,0.001,0.001,0.000,0.000,0.000,0.000,0.001,0.142,0.018,0.010,0.004,0.001
state_sector,1,urban,1,Delhi,2023,0.079,0.000,0.046,0.246,0.000,0.000,0.199,0.041,0.008,0.000,0.000,0.000,0.000,0.000,0.000,0.000,0.246,0.000,0.000,0.000,0.000
state,0,,99,Delhi,2023,0.173,0.000,0.081,0.148,0.000,0.010,0.342,0.050,0.001,0.001,0.001,0.000,0.000,0.000,0.000,0.001,0.143,0.019,0.010,0.004,0.001
state,1,,99,Delhi,2023,0.080,0.000,0.045,0.249,0.000,0.000,0.197,0.049,0.007,0.000,0.000,0.000,0.000,0.000,0.000,0.000,0.249,0.000,0.000,0.000,0.000
state_sector,0,rural,0,Goa,2023,0.341,0.000,0.501,0.274,0.000,0.000,0.001,0.000,0.334,0.037,0.000,0.000,0.000,0.000,0.000,0.000,0.273,0.017,0.000,0.000,0.000
state_sector,1,rural,0,Goa,2023,0.479,0.000,0.196,0.623,0.000,0.000,0.000,0.000,0.000,0.000,0.000,0.000,0.000,0.000,0.000,0.000,0.623,0.000,0.000,0.000,0.000
state_sector,0,urban,1,Goa,2023,0.432,0.000,0.199,0.190,0.000,0.000,0.000,0.006,0.236,0.036,0.000,0.000,0.000,0.000,0.000,0.000,0.185,0.008,0.000,0.000,0.000
state_sector,1,urban,1,Goa,2023,0.693,0.000,0.196,0.493,0.000,0.000,0.000,0.000,0.000,0.199,0.000,0.000,0.000,0.000,0.000,0.000,0.493,0.493,0.000,0.000,0.000
state,0,,99,Goa,2023,0.394,0.000,0.323,0.224,0.000,0.000,0.000,0.004,0.276,0.036,0.000,0.000,0.000,0.000,0.000,0.000,0.221,0.012,0.000,0.000,0.000
state,1,,99,Goa,2023,0.552,0.000,0.196,0.579,0.000,0.000,0.000,0.000,0.000,0.068,0.000,0.000,0.000,0.000,0.000,0.000,0.579,0.168,0.000,0.000,0.000
state_sector,0,rural,0,Gujarat,2023,0.452,0.000,0.565,0.402,0.002,0.088,0.005,0.140,0.377,0.024,0.009,0.000,0.001,0.000,0.002,0.007,0.396,0.038,0.020,0.033,0.009
state_sector,1,rural,0,Gujarat,2023,0.506,0.000,0.680,0.567,0.001,0.058,0.007,0.214,0.266,0.018,0.010,0.000,0.000,0.000,0.002,0.008,0.567,0.041,0.017,0.028,0.002
state_sector,0,urban,1,Gujarat,2023,0.130,0.000,0.146,0.107,0.001,0.024,0.005,0.034,0.215,0.021,0.005,0.000,0.001,0.000,0.000,0.004,0.104,0.013,0.012,0.016,0.008
state_sector,1,urban,1,Gujarat,2023,0.259,0.000,0.405,0.412,0.004,0.066,0.016,0.093,0.202,0.016,0.000,0.000,0.000,0.000,0.000,0.000,0.410,0.051,0.060,0.074,0.000
state,0,,99,Gujarat,2023,0.298,0.000,0.364,0.260,0.002,0.057,0.005,0.089,0.300,0.022,0.007,0.000,0.001,0.000,0.001,0.005,0.256,0.026,0.016,0.025,0.009
state,1,,99,Gujarat,2023,0.465,0.000,0.635,0.542,0.002,0.059,0.008,0.194,0.255,0.018,0.008,0.000,0.000,0.000,0.002,0.006,0.542,0.043,0.024,0.035,0.002
state_sector,0,rural,0,Haryana,2023,0.616,0.000,0.543,0.133,0.000,0.461,0.017,0.068,0.299,0.025,0.011,0.001,0.010,0.000,0.000,0.001,0.130,0.003,0.006,0.005,0.004
state_sector,1,rural,0,Haryana,2023,0.776,0.000,0.707,0.476,0.000,0.299,0.012,0.236,0.446,0.051,0.008,0.000,0.008,0.000,0.000,0.000,0.422,0.112,0.069,0.019,0.019
state_sector,0,urban,1,Haryana,2023,0.299,0.000,0.273,0.052,0.000,0.267,0.007,0.007,0.201,0.008,0.001,0.000,0.001,0.000,0.000,0.000,0.051,0.001,0.002,0.001,0.001
state_sector,1,urban,1,Haryana,2023,0.652,0.000,0.690,0.610,0.000,0.242,0.010,0.050,0.347,0.000,0.000,0.000,0.000,0.000,0.000,0.000,0.597,0.012,0.030,0.000,0.000
state,0,,99,Haryana,2023,0.497,0.000,0.442,0.103,0.000,0.388,0.013,0.045,0.262,0.019,0.007,0.000,0.007,0.000,0.000,0.001,0.100,0.002,0.004,0.003,0.003
state,1,,99,Haryana,2023,0.742,0.000,0.702,0.513,0.000,0.283,0.011,0.184,0.419,0.037,0.006,0.000,0.006,0.000,0.000,0.000,0.471,0.084,0.058,0.014,0.014
state_sector,0,rural,0,Himachal Pradesh,2023,0.927,0.000,0.069,0.271,0.000,0.652,0.748,0.016,0.605,0.190,0.013,0.000,0.000,0.000,0.000,0.013,0.268,0.003,0.034,0.079,0.000
state_sector,1,rural,0,Himachal Pradesh,2023,0.875,0.000,0.079,0.567,0.000,0.274,0.866,0.000,0.461,0.185,0.085,0.000,0.000,0.000,0.000,0.085,0.567,0.000,0.000,0.247,0.000
state_sector,0,urban,1,Himachal Pradesh,2023,0.538,0.000,0.010,0.092,0.000,0.561,0.517,0.012,0.438,0.086,0.006,0.001,0.001,0.000,0.000,0.004,0.088,0.002,0.019,0.029,0.000
state_sector,1,urban,1,Himachal Pradesh,2023,0.461,0.000,0.077,0.572,0.000,0.345,0.727,0.000,0.258,0.000,0.000,0.000,0.000,0.000,0.000,0.000,0.504,0.000,0.113,0.147,0.000
state,0,,99,Himachal Pradesh,2023,0.887,0.000,0.063,0.253,0.000,0.643,0.725,0.016,0.588,0.180,0.012,0.000,0.000,0.000,0.000,0.012,0.250,0.003,0.032,0.074,0.000
state,1,,99,Himachal Pradesh,2023,0.844,0.000,0.079,0.567,0.000,0.280,0.855,0.000,0.446,0.171,0.079,0.000,0.000,0.000,0.000,0.079,0.562,0.000,0.009,0.240,0.000
state_sector,0,rural,0,Jammu and Kashmir,2023,0.378,0.000,0.571,0.216,0.000,0.493,0.010,0.056,0.761,0.075,0.009,0.000,0.000,0.000,0.000,0.009,0.212,0.007,0.003,0.036,0.000
state_sector,1,rural,0,Jammu and Kashmir,2023,0.207,0.000,0.776,0.578,0.000,0.252,0.000,0.064,0.923,0.141,0.032,0.000,0.000,0.000,0.000,0.032,0.555,0.009,0.027,0.128,0.000
state_sector,0,urban,1,Jammu and Kashmir,2023,0.294,0.000,0.377,0.061,0.000,0.528,0.012,0.016,0.849,0.053,0.000,0.000,0.000,0.000,0.000,0.000,0.061,0.007,0.000,0.018,0.002
state_sector,1,urban,1,Jammu and Kashmir,2023,0.163,0.000,0.441,0.249,0.000,0.430,0.015,0.022,0.823,0.103,0.000,0.000,0.000,0.000,0.000,0.000,0.249,0.023,0.000,0.031,0.000
state,0,,99,Jammu and Kashmir,2023,0.359,0.000,0.528,0.181,0.000,0.501,0.011,0.047,0.781,0.070,0.007,0.000,0.000,0.000,0.000,0.007,0.178,0.007,0.002,0.032,0.001
state,1,,99,Jammu and Kashmir,2023,0.201,0.000,0.733,0.536,0.000,0.275,0.002,0.059,0.910,0.136,0.028,0.000,0.000,0.000,0.000,0.028,0.516,0.011,0.023,0.116,0.000
state_sector,0,rural,0,Jharkhand,2023,0.169,0.041,0.708,0.417,0.023,0.154,0.521,0.104,0.037,0.007,0.049,0.000,0.000,0.000,0.000,0.048,0.391,0.312,0.300,0.231,0.113
state_sector,1,rural,0,Jharkhand,2023,0.355,0.060,0.570,0.492,0.017,0.060,0.522,0.113,0.014,0.009,0.050,0.000,0.000,0.000,0.004,0.047,0.478,0.347,0.327,0.204,0.096
state_sector,0,urban,1,Jharkhand,2023,0.116,0.009,0.340,0.100,0.003,0.308,0.233,0.022,0.010,0.004,0.003,0.000,0.000,0.000,0.000,0.003,0.089,0.060,0.064,0.047,0.025
state_sector,1,urban,1,Jharkhand,2023,0.303,0.006,0.357,0.185,0.025,0.112,0.225,0.045,0.008,0.004,0.010,0.000,0.000,0.000,0.000,0.010,0.161,0.112,0.131,0.095,0.024
state,0,,99,Jharkhand,2023,0.155,0.033,0.614,0.336,0.018,0.193,0.447,0.083,0.030,0.006,0.037,0.000,0.000,0.000,0.000,0.037,0.314,0.247,0.240,0.184,0.091
state,1,,99,Jharkhand,2023,0.349,0.053,0.545,0.456,0.018,0.066,0.487,0.105,0.013,0.009,0.045,0.000,0.000,0.000,0.004,0.042,0.441,0.319,0.304,0.191,0.088
state_sector,0,rural,0,Karnataka,2023,0.094,0.018,0.822,0.350,0.002,0.122,0.934,0.082,0.305,0.006,0.045,0.000,0.000,0.000,0.000,0.045,0.345,0.018,0.023,0.187,0.149
state_sector,1,rural,0,Karnataka,2023,0.018,0.008,0.937,0.469,0.018,0.224,0.903,0.042,0.094,0.010,0.025,0.000,0.000,0.000,0.002,0.022,0.464,0.013,0.019,0.126,0.072
state_sector,0,urban,1,Karnataka,2023,0.075,0.000,0.464,0.134,0.001,0.064,0.729,0.048,0.153,0.005,0.010,0.000,0.001,0.000,0.000,0.010,0.128,0.007,0.010,0.063,0.048
state_sector,1,urban,1,Karnataka,2023,0.004,0.000,0.779,0.427,0.000,0.273,0.799,0.031,0.062,0.001,0.052,0.000,0.000,0.000,0.002,0.051,0.419,0.048,0.011,0.167,0.087
state,0,,99,Karnataka,2023,0.087,0.011,0.685,0.268,0.002,0.100,0.856,0.069,0.247,0.005,0.032,0.000,0.000,0.000,0.000,0.031,0.262,0.014,0.018,0.140,0.110
state,1,,99,Karnataka,2023,0.014,0.006,0.897,0.458,0.013,0.237,0.877,0.039,0.086,0.008,0.032,0.000,0.000,0.000,0.002,0.030,0.452,0.021,0.017,0.137,0.076
state_sector,0,rural,0,Kerala,2023,0.790,0.080,0.159,0.278,0.001,0.001,0.003,0.014,0.353,0.040,0.005,0.000,0.000,0.000,0.000,0.004,0.259,0.009,0.010,0.153,0.001
state_sector,1,rural,0,Kerala,2023,0.850,0.070,0.269,0.544,0.000,0.023,0.000,0.054,0.409,0.027,0.027,0.000,0.000,0.000,0.000,0.027,0.491,0.012,0.012,0.348,0.000
state_sector,0,urban,1,Kerala,2023,0.754,0.076,0.137,0.249,0.000,0.001,0.003,0.012,0.257,0.032,0.004,0.001,0.000,0.000,0.000,0.003,0.234,0.009,0.012,0.128,0.002
state_sector,1,urban,1,Kerala,2023,0.888,0.098,0.224,0.334,0.000,0.000,0.000,0.000,0.434,0.096,0.031,0.000,0.000,0.000,0.000,0.031,0.307,0.009,0.019,0.231,0.000
state,0,,99,Kerala,2023,0.772,0.078,0.148,0.264,0.000,0.001,0.003,0.013,0.306,0.036,0.004,0.000,0.000,0.000,0.000,0.004,0.246,0.009,0.011,0.141,0.001
state,1,,99,Kerala,2023,0.867,0.082,0.249,0.451,0.000,0.013,0.000,0.030,0.420,0.058,0.028,0.000,0.000,0.000,0.000,0.028,0.409,0.010,0.015,0.296,0.000
state_sector,0,rural,0,Ladakh,2023,0.768,0.082,0.264,0.080,0.000,0.828,0.001,0.037,0.840,0.086,0.000,0.000,0.000,0.000,0.000,0.000,0.080,0.023,0.002,0.000,0.000
state_sector,1,rural,0,Ladakh,2023,0.382,0.000,0.618,0.308,0.000,0.509,0.000,0.142,0.870,0.000,0.000,0.000,0.000,0.000,0.000,0.000,0.308,0.172,0.000,0.000,0.000
state_sector,0,urban,1,Ladakh,2023,0.719,0.007,0.175,0.039,0.000,0.720,0.010,0.016,0.896,0.109,0.000,0.000,0.000,0.000,0.000,0.000,0.039,0.007,0.002,0.000,0.000
state_sector,1,urban,1,Ladakh,2023,0.906,0.000,0.037,0.111,0.000,0.442,0.000,0.111,0.957,0.133,0.000,0.000,0.000,0.000,0.000,0.000,0.111,0.111,0.000,0.000,0.000
state,0,,99,Ladakh,2023,0.760,0.070,0.250,0.073,0.000,0.811,0.003,0.033,0.849,0.090,0.000,0.000,0.000,0.000,0.000,0.000,0.073,0.020,0.002,0.000,0.000
state,1,,99,Ladakh,2023,0.466,0.000,0.525,0.276,0.000,0.499,0.000,0.137,0.884,0.021,0.000,0.000,0.000,0.000,0.000,0.000,0.276,0.162,0.000,0.000,0.000
state_sector,0,rural,0,Lakshadweep,2023,0.691,0.136,0.286,0.665,0.001,0.000,0.008,0.012,0.231,0.011,0.136,0.000,0.000,0.000,0.027,0.108,0.644,0.192,0.500,0.608,0.611
state_sector,1,rural,0,Lakshadweep,2023,0.653,0.000,0.347,0.817,0.000,0.000,0.000,0.000,0.356,0.000,0.330,0.000,0.000,0.000,0.000,0.330,0.817,0.568,0.817,0.431,0.460
state_sector,0,urban,1,Lakshadweep,2023,0.693,0.000,0.256,0.665,0.006,0.004,0.010,0.026,0.340,0.035,0.034,0.000,0.002,0.000,0.011,0.023,0.658,0.457,0.564,0.573,0.564
state_sector,1,urban,1,Lakshadweep,2023,0.498,0.000,0.502,0.957,0.000,0.000,0.000,0.000,0.173,0.000,0.000,0.000,0.000,0.000,0.000,0.000,0.957,0.803,0.897,0.957,0.837
state,0,,99,Lakshadweep,2023,0.692,0.036,0.264,0.665,0.005,0.003,0.009,0.022,0.311,0.028,0.061,0.000,0.001,0.000,0.015,0.046,0.654,0.386,0.547,0.582,0.576
state,1,,99,Lakshadweep,2023,0.564,0.000,0.436,0.898,0.000,0.000,0.000,0.000,0.251,0.000,0.140,0.000,0.000,0.000,0.000,0.140,0.898,0.703,0.863,0.734,0.678
state_sector,0,rural,0,Madhya Pradesh,2023,0.539,0.000,0.668,0.376,0.001,0.253,0.461,0.127,0.548,0.020,0.027,0.000,0.000,0.000,0.007,0.022,0.371,0.004,0.003,0.083,0.003
state_sector,1,rural,0,Madhya Pradesh,2023,0.483,0.000,0.756,0.510,0.005,0.146,0.345,0.118,0.584,0.016,0.082,0.000,0.000,0.000,0.007,0.078,0.508,0.009,0.006,0.134,0.004
state_sector,0,urban,1,Madhya Pradesh,2023,0.236,0.000,0.347,0.116,0.000,0.277,0.211,0.054,0.296,0.020,0.005,0.000,0.000,0.000,0.001,0.004,0.113,0.002,0.004,0.020,0.001
state_sector,1,urban,1,Madhya Pradesh,2023,0.443,0.000,0.672,0.302,0.000,0.326,0.304,0.150,0.367,0.026,0.017,0.000,0.000,0.000,0.000,0.017,0.298,0.011,0.001,0.053,0.000
state,0,,99,Madhya Pradesh,2023,0.452,0.000,0.575,0.300,0.001,0.260,0.389,0.106,0.475,0.020,0.021,0.000,0.000,0.000,0.005,0.017,0.297,0.003,0.004,0.065,0.002
state,1,,99,Madhya Pradesh,2023,0.476,0.000,0.742,0.476,0.004,0.175,0.339,0.123,0.548,0.017,0.071,0.000,0.000,0.000,0.006,0.068,0.474,0.010,0.005,0.121,0.004
state_sector,0,rural,0,Maharashtra,2023,0.183,0.000,0.647,0.289,0.001,0.305,0.007,0.115,0.191,0.008,0.020,0.000,0.000,0.000,0.002,0.018,0.282,0.020,0.021,0.083,0.044
state_sector,1,rural,0,Maharashtra,2023,0.299,0.000,0.652,0.471,0.003,0.259,0.007,0.171,0.174,0.009,0.030,0.000,0.000,0.000,0.002,0.028,0.464,0.025,0.043,0.150,0.083
state_sector,0,urban,1,Maharashtra,2023,0.070,0.000,0.242,0.089,0.000,0.174,0.007,0.046,0.044,0.003,0.006,0.004,0.000,0.000,0.000,0.002,0.087,0.021,0.022,0.009,0.004
state_sector,1,urban,1,Maharashtra,2023,0.149,0.000,0.496,0.340,0.000,0.302,0.015,0.127,0.112,0.016,0.003,0.000,0.000,0.000,0.001,0.002,0.330,0.033,0.040,0.035,0.016
state,0,,99,Maharashtra,2023,0.131,0.000,0.459,0.196,0.001,0.245,0.007,0.083,0.123,0.005,0.013,0.002,0.000,0.000,0.001,0.010,0.192,0.021,0.022,0.049,0.026
state,1,,99,Maharashtra,2023,0.253,0.000,0.605,0.431,0.002,0.272,0.010,0.158,0.155,0.011,0.022,0.000,0.000,0.000,0.002,0.020,0.423,0.027,0.042,0.115,0.063
state_sector,0,rural,0,Manipur,2023,0.441,0.000,0.373,0.096,0.000,0.364,0.032,0.019,0.210,0.039,0.003,0.000,0.000,0.000,0.000,0.003,0.084,0.006,0.022,0.004,0.001
state_sector,1,rural,0,Manipur,2023,0.244,0.000,0.391,0.252,0.002,0.203,0.070,0.030,0.164,0.028,0.002,0.000,0.000,0.000,0.000,0.002,0.218,0.033,0.011,0.089,0.017
state_sector,0,urban,1,Manipur,2023,0.446,0.000,0.301,0.026,0.000,0.297,0.008,0.017,0.202,0.023,0.004,0.000,0.000,0.000,0.000,0.004,0.024,0.000,0.014,0.006,0.002
state_sector,1,urban,1,Manipur,2023,0.362,0.000,0.494,0.071,0.000,0.220,0.038,0.050,0.298,0.029,0.004,0.000,0.000,0.000,0.000,0.004,0.067,0.000,0.005,0.004,0.004
state,0,,99,Manipur,2023,0.442,0.000,0.353,0.076,0.000,0.345,0.025,0.019,0.208,0.034,0.003,0.000,0.000,0.000,0.000,0.003,0.067,0.004,0.019,0.004,0.001
state,1,,99,Manipur,2023,0.257,0.000,0.403,0.231,0.002,0.205,0.067,0.032,0.180,0.028,0.002,0.000,0.000,0.000,0.000,0.002,0.201,0.029,0.010,0.079,0.015
state_sector,0,rural,0,Meghalaya,2023,0.488,0.000,0.244,0.231,0.000,0.007,0.004,0.011,0.217,0.019,0.015,0.000,0.001,0.000,0.000,0.013,0.221,0.012,0.004,0.071,0.003
state_sector,1,rural,0,Meghalaya,2023,0.573,0.000,0.265,0.458,0.000,0.001,0.002,0.026,0.424,0.081,0.000,0.000,0.000,0.000,0.000,0.000,0.449,0.000,0.005,0.033,0.004
state_sector,0,urban,1,Meghalaya,2023,0.274,0.000,0.076,0.042,0.000,0.000,0.008,0.025,0.226,0.031,0.008,0.000,0.000,0.000,0.000,0.008,0.040,0.001,0.000,0.016,0.002
state_sector,1,urban,1,Meghalaya,2023,0.259,0.000,0.094,0.011,0.000,0.000,0.000,0.000,0.264,0.039,0.000,0.000,0.000,0.000,0.000,0.000,0.011,0.000,0.000,0.000,0.000
state,0,,99,Meghalaya,2023,0.451,0.000,0.215,0.199,0.000,0.006,0.005,0.013,0.219,0.021,0.014,0.000,0.001,0.000,0.000,0.012,0.190,0.010,0.003,0.062,0.002
state,1,,99,Meghalaya,2023,0.565,0.000,0.261,0.447,0.000,0.001,0.002,0.026,0.419,0.080,0.000,0.000,0.000,0.000,0.000,0.000,0.438,0.000,0.005,0.032,0.004
state_sector,0,rural,0,Mizoram,2023,0.987,0.021,0.000,0.100,0.000,0.869,0.007,0.064,0.003,0.009,0.001,0.000,0.000,0.000,0.000,0.001,0.098,0.002,0.001,0.001,0.000
state_sector,1,rural,0,Mizoram,2023,0.993,0.173,0.000,0.225,0.000,0.652,0.009,0.040,0.013,0.013,0.000,0.000,0.000,0.000,0.000,0.000,0.225,0.000,0.018,0.000,0.000
state_sector,0,urban,1,Mizoram,2023,0.977,0.014,0.000,0.048,0.000,0.863,0.012,0.070,0.006,0.004,0.000,0.000,0.000,0.000,0.000,0.000,0.047,0.003,0.001,0.000,0.000
state_sector,1,urban,1,Mizoram,2023,1.000,0.000,0.000,0.054,0.000,0.843,0.000,0.081,0.000,0.000,0.000,0.000,0.000,0.000,0.000,0.000,0.054,0.000,0.000,0.000,0.000
state,0,,99,Mizoram,2023,0.982,0.018,0.000,0.075,0.000,0.866,0.009,0.067,0.004,0.007,0.000,0.000,0.000,0.000,0.000,0.000,0.074,0.002,0.001,0.000,0.000
state,1,,99,Mizoram,2023,0.993,0.157,0.000,0.209,0.000,0.670,0.008,0.044,0.012,0.012,0.000,0.000,0.000,0.000,0.000,0.000,0.209,0.000,0.017,0.000,0.000
state_sector,0,rural,0,Nagaland,2023,0.628,0.000,0.336,0.264,0.000,0.229,0.004,0.018,0.596,0.014,0.007,0.000,0.000,0.000,0.000,0.007,0.256,0.007,0.032,0.034,0.000
state_sector,1,rural,0,Nagaland,2023,0.490,0.000,0.549,0.473,0.000,0.099,0.003,0.004,0.670,0.000,0.023,0.000,0.000,0.000,0.000,0.023,0.472,0.007,0.055,0.046,0.000
state_sector,0,urban,1,Nagaland,2023,0.446,0.000,0.322,0.072,0.000,0.345,0.003,0.009,0.623,0.021,0.002,0.000,0.000,0.000,0.000,0.002,0.072,0.000,0.010,0.014,0.000
state_sector,1,urban,1,Nagaland,2023,0.205,0.000,0.455,0.288,0.000,0.192,0.000,0.000,0.448,0.048,0.000,0.000,0.000,0.000,0.000,0.000,0.240,0.000,0.080,0.000,0.000
state,0,,99,Nagaland,2023,0.573,0.000,0.332,0.206,0.000,0.264,0.004,0.015,0.604,0.016,0.006,0.000,0.000,0.000,0.000,0.006,0.201,0.005,0.025,0.028,0.000
state,1,,99,Nagaland,2023,0.472,0.000,0.543,0.462,0.000,0.105,0.003,0.004,0.656,0.003,0.022,0.000,0.000,0.000,0.000,0.022,0.457,0.006,0.057,0.043,0.000
state_sector,0,rural,0,Odisha,2023,0.298,0.022,0.544,0.442,0.011,0.408,0.008,0.019,0.737,0.032,0.070,0.000,0.000,0.000,0.014,0.056,0.400,0.042,0.004,0.399,0.388
state_sector,1,rural,0,Odisha,2023,0.439,0.011,0.460,0.581,0.019,0.143,0.011,0.009,0.708,0.028,0.055,0.000,0.000,0.000,0.004,0.051,0.546,0.047,0.005,0.448,0.421
state_sector,0,urban,1,Odisha,2023,0.213,0.002,0.238,0.170,0.005,0.623,0.012,0.016,0.419,0.017,0.018,0.000,0.000,0.000,0.005,0.014,0.148,0.008,0.004,0.143,0.142
state_sector,1,urban,1,Odisha,2023,0.224,0.001,0.557,0.336,0.012,0.396,0.008,0.004,0.492,0.014,0.039,0.000,0.000,0.000,0.011,0.029,0.297,0.048,0.008,0.228,0.217
state,0,,99,Odisha,2023,0.281,0.018,0.484,0.389,0.010,0.450,0.009,0.019,0.674,0.029,0.059,0.000,0.000,0.000,0.012,0.048,0.350,0.035,0.004,0.349,0.340
state,1,,99,Odisha,2023,0.422,0.010,0.468,0.561,0.019,0.163,0.011,0.009,0.691,0.027,0.053,0.000,0.000,0.000,0.004,0.049,0.526,0.047,0.006,0.430,0.404
state_sector,0,rural,0,Puducherry,2023,0.000,0.000,0.000,0.302,0.002,0.830,0.038,0.002,0.036,0.005,0.044,0.005,0.000,0.000,0.027,0.028,0.293,0.023,0.000,0.083,0.000
state_sector,1,rural,0,Puducherry,2023,0.000,0.000,0.000,0.000,0.000,0.817,0.000,0.000,0.000,0.000,0.000,0.000,0.000,0.000,0.000,0.000,0.000,0.000,0.000,0.000,0.000
state_sector,0,urban,1,Puducherry,2023,0.000,0.000,0.000,0.116,0.000,0.737,0.022,0.014,0.049,0.002,0.007,0.000,0.000,0.000,0.004,0.003,0.116,0.020,0.003,0.028,0.000
state_sector,1,urban,1,Puducherry,2023,0.000,0.000,0.000,1.000,0.000,0.000,0.000,0.313,1.000,0.000,0.000,0.000,0.000,0.000,0.000,0.000,1.000,1.000,1.000,0.000,0.000
state,0,,99,Puducherry,2023,0.000,0.000,0.000,0.178,0.001,0.768,0.027,0.010,0.045,0.003,0.020,0.002,0.000,0.000,0.012,0.012,0.175,0.021,0.002,0.046,0.000
state,1,,99,Puducherry,2023,0.000,0.000,0.000,0.844,0.000,0.127,0.000,0.264,0.844,0.000,0.000,0.000,0.000,0.000,0.000,0.000,0.844,0.844,0.844,0.000,0.000
state_sector,0,rural,0,Punjab,2023,0.290,0.000,0.332,0.260,0.002,0.547,0.880,0.109,0.241,0.011,0.013,0.000,0.000,0.000,0.000,0.012,0.251,0.010,0.076,0.073,0.063
state_sector,1,rural,0,Punjab,2023,0.479,0.000,0.257,0.564,0.041,0.347,0.963,0.152,0.305,0.000,0.036,0.000,0.000,0.000,0.000,0.036,0.564,0.149,0.281,0.209,0.165
state_sector,0,urban,1,Punjab,2023,0.150,0.000,0.141,0.115,0.002,0.457,0.784,0.060,0.115,0.013,0.006,0.000,0.000,0.000,0.000,0.006,0.105,0.004,0.022,0.029,0.028
state_sector,1,urban,1,Punjab,2023,0.341,0.000,0.184,0.386,0.000,0.126,0.591,0.082,0.267,0.000,0.000,0.000,0.000,0.000,0.000,0.000,0.386,0.000,0.081,0.000,0.000
state,0,,99,Punjab,2023,0.236,0.000,0.258,0.204,0.002,0.512,0.843,0.090,0.192,0.012,0.010,0.000,0.000,0.000,0.000,0.010,0.194,0.008,0.055,0.056,0.049
state,1,,99,Punjab,2023,0.438,0.000,0.235,0.510,0.029,0.281,0.851,0.131,0.293,0.000,0.025,0.000,0.000,0.000,0.000,0.025,0.510,0.104,0.221,0.146,0.115
state_sector,0,rural,0,Rajasthan,2023,0.019,0.000,0.704,0.399,0.001,0.149,0.831,0.216,0.661,0.079,0.086,0.000,0.000,0.078,0.010,0.004,0.393,0.007,0.005,0.183,0.005
state_sector,1,rural,0,Rajasthan,2023,0.020,0.000,0.811,0.570,0.005,0.141,0.856,0.187,0.770,0.098,0.085,0.000,0.001,0.078,0.006,0.008,0.563,0.008,0.004,0.311,0.010
state_sector,0,urban,1,Rajasthan,2023,0.020,0.000,0.308,0.111,0.001,0.109,0.656,0.074,0.512,0.071,0.048,0.000,0.000,0.046,0.003,0.001,0.108,0.002,0.001,0.041,0.001
state_sector,1,urban,1,Rajasthan,2023,0.031,0.000,0.699,0.338,0.001,0.220,0.718,0.162,0.714,0.130,0.105,0.000,0.000,0.101,0.001,0.003,0.334,0.008,0.005,0.109,0.001
state,0,,99,Rajasthan,2023,0.019,0.000,0.597,0.321,0.001,0.138,0.784,0.178,0.621,0.077,0.076,0.000,0.000,0.070,0.008,0.003,0.316,0.006,0.004,0.145,0.004
state,1,,99,Rajasthan,2023,0.022,0.000,0.794,0.535,0.004,0.153,0.835,0.184,0.762,0.103,0.088,0.000,0.001,0.081,0.005,0.007,0.529,0.008,0.004,0.281,0.008
state_sector,0,rural,0,Sikkim,2023,0.334,0.000,0.541,0.298,0.000,0.247,0.595,0.001,0.049,0.004,0.003,0.000,0.000,0.000,0.000,0.003,0.296,0.005,0.164,0.012,0.011
state_sector,1,rural,0,Sikkim,2023,0.661,0.000,0.273,0.482,0.000,0.343,0.833,0.000,0.119,0.039,0.000,0.000,0.000,0.000,0.000,0.000,0.482,0.000,0.149,0.000,0.000
state_sector,0,urban,1,Sikkim,2023,0.054,0.000,0.200,0.114,0.000,0.283,0.019,0.000,0.028,0.006,0.000,0.000,0.000,0.000,0.000,0.000,0.114,0.006,0.068,0.009,0.009
state_sector,1,urban,1,Sikkim,2023,0.000,0.000,0.000,0.000,0.000,0.000,0.000,0.000,0.000,0.000,0.000,0.000,0.000,0.000,0.000,0.000,0.000,0.000,0.000,0.000,0.000
state,0,,99,Sikkim,2023,0.261,0.000,0.452,0.250,0.000,0.256,0.445,0.001,0.043,0.004,0.002,0.000,0.000,0.000,0.000,0.002,0.248,0.005,0.139,0.011,0.010
state,1,,99,Sikkim,2023,0.648,0.000,0.268,0.472,0.000,0.336,0.817,0.000,0.117,0.038,0.000,0.000,0.000,0.000,0.000,0.000,0.472,0.000,0.146,0.000,0.000
state_sector,0,rural,0,Tamil Nadu,2023,0.958,0.239,0.798,0.358,0.068,0.466,0.936,0.023,0.208,0.016,0.200,0.001,0.000,0.000,0.017,0.188,0.315,0.226,0.242,0.255,0.118
state_sector,1,rural,0,Tamil Nadu,2023,0.937,0.342,0.909,0.594,0.063,0.433,0.880,0.011,0.182,0.013,0.188,0.000,0.000,0.000,0.030,0.176,0.588,0.466,0.530,0.271,0.167
state_sector,0,urban,1,Tamil Nadu,2023,0.822,0.061,0.701,0.181,0.035,0.365,0.892,0.014,0.106,0.011,0.100,0.001,0.000,0.000,0.010,0.091,0.154,0.106,0.114,0.119,0.048
state_sector,1,urban,1,Tamil Nadu,2023,0.843,0.033,0.815,0.554,0.047,0.395,0.864,0.017,0.207,0.009,0.153,0.000,0.028,0.000,0.016,0.135,0.545,0.446,0.499,0.331,0.248
state,0,,99,Tamil Nadu,2023,0.894,0.156,0.752,0.275,0.052,0.418,0.916,0.018,0.160,0.013,0.153,0.001,0.000,0.000,0.014,0.142,0.239,0.170,0.182,0.191,0.085
state,1,,99,Tamil Nadu,2023,0.908,0.246,0.880,0.582,0.058,0.421,0.875,0.013,0.190,0.012,0.177,0.000,0.009,0.000,0.026,0.163,0.575,0.460,0.521,0.290,0.192
state_sector,0,rural,0,Telangana,2023,0.006,0.000,0.943,0.353,0.107,0.892,0.330,0.098,0.348,0.013,0.079,0.000,0.000,0.000,0.000,0.078,0.281,0.035,0.028,0.335,0.016
state_sector,1,rural,0,Telangana,2023,0.036,0.000,0.961,0.447,0.178,0.787,0.248,0.102,0.676,0.007,0.016,0.000,0.000,0.000,0.000,0.016,0.421,0.017,0.019,0.468,0.000
state_sector,0,urban,1,Telangana,2023,0.026,0.000,0.555,0.147,0.046,0.616,0.144,0.072,0.213,0.009,0.033,0.000,0.000,0.000,0.000,0.033,0.099,0.018,0.024,0.144,0.015
state_sector,1,urban,1,Telangana,2023,0.022,0.000,0.883,0.661,0.183,0.431,0.052,0.109,0.322,0.000,0.008,0.000,0.000,0.000,0.000,0.008,0.620,0.120,0.095,0.571,0.000
state,0,,99,Telangana,2023,0.015,0.000,0.771,0.261,0.080,0.769,0.248,0.087,0.288,0.011,0.058,0.000,0.000,0.000,0.000,0.058,0.200,0.027,0.026,0.250,0.015
state,1,,99,Telangana,2023,0.032,0.000,0.941,0.502,0.179,0.696,0.198,0.104,0.585,0.005,0.014,0.000,0.000,0.000,0.000,0.014,0.472,0.043,0.038,0.494,0.000
state_sector,0,rural,0,Tripura,2023,0.967,0.342,0.116,0.354,0.000,0.124,0.006,0.020,0.499,0.032,0.002,0.000,0.000,0.000,0.002,0.001,0.353,0.002,0.033,0.000,0.000
state_sector,1,rural,0,Tripura,2023,0.949,0.594,0.130,0.469,0.000,0.000,0.000,0.000,0.443,0.000,0.000,0.000,0.000,0.000,0.000,0.000,0.469,0.000,0.000,0.000,0.000
state_sector,0,urban,1,Tripura,2023,0.921,0.154,0.096,0.238,0.000,0.249,0.010,0.017,0.346,0.020,0.000,0.000,0.000,0.000,0.000,0.000,0.235,0.001,0.014,0.003,0.000
state_sector,1,urban,1,Tripura,2023,0.873,0.478,0.000,0.000,0.000,0.000,0.000,0.000,1.000,0.000,0.000,0.000,0.000,0.000,0.000,0.000,0.000,0.000,0.000,0.000,0.000
state,0,,99,Tripura,2023,0.958,0.307,0.113,0.333,0.000,0.147,0.007,0.019,0.471,0.030,0.002,0.000,0.000,0.000,0.001,0.001,0.331,0.002,0.029,0.001,0.000
state,1,,99,Tripura,2023,0.946,0.589,0.124,0.448,0.000,0.000,0.000,0.000,0.468,0.000,0.000,0.000,0.000,0.000,0.000,0.000,0.448,0.000,0.000,0.000,0.000
state_sector,0,rural,0,Uttar Pradesh,2023,0.022,0.000,0.832,0.180,0.001,0.340,0.017,0.083,0.143,0.005,0.010,0.000,0.001,0.003,0.000,0.005,0.174,0.021,0.111,0.015,0.012
state_sector,1,rural,0,Uttar Pradesh,2023,0.040,0.000,0.881,0.337,0.000,0.239,0.015,0.163,0.149,0.001,0.013,0.000,0.000,0.000,0.000,0.013,0.327,0.058,0.196,0.028,0.024
state_sector,0,urban,1,Uttar Pradesh,2023,0.023,0.000,0.547,0.035,0.001,0.327,0.014,0.034,0.074,0.006,0.003,0.000,0.001,0.001,0.000,0.001,0.030,0.006,0.016,0.003,0.001
state_sector,1,urban,1,Uttar Pradesh,2023,0.034,0.000,0.800,0.113,0.000,0.397,0.015,0.080,0.095,0.001,0.004,0.000,0.000,0.000,0.000,0.004,0.105,0.013,0.066,0.007,0.005
state,0,,99,Uttar Pradesh,2023,0.022,0.000,0.767,0.147,0.001,0.337,0.017,0.072,0.127,0.005,0.008,0.000,0.001,0.003,0.000,0.004,0.141,0.017,0.090,0.012,0.009
state,1,,99,Uttar Pradesh,2023,0.039,0.000,0.869,0.304,0.000,0.262,0.015,0.151,0.141,0.001,0.011,0.000,0.000,0.000,0.000,0.011,0.294,0.051,0.177,0.025,0.021
state_sector,0,rural,0,Uttarakhand,2023,0.225,0.000,0.571,0.260,0.001,0.485,0.014,0.013,0.820,0.051,0.082,0.000,0.011,0.000,0.001,0.074,0.241,0.005,0.060,0.118,0.075
state_sector,1,rural,0,Uttarakhand,2023,0.168,0.000,0.642,0.675,0.012,0.331,0.003,0.000,0.862,0.016,0.206,0.000,0.011,0.000,0.000,0.195,0.675,0.017,0.172,0.259,0.183
state_sector,0,urban,1,Uttarakhand,2023,0.098,0.000,0.283,0.102,0.000,0.604,0.026,0.005,0.582,0.025,0.017,0.000,0.007,0.000,0.003,0.011,0.099,0.001,0.015,0.026,0.014
state_sector,1,urban,1,Uttarakhand,2023,0.149,0.000,0.408,0.462,0.000,0.486,0.000,0.000,0.609,0.033,0.000,0.000,0.000,0.000,0.000,0.000,0.438,0.000,0.106,0.024,0.024
state,0,,99,Uttarakhand,2023,0.191,0.000,0.493,0.217,0.001,0.517,0.017,0.011,0.756,0.044,0.065,0.000,0.010,0.000,0.001,0.057,0.203,0.004,0.048,0.093,0.058
state,1,,99,Uttarakhand,2023,0.164,0.000,0.598,0.636,0.010,0.360,0.002,0.000,0.814,0.019,0.168,0.000,0.009,0.000,0.000,0.159,0.631,0.013,0.160,0.215,0.153
state_sector,0,rural,0,West Bengal,2023,0.022,0.046,0.974,0.485,0.002,0.406,0.065,0.189,0.830,0.021,0.072,0.000,0.001,0.012,0.038,0.027,0.479,0.309,0.121,0.168,0.075
state_sector,1,rural,0,West Bengal,2023,0.019,0.061,0.993,0.590,0.002,0.201,0.105,0.271,0.864,0.024,0.047,0.000,0.001,0.002,0.027,0.019,0.581,0.353,0.166,0.202,0.107
state_sector,0,urban,1,West Bengal,2023,0.002,0.007,0.632,0.262,0.000,0.651,0.020,0.075,0.620,0.019,0.030,0.000,0.001,0.005,0.009,0.017,0.255,0.167,0.056,0.073,0.025
state_sector,1,urban,1,West Bengal,2023,0.006,0.020,0.869,0.537,0.000,0.537,0.059,0.200,0.801,0.021,0.050,0.000,0.000,0.002,0.037,0.012,0.529,0.352,0.132,0.162,0.049
state,0,,99,West Bengal,2023,0.016,0.034,0.870,0.417,0.001,0.480,0.052,0.155,0.767,0.020,0.059,0.000,0.001,0.010,0.029,0.024,0.411,0.266,0.101,0.139,0.060
state,1,,99,West Bengal,2023,0.016,0.050,0.961,0.576,0.001,0.289,0.093,0.253,0.848,0.023,0.048,0.000,0.001,0.002,0.029,0.017,0.567,0.353,0.157,0.192,0.092
sector,0,rural,0,India,2022,0.446,0.065,0.547,0.283,0.004,0.243,0.176,0.089,0.282,0.022,0.034,0.001,0.002,0.001,0.006,0.025,0.270,0.045,0.072,0.081,0.038
sector,1,rural,0,India,2022,0.490,0.055,0.575,0.391,0.004,0.148,0.110,0.110,0.246,0.015,0.032,0.000,0.001,0.001,0.006,0.025,0.374,0.045,0.088,0.095,0.037
sector,0,urban,1,India,2022,0.310,0.028,0.304,0.126,0.003,0.252,0.178,0.049,0.174,0.015,0.020,0.001,0.001,0.001,0.003,0.015,0.117,0.026,0.033,0.031,0.013
sector,1,urban,1,India,2022,0.412,0.028,0.435,0.307,0.002,0.262,0.111,0.090,0.220,0.022,0.019,0.000,0.001,0.002,0.002,0.014,0.296,0.043,0.058,0.057,0.023
india_all,0,,99,India,2022,0.403,0.054,0.469,0.233,0.004,0.246,0.176,0.076,0.247,0.020,0.029,0.001,0.001,0.001,0.005,0.022,0.221,0.039,0.060,0.065,0.030
india_all,1,,99,India,2022,0.477,0.050,0.551,0.377,0.003,0.167,0.110,0.107,0.241,0.016,0.029,0.000,0.001,0.001,0.005,0.023,0.361,0.044,0.083,0.089,0.035
state_sector,0,rural,0,Andaman and Nicobar Islands,2022,0.806,0.000,0.004,0.357,0.000,0.108,0.000,0.086,0.004,0.000,0.003,0.000,0.000,0.000,0.000,0.003,0.357,0.004,0.000,0.000,0.000
state_sector,1,rural,0,Andaman and Nicobar Islands,2022,0.487,0.000,0.000,0.000,0.000,0.000,0.000,0.000,0.000,0.000,0.000,0.000,0.000,0.000,0.000,0.000,0.000,0.000,0.000,0.000,0.000
state_sector,0,urban,1,Andaman and Nicobar Islands,2022,0.529,0.000,0.000,0.099,0.000,0.156,0.010,0.024,0.005,0.005,0.000,0.000,0.000,0.000,0.000,0.000,0.099,0.005,0.000,0.000,0.000
state_sector,1,urban,1,Andaman and Nicobar Islands,2022,0.000,0.000,0.000,0.000,0.000,0.000,0.000,0.000,0.000,0.000,0.000,0.000,0.000,0.000,0.000,0.000,0.000,0.000,0.000,0.000,0.000
state,0,,99,Andaman and Nicobar Islands,2022,0.697,0.000,0.002,0.255,0.000,0.127,0.004,0.062,0.004,0.002,0.002,0.000,0.000,0.000,0.000,0.002,0.255,0.004,0.000,0.000,0.000
state,1,,99,Andaman and Nicobar Islands,2022,0.274,0.000,0.000,0.000,0.000,0.000,0.000,0.000,0.000,0.000,0.000,0.000,0.000,0.000,0.000,0.000,0.000,0.000,0.000,0.000,0.000
state_sector,0,rural,0,Andhra Pradesh,2022,0.863,0.000,0.549,0.269,0.005,0.424,0.195,0.134,0.708,0.041,0.072,0.000,0.007,0.000,0.000,0.068,0.261,0.073,0.256,0.134,0.129
state_sector,1,rural,0,Andhra Pradesh,2022,0.933,0.000,0.569,0.419,0.007,0.414,0.354,0.152,0.531,0.031,0.098,0.000,0.010,0.000,0.000,0.092,0.402,0.061,0.406,0.225,0.222
state_sector,0,urban,1,Andhra Pradesh,2022,0.671,0.000,0.420,0.130,0.001,0.531,0.039,0.157,0.573,0.040,0.036,0.000,0.004,0.000,0.000,0.035,0.123,0.039,0.117,0.056,0.055
state_sector,1,urban,1,Andhra Pradesh,2022,0.855,0.000,0.694,0.340,0.014,0.718,0.047,0.230,0.516,0.054,0.077,0.000,0.018,0.000,0.000,0.073,0.327,0.021,0.327,0.220,0.186
state,0,,99,Andhra Pradesh,2022,0.802,0.000,0.508,0.225,0.004,0.458,0.145,0.141,0.665,0.041,0.061,0.000,0.006,0.000,0.000,0.058,0.217,0.062,0.212,0.110,0.106
state,1,,99,Andhra Pradesh,2022,0.913,0.000,0.601,0.399,0.009,0.492,0.275,0.172,0.527,0.037,0.093,0.000,0.012,0.000,0.000,0.087,0.383,0.050,0.385,0.223,0.212
state_sector,0,rural,0,Arunachal Pradesh,2022,0.655,0.017,0.124,0.355,0.000,0.169,0.021,0.070,0.080,0.020,0.004,0.000,0.000,0.000,0.000,0.004,0.353,0.001,0.003,0.002,0.000
state_sector,1,rural,0,Arunachal Pradesh,2022,0.392,0.000,0.362,0.496,0.000,0.014,0.029,0.102,0.037,0.002,0.003,0.000,0.000,0.000,0.000,0.003,0.496,0.011,0.015,0.000,0.000
state_sector,0,urban,1,Arunachal Pradesh,2022,0.369,0.003,0.082,0.249,0.000,0.031,0.004,0.015,0.011,0.004,0.000,0.000,0.000,0.000,0.000,0.000,0.245,0.002,0.000,0.005,0.000
state_sector,1,urban,1,Arunachal Pradesh,2022,0.414,0.000,0.258,0.441,0.000,0.008,0.000,0.050,0.020,0.000,0.000,0.000,0.000,0.000,0.000,0.000,0.441,0.000,0.000,0.000,0.000
state,0,,99,Arunachal Pradesh,2022,0.591,0.014,0.115,0.331,0.000,0.138,0.017,0.057,0.065,0.017,0.003,0.000,0.000,0.000,0.000,0.003,0.329,0.001,0.002,0.003,0.000
state,1,,99,Arunachal Pradesh,2022,0.394,0.000,0.354,0.492,0.000,0.013,0.027,0.098,0.036,0.002,0.003,0.000,0.000,0.000,0.000,0.003,0.492,0.011,0.014,0.000,0.000
state_sector,0,rural,0,Assam,2022,0.052,0.031,0.743,0.493,0.002,0.150,0.016,0.128,0.275,0.007,0.093,0.001,0.000,0.000,0.000,0.092,0.487,0.059,0.104,0.180,0.025
state_sector,1,rural,0,Assam,2022,0.083,0.064,0.814,0.621,0.006,0.068,0.011,0.119,0.219,0.007,0.102,0.000,0.001,0.000,0.002,0.099,0.618,0.101,0.202,0.208,0.078
state_sector,0,urban,1,Assam,2022,0.015,0.011,0.383,0.208,0.002,0.276,0.017,0.047,0.116,0.008,0.029,0.002,0.000,0.000,0.000,0.027,0.205,0.021,0.048,0.045,0.010
state_sector,1,urban,1,Assam,2022,0.054,0.014,0.601,0.476,0.001,0.257,0.011,0.126,0.129,0.009,0.062,0.000,0.000,0.000,0.000,0.062,0.465,0.029,0.064,0.135,0.037
state,0,,99,Assam,2022,0.047,0.028,0.693,0.453,0.002,0.168,0.016,0.116,0.252,0.007,0.084,0.001,0.000,0.000,0.000,0.083,0.447,0.054,0.096,0.161,0.023
state,1,,99,Assam,2022,0.081,0.061,0.804,0.614,0.006,0.077,0.011,0.119,0.215,0.007,0.100,0.000,0.001,0.000,0.002,0.097,0.610,0.098,0.195,0.205,0.076
state_sector,0,rural,0,Bihar,2022,0.408,0.145,0.595,0.082,0.002,0.307,0.042,0.047,0.026,0.003,0.005,0.000,0.000,0.000,0.003,0.002,0.069,0.004,0.002,0.017,0.000
state_sector,1,rural,0,Bihar,2022,0.503,0.089,0.565,0.124,0.003,0.186,0.051,0.038,0.023,0.003,0.003,0.000,0.000,0.000,0.002,0.002,0.106,0.008,0.003,0.031,0.003
state_sector,0,urban,1,Bihar,2022,0.269,0.067,0.318,0.053,0.000,0.486,0.034,0.022,0.042,0.004,0.004,0.000,0.000,0.000,0.004,0.000,0.041,0.003,0.001,0.015,0.000
state_sector,1,urban,1,Bihar,2022,0.390,0.058,0.400,0.130,0.000,0.290,0.126,0.072,0.037,0.005,0.001,0.000,0.000,0.000,0.001,0.000,0.108,0.000,0.000,0.016,0.000
state,0,,99,Bihar,2022,0.395,0.138,0.569,0.080,0.002,0.324,0.042,0.045,0.027,0.003,0.005,0.000,0.000,0.000,0.003,0.002,0.067,0.004,0.002,0.016,0.000
state,1,,99,Bihar,2022,0.497,0.087,0.556,0.125,0.003,0.191,0.055,0.040,0.023,0.003,0.003,0.000,0.000,0.000,0.002,0.002,0.106,0.007,0.003,0.030,0.002
state_sector,0,rural,0,Chandigarh,2022,0.004,0.000,0.000,0.063,0.000,0.097,0.000,0.042,0.049,0.004,0.000,0.000,0.000,0.000,0.000,0.000,0.054,0.006,0.000,0.009,0.000
state_sector,1,rural,0,Chandigarh,2022,,,,,,,,,,,,,,,,,,,,,
state_sector,0,urban,1,Chandigarh,2022,0.008,0.000,0.006,0.012,0.000,0.020,0.010,0.011,0.022,0.003,0.000,0.000,0.000,0.000,0.000,0.000,0.012,0.000,0.000,0.000,0.000
state_sector,1,urban,1,Chandigarh,2022,,,,,,,,,,,,,,,,,,,,,
state,0,,99,Chandigarh,2022,0.008,0.000,0.006,0.014,0.000,0.022,0.010,0.012,0.023,0.003,0.000,0.000,0.000,0.000,0.000,0.000,0.013,0.000,0.000,0.000,0.000
state,1,,99,Chandigarh,2022,,,,,,,,,,,,,,,,,,,,,
state_sector,0,rural,0,Chhattisgarh,2022,0.925,0.097,0.788,0.297,0.004,0.373,0.045,0.153,0.690,0.081,0.039,0.000,0.000,0.000,0.004,0.035,0.289,0.007,0.010,0.084,0.009
state_sector,1,rural,0,Chhattisgarh,2022,0.922,0.071,0.822,0.419,0.008,0.108,0.077,0.168,0.547,0.033,0.073,0.000,0.000,0.001,0.010,0.066,0.409,0.004,0.004,0.165,0.004
state_sector,0,urban,1,Chhattisgarh,2022,0.692,0.025,0.451,0.134,0.003,0.523,0.037,0.058,0.462,0.028,0.015,0.001,0.001,0.002,0.001,0.011,0.130,0.003,0.003,0.038,0.004
state_sector,1,urban,1,Chhattisgarh,2022,0.874,0.015,0.737,0.403,0.006,0.305,0.031,0.049,0.439,0.007,0.074,0.000,0.000,0.000,0.004,0.070,0.387,0.001,0.004,0.106,0.015
state,0,,99,Chhattisgarh,2022,0.862,0.078,0.697,0.253,0.003,0.414,0.043,0.127,0.628,0.067,0.032,0.000,0.000,0.001,0.003,0.029,0.246,0.006,0.008,0.072,0.007
state,1,,99,Chhattisgarh,2022,0.917,0.065,0.813,0.417,0.008,0.128,0.072,0.155,0.535,0.030,0.073,0.000,0.000,0.001,0.009,0.067,0.407,0.004,0.004,0.158,0.005
state_sector,0,rural,0,Dadra and Nagar Haveli and Daman and Diu,2022,0.206,0.000,0.223,0.246,0.003,0.005,0.000,0.035,0.239,0.017,0.008,0.000,0.000,0.000,0.008,0.000,0.240,0.084,0.066,0.025,0.009
state_sector,1,rural,0,Dadra and Nagar Haveli and Daman and Diu,2022,0.578,0.000,0.372,0.479,0.023,0.011,0.015,0.177,0.199,0.013,0.043,0.000,0.000,0.000,0.043,0.000,0.479,0.160,0.185,0.042,0.000
state_sector,0,urban,1,Dadra and Nagar Haveli and Daman and Diu,2022,0.074,0.000,0.058,0.169,0.000,0.030,0.019,0.007,0.108,0.028,0.041,0.000,0.000,0.000,0.000,0.041,0.165,0.094,0.069,0.025,0.017
state_sector,1,urban,1,Dadra and Nagar Haveli and Daman and Diu,2022,0.000,0.000,0.000,0.468,0.000,0.066,0.000,0.034,0.153,0.000,0.000,0.000,0.000,0.000,0.000,0.000,0.468,0.000,0.118,0.000,0.000
state,0,,99,Dadra and Nagar Haveli and Daman and Diu,2022,0.117,0.000,0.113,0.194,0.001,0.022,0.013,0.016,0.151,0.024,0.030,0.000,0.000,0.000,0.003,0.028,0.190,0.091,0.068,0.025,0.014
state,1,,99,Dadra and Nagar Haveli and Daman and Diu,2022,0.441,0.000,0.283,0.477,0.018,0.024,0.011,0.143,0.188,0.010,0.033,0.000,0.000,0.000,0.033,0.000,0.477,0.122,0.169,0.032,0.000
state_sector,0,rural,0,Delhi,2022,0.044,0.000,0.125,0.316,0.000,0.000,0.488,0.025,0.005,0.002,0.094,0.000,0.000,0.000,0.000,0.094,0.250,0.149,0.000,0.002,0.000
state_sector,1,rural,0,Delhi,2022,0.282,0.000,0.030,0.397,0.000,0.000,0.416,0.037,0.000,0.000,0.000,0.000,0.000,0.000,0.000,0.000,0.367,0.149,0.000,0.000,0.000
state_sector,0,urban,1,Delhi,2022,0.052,0.000,0.150,0.172,0.009,0.001,0.409,0.095,0.006,0.002,0.055,0.000,0.001,0.001,0.005,0.048,0.135,0.037,0.008,0.022,0.006
state_sector,1,urban,1,Delhi,2022,0.213,0.000,0.151,0.400,0.000,0.000,0.431,0.157,0.000,0.000,0.018,0.000,0.000,0.018,0.000,0.000,0.400,0.102,0.000,0.024,0.000
state,0,,99,Delhi,2022,0.052,0.000,0.150,0.174,0.009,0.001,0.411,0.094,0.006,0.002,0.055,0.000,0.001,0.001,0.004,0.049,0.137,0.039,0.008,0.022,0.005
state,1,,99,Delhi,2022,0.214,0.000,0.149,0.400,0.000,0.000,0.431,0.155,0.000,0.000,0.018,0.000,0.000,0.018,0.000,0.000,0.400,0.102,0.000,0.024,0.000
state_sector,0,rural,0,Goa,2022,0.750,0.000,0.129,0.269,0.000,0.000,0.003,0.000,0.104,0.012,0.000,0.000,0.000,0.000,0.000,0.000,0.257,0.070,0.000,0.001,0.000
state_sector,1,rural,0,Goa,2022,0.264,0.000,0.144,0.505,0.000,0.000,0.000,0.000,0.000,0.000,0.000,0.000,0.000,0.000,0.000,0.000,0.505,0.235,0.000,0.034,0.000
state_sector,0,urban,1,Goa,2022,0.536,0.000,0.130,0.187,0.000,0.000,0.003,0.003,0.149,0.012,0.000,0.000,0.000,0.000,0.000,0.000,0.183,0.021,0.003,0.000,0.000
state_sector,1,urban,1,Goa,2022,0.000,0.000,0.000,0.000,0.000,0.000,0.000,0.000,0.000,0.000,0.000,0.000,0.000,0.000,0.000,0.000,0.000,0.000,0.000,0.000,0.000
state,0,,99,Goa,2022,0.628,0.000,0.130,0.222,0.000,0.000,0.003,0.002,0.130,0.012,0.000,0.000,0.000,0.000,0.000,0.000,0.215,0.042,0.002,0.000,0.000
state,1,,99,Goa,2022,0.163,0.000,0.089,0.311,0.000,0.000,0.000,0.000,0.000,0.000,0.000,0.000,0.000,0.000,0.000,0.000,0.311,0.145,0.000,0.021,0.000
state_sector,0,rural,0,Gujarat,2022,0.636,0.002,0.146,0.405,0.002,0.041,0.006,0.123,0.248,0.015,0.014,0.000,0.003,0.000,0.010,0.002,0.403,0.029,0.014,0.019,0.001
state_sector,1,rural,0,Gujarat,2022,0.728,0.000,0.217,0.555,0.001,0.022,0.010,0.172,0.201,0.022,0.014,0.000,0.001,0.000,0.013,0.002,0.555,0.037,0.022,0.016,0.001
state_sector,0,urban,1,Gujarat,2022,0.184,0.000,0.056,0.120,0.001,0.021,0.010,0.057,0.140,0.019,0.005,0.000,0.001,0.000,0.001,0.002,0.117,0.011,0.012,0.012,0.003
state_sector,1,urban,1,Gujarat,2022,0.541,0.000,0.068,0.341,0.000,0.034,0.010,0.099,0.176,0.033,0.012,0.000,0.000,0.000,0.005,0.007,0.329,0.083,0.012,0.011,0.002
state,0,,99,Gujarat,2022,0.431,0.001,0.105,0.276,0.002,0.032,0.008,0.093,0.200,0.017,0.010,0.000,0.002,0.000,0.006,0.002,0.273,0.021,0.013,0.016,0.002
state,1,,99,Gujarat,2022,0.687,0.000,0.184,0.508,0.001,0.025,0.010,0.156,0.195,0.025,0.013,0.000,0.001,0.000,0.011,0.003,0.505,0.047,0.020,0.015,0.001
state_sector,0,rural,0,Haryana,2022,0.429,0.001,0.246,0.111,0.000,0.267,0.012,0.060,0.122,0.014,0.020,0.000,0.015,0.000,0.002,0.003,0.104,0.016,0.006,0.010,0.005
state_sector,1,rural,0,Haryana,2022,0.513,0.000,0.308,0.290,0.010,0.116,0.002,0.128,0.210,0.023,0.027,0.000,0.014,0.000,0.005,0.008,0.273,0.076,0.029,0.016,0.013
state_sector,0,urban,1,Haryana,2022,0.188,0.000,0.125,0.052,0.000,0.275,0.012,0.023,0.105,0.004,0.001,0.000,0.001,0.000,0.000,0.000,0.052,0.010,0.005,0.001,0.000
state_sector,1,urban,1,Haryana,2022,0.332,0.000,0.212,0.218,0.000,0.256,0.003,0.179,0.063,0.000,0.000,0.000,0.000,0.000,0.000,0.000,0.211,0.042,0.000,0.000,0.000
state,0,,99,Haryana,2022,0.338,0.001,0.200,0.089,0.000,0.270,0.012,0.046,0.116,0.010,0.013,0.000,0.010,0.000,0.001,0.002,0.084,0.014,0.006,0.007,0.003
state,1,,99,Haryana,2022,0.462,0.000,0.281,0.270,0.007,0.155,0.002,0.143,0.169,0.016,0.019,0.000,0.010,0.000,0.003,0.006,0.255,0.066,0.021,0.012,0.009
state_sector,0,rural,0,Himachal Pradesh,2022,0.884,0.002,0.062,0.249,0.000,0.615,0.724,0.015,0.404,0.041,0.013,0.005,0.000,0.001,0.000,0.008,0.234,0.008,0.031,0.060,0.000
state_sector,1,rural,0,Himachal Pradesh,2022,0.953,0.000,0.142,0.590,0.021,0.625,0.817,0.043,0.531,0.037,0.029,0.000,0.000,0.000,0.000,0.029,0.552,0.075,0.183,0.210,0.000
state_sector,0,urban,1,Himachal Pradesh,2022,0.530,0.000,0.009,0.094,0.002,0.536,0.512,0.024,0.275,0.022,0.005,0.002,0.000,0.000,0.000,0.002,0.081,0.005,0.014,0.013,0.000
state_sector,1,urban,1,Himachal Pradesh,2022,0.378,0.000,0.135,0.537,0.083,0.223,0.682,0.026,0.254,0.054,0.000,0.000,0.000,0.000,0.000,0.000,0.537,0.128,0.113,0.262,0.113
state,0,,99,Himachal Pradesh,2022,0.847,0.002,0.057,0.233,0.000,0.607,0.702,0.016,0.391,0.039,0.013,0.004,0.000,0.001,0.000,0.007,0.218,0.007,0.030,0.055,0.000
state,1,,99,Himachal Pradesh,2022,0.896,0.000,0.141,0.585,0.027,0.585,0.804,0.042,0.503,0.038,0.026,0.000,0.000,0.000,0.000,0.026,0.551,0.081,0.176,0.215,0.011
state_sector,0,rural,0,Jammu and Kashmir,2022,0.572,0.008,0.411,0.185,0.002,0.390,0.014,0.053,0.762,0.076,0.017,0.000,0.000,0.000,0.000,0.017,0.174,0.017,0.004,0.060,0.001
state_sector,1,rural,0,Jammu and Kashmir,2022,0.697,0.000,0.600,0.441,0.004,0.185,0.005,0.084,0.622,0.063,0.058,0.000,0.000,0.000,0.000,0.058,0.428,0.052,0.028,0.142,0.009
state_sector,0,urban,1,Jammu and Kashmir,2022,0.420,0.003,0.178,0.025,0.001,0.408,0.015,0.009,0.696,0.046,0.004,0.000,0.001,0.000,0.000,0.003,0.021,0.001,0.001,0.005,0.002
state_sector,1,urban,1,Jammu and Kashmir,2022,0.434,0.000,0.405,0.231,0.008,0.337,0.088,0.046,0.681,0.046,0.008,0.000,0.000,0.000,0.000,0.008,0.229,0.033,0.030,0.084,0.024
state,0,,99,Jammu and Kashmir,2022,0.535,0.007,0.354,0.146,0.002,0.395,0.014,0.042,0.746,0.068,0.014,0.000,0.000,0.000,0.000,0.014,0.136,0.013,0.003,0.047,0.001
state,1,,99,Jammu and Kashmir,2022,0.673,0.000,0.582,0.422,0.004,0.199,0.012,0.081,0.627,0.062,0.054,0.000,0.000,0.000,0.000,0.054,0.410,0.050,0.028,0.137,0.011
state_sector,0,rural,0,Jharkhand,2022,0.732,0.179,0.204,0.430,0.017,0.128,0.158,0.100,0.088,0.014,0.081,0.002,0.000,0.000,0.002,0.078,0.392,0.153,0.285,0.183,0.061
state_sector,1,rural,0,Jharkhand,2022,0.725,0.258,0.210,0.491,0.006,0.032,0.230,0.140,0.052,0.005,0.067,0.000,0.000,0.000,0.003,0.064,0.451,0.166,0.319,0.177,0.079
state_sector,0,urban,1,Jharkhand,2022,0.334,0.019,0.085,0.093,0.001,0.124,0.193,0.043,0.041,0.007,0.003,0.000,0.000,0.000,0.000,0.003,0.085,0.018,0.053,0.022,0.004
state_sector,1,urban,1,Jharkhand,2022,0.586,0.067,0.112,0.276,0.001,0.083,0.240,0.088,0.043,0.010,0.032,0.000,0.000,0.000,0.000,0.032,0.256,0.097,0.171,0.098,0.034
state,0,,99,Jharkhand,2022,0.633,0.139,0.174,0.346,0.013,0.127,0.167,0.086,0.076,0.012,0.062,0.001,0.000,0.000,0.002,0.059,0.316,0.119,0.227,0.143,0.047
state,1,,99,Jharkhand,2022,0.711,0.238,0.200,0.468,0.006,0.037,0.231,0.134,0.051,0.005,0.063,0.000,0.000,0.000,0.003,0.061,0.430,0.159,0.304,0.169,0.075
state_sector,0,rural,0,Karnataka,2022,0.031,0.012,0.891,0.367,0.003,0.019,0.095,0.108,0.317,0.013,0.029,0.001,0.001,0.000,0.003,0.024,0.355,0.016,0.046,0.147,0.108
state_sector,1,rural,0,Karnataka,2022,0.044,0.000,0.843,0.463,0.005,0.005,0.085,0.039,0.127,0.015,0.039,0.000,0.000,0.000,0.003,0.036,0.448,0.022,0.019,0.161,0.082
state_sector,0,urban,1,Karnataka,2022,0.032,0.001,0.465,0.136,0.000,0.003,0.017,0.054,0.136,0.005,0.018,0.000,0.000,0.000,0.000,0.018,0.123,0.009,0.019,0.053,0.032
state_sector,1,urban,1,Karnataka,2022,0.071,0.000,0.809,0.402,0.008,0.000,0.029,0.091,0.106,0.011,0.015,0.000,0.008,0.000,0.000,0.007,0.378,0.006,0.026,0.146,0.097
state,0,,99,Karnataka,2022,0.031,0.008,0.732,0.281,0.002,0.013,0.066,0.088,0.249,0.010,0.025,0.000,0.001,0.000,0.002,0.022,0.269,0.014,0.036,0.112,0.079
state,1,,99,Karnataka,2022,0.051,0.000,0.834,0.447,0.006,0.004,0.070,0.052,0.122,0.014,0.033,0.000,0.002,0.000,0.002,0.028,0.430,0.018,0.020,0.157,0.086
state_sector,0,rural,0,Kerala,2022,0.856,0.293,0.206,0.262,0.001,0.001,0.007,0.021,0.357,0.046,0.010,0.001,0.000,0.002,0.000,0.008,0.244,0.007,0.010,0.085,0.000
state_sector,1,rural,0,Kerala,2022,0.920,0.334,0.302,0.483,0.002,0.000,0.000,0.057,0.443,0.047,0.036,0.004,0.000,0.000,0.000,0.033,0.473,0.015,0.018,0.121,0.004
state_sector,0,urban,1,Kerala,2022,0.729,0.236,0.143,0.204,0.004,0.000,0.007,0.027,0.207,0.025,0.006,0.001,0.000,0.000,0.000,0.005,0.189,0.005,0.009,0.056,0.000
state_sector,1,urban,1,Kerala,2022,0.887,0.252,0.288,0.555,0.000,0.000,0.006,0.040,0.305,0.050,0.013,0.000,0.004,0.009,0.000,0.000,0.523,0.013,0.023,0.145,0.000
state,0,,99,Kerala,2022,0.797,0.267,0.177,0.235,0.002,0.001,0.007,0.024,0.288,0.036,0.008,0.001,0.000,0.001,0.000,0.006,0.219,0.006,0.009,0.072,0.000
state,1,,99,Kerala,2022,0.904,0.295,0.295,0.517,0.001,0.000,0.003,0.049,0.378,0.048,0.025,0.002,0.002,0.004,0.000,0.017,0.496,0.014,0.021,0.132,0.002
state_sector,0,rural,0,Ladakh,2022,0.885,0.372,0.283,0.364,0.004,0.927,0.007,0.006,0.674,0.068,0.074,0.000,0.000,0.000,0.000,0.074,0.360,0.040,0.041,0.127,0.004
state_sector,1,rural,0,Ladakh,2022,0.841,0.420,0.387,0.558,0.000,0.376,0.030,0.008,0.580,0.007,0.000,0.000,0.000,0.000,0.000,0.000,0.558,0.053,0.053,0.000,0.000
state_sector,0,urban,1,Ladakh,2022,0.796,0.135,0.082,0.110,0.000,0.726,0.004,0.012,0.706,0.024,0.016,0.000,0.000,0.000,0.003,0.013,0.088,0.017,0.019,0.012,0.000
state_sector,1,urban,1,Ladakh,2022,0.570,0.195,0.244,0.338,0.000,0.539,0.000,0.000,0.777,0.000,0.000,0.000,0.000,0.000,0.000,0.000,0.338,0.000,0.000,0.000,0.000
state,0,,99,Ladakh,2022,0.872,0.335,0.252,0.325,0.004,0.895,0.007,0.007,0.679,0.061,0.065,0.000,0.000,0.000,0.000,0.065,0.318,0.036,0.038,0.109,0.004
state,1,,99,Ladakh,2022,0.824,0.406,0.379,0.545,0.000,0.386,0.028,0.008,0.592,0.006,0.000,0.000,0.000,0.000,0.000,0.000,0.545,0.050,0.050,0.000,0.000
state_sector,0,rural,0,Lakshadweep,2022,0.815,0.144,0.199,0.598,0.010,0.000,0.000,0.061,0.018,0.000,0.011,0.000,0.000,0.000,0.008,0.004,0.588,0.285,0.150,0.349,0.295
state_sector,1,rural,0,Lakshadweep,2022,1.000,1.000,0.301,0.742,0.000,0.000,0.000,0.000,0.000,0.000,0.000,0.000,0.000,0.000,0.000,0.000,0.742,0.000,0.000,0.742,0.742
state_sector,0,urban,1,Lakshadweep,2022,0.899,0.000,0.103,0.628,0.002,0.000,0.001,0.025,0.085,0.004,0.038,0.000,0.003,0.000,0.013,0.023,0.624,0.287,0.026,0.456,0.298
state_sector,1,urban,1,Lakshadweep,2022,0.635,0.000,0.365,1.000,0.000,0.000,0.000,0.000,0.160,0.000,0.000,0.000,0.000,0.000,0.000,0.000,1.000,0.160,0.160,1.000,0.503
state,0,,99,Lakshadweep,2022,0.878,0.035,0.126,0.621,0.004,0.000,0.001,0.034,0.069,0.003,0.032,0.000,0.002,0.000,0.011,0.018,0.615,0.286,0.056,0.430,0.297
state,1,,99,Lakshadweep,2022,0.720,0.232,0.350,0.940,0.000,0.000,0.000,0.000,0.123,0.000,0.000,0.000,0.000,0.000,0.000,0.000,0.940,0.123,0.123,0.940,0.559
state_sector,0,rural,0,Madhya Pradesh,2022,0.574,0.015,0.377,0.363,0.001,0.150,0.272,0.106,0.471,0.019,0.019,0.000,0.000,0.001,0.007,0.011,0.355,0.011,0.004,0.052,0.006
state_sector,1,rural,0,Madhya Pradesh,2022,0.728,0.012,0.259,0.497,0.004,0.056,0.147,0.153,0.452,0.012,0.053,0.000,0.000,0.001,0.013,0.042,0.490,0.010,0.005,0.117,0.004
state_sector,0,urban,1,Madhya Pradesh,2022,0.308,0.006,0.112,0.117,0.001,0.235,0.160,0.063,0.240,0.017,0.006,0.000,0.000,0.000,0.002,0.004,0.115,0.004,0.003,0.009,0.002
state_sector,1,urban,1,Madhya Pradesh,2022,0.564,0.013,0.205,0.314,0.001,0.282,0.190,0.143,0.390,0.016,0.008,0.000,0.000,0.000,0.001,0.006,0.310,0.008,0.003,0.027,0.008
state,0,,99,Madhya Pradesh,2022,0.504,0.013,0.307,0.298,0.001,0.172,0.242,0.095,0.410,0.019,0.015,0.000,0.000,0.000,0.006,0.009,0.291,0.009,0.004,0.040,0.005
state,1,,99,Madhya Pradesh,2022,0.694,0.012,0.248,0.458,0.003,0.104,0.156,0.151,0.439,0.013,0.043,0.000,0.000,0.001,0.011,0.035,0.452,0.010,0.004,0.098,0.005
state_sector,0,rural,0,Maharashtra,2022,0.477,0.000,0.396,0.255,0.001,0.274,0.013,0.093,0.081,0.012,0.015,0.005,0.000,0.000,0.002,0.009,0.245,0.014,0.010,0.053,0.005
state_sector,1,rural,0,Maharashtra,2022,0.628,0.001,0.411,0.464,0.003,0.325,0.021,0.139,0.085,0.008,0.010,0.000,0.000,0.000,0.002,0.008,0.449,0.014,0.013,0.126,0.005
state_sector,0,urban,1,Maharashtra,2022,0.234,0.000,0.119,0.091,0.000,0.140,0.012,0.041,0.015,0.006,0.012,0.008,0.001,0.000,0.000,0.004,0.089,0.014,0.015,0.009,0.002
state_sector,1,urban,1,Maharashtra,2022,0.446,0.000,0.268,0.327,0.002,0.363,0.023,0.087,0.057,0.013,0.014,0.000,0.000,0.000,0.000,0.014,0.320,0.017,0.031,0.041,0.003
state,0,,99,Maharashtra,2022,0.363,0.000,0.267,0.178,0.001,0.211,0.013,0.068,0.050,0.009,0.014,0.006,0.000,0.000,0.001,0.006,0.172,0.014,0.013,0.032,0.004
state,1,,99,Maharashtra,2022,0.574,0.001,0.369,0.424,0.003,0.336,0.022,0.124,0.077,0.010,0.011,0.000,0.000,0.000,0.001,0.010,0.411,0.015,0.018,0.101,0.004
state_sector,0,rural,0,Manipur,2022,0.747,0.000,0.081,0.064,0.001,0.224,0.018,0.016,0.174,0.014,0.003,0.000,0.000,0.000,0.000,0.003,0.060,0.008,0.023,0.010,0.001
state_sector,1,rural,0,Manipur,2022,0.887,0.002,0.116,0.217,0.001,0.100,0.030,0.066,0.177,0.009,0.003,0.000,0.000,0.000,0.000,0.003,0.210,0.041,0.045,0.033,0.001
state_sector,0,urban,1,Manipur,2022,0.641,0.001,0.129,0.022,0.001,0.207,0.005,0.011,0.151,0.014,0.003,0.000,0.000,0.000,0.000,0.003,0.019,0.001,0.007,0.005,0.001
state_sector,1,urban,1,Manipur,2022,0.813,0.007,0.315,0.099,0.000,0.105,0.011,0.021,0.168,0.006,0.001,0.000,0.000,0.000,0.000,0.001,0.098,0.007,0.023,0.004,0.000
state,0,,99,Manipur,2022,0.716,0.000,0.095,0.052,0.001,0.219,0.014,0.015,0.167,0.014,0.003,0.000,0.000,0.000,0.000,0.003,0.048,0.006,0.018,0.009,0.001
state,1,,99,Manipur,2022,0.871,0.003,0.160,0.190,0.001,0.101,0.026,0.056,0.175,0.008,0.002,0.000,0.000,0.000,0.000,0.002,0.185,0.033,0.040,0.026,0.001
state_sector,0,rural,0,Meghalaya,2022,0.701,0.050,0.092,0.249,0.000,0.028,0.017,0.041,0.303,0.017,0.054,0.000,0.008,0.000,0.000,0.046,0.242,0.056,0.014,0.096,0.004
state_sector,1,rural,0,Meghalaya,2022,0.796,0.098,0.213,0.480,0.002,0.012,0.040,0.041,0.280,0.022,0.017,0.000,0.003,0.000,0.000,0.014,0.472,0.072,0.038,0.122,0.052
state_sector,0,urban,1,Meghalaya,2022,0.434,0.009,0.012,0.051,0.000,0.055,0.009,0.055,0.322,0.032,0.024,0.003,0.015,0.000,0.000,0.005,0.051,0.003,0.002,0.007,0.001
state_sector,1,urban,1,Meghalaya,2022,0.756,0.159,0.041,0.167,0.000,0.040,0.000,0.000,0.184,0.061,0.015,0.000,0.000,0.000,0.000,0.015,0.152,0.028,0.018,0.020,0.005
state,0,,99,Meghalaya,2022,0.649,0.042,0.076,0.210,0.000,0.033,0.015,0.043,0.306,0.020,0.048,0.001,0.009,0.000,0.000,0.038,0.205,0.046,0.011,0.079,0.004
state,1,,99,Meghalaya,2022,0.794,0.101,0.205,0.466,0.001,0.013,0.039,0.039,0.276,0.024,0.017,0.000,0.003,0.000,0.000,0.014,0.458,0.070,0.037,0.118,0.050
state_sector,0,rural,0,Mizoram,2022,0.882,0.081,0.161,0.185,0.000,0.687,0.008,0.040,0.004,0.003,0.007,0.000,0.000,0.000,0.000,0.007,0.182,0.032,0.023,0.005,0.000
state_sector,1,rural,0,Mizoram,2022,0.944,0.126,0.114,0.253,0.000,0.579,0.008,0.005,0.029,0.019,0.000,0.000,0.000,0.000,0.000,0.000,0.239,0.062,0.068,0.000,0.000
state_sector,0,urban,1,Mizoram,2022,0.942,0.047,0.100,0.050,0.000,0.727,0.007,0.076,0.020,0.006,0.001,0.000,0.000,0.000,0.000,0.001,0.046,0.004,0.005,0.002,0.002
state_sector,1,urban,1,Mizoram,2022,0.958,0.068,0.060,0.125,0.000,0.872,0.000,0.000,0.038,0.038,0.020,0.000,0.000,0.000,0.000,0.020,0.125,0.011,0.022,0.012,0.000
state,0,,99,Mizoram,2022,0.910,0.065,0.132,0.121,0.000,0.706,0.007,0.057,0.012,0.004,0.004,0.000,0.000,0.000,0.000,0.004,0.118,0.019,0.014,0.003,0.001
state,1,,99,Mizoram,2022,0.947,0.114,0.103,0.227,0.000,0.638,0.007,0.004,0.031,0.023,0.004,0.000,0.000,0.000,0.000,0.004,0.216,0.052,0.059,0.002,0.000
state_sector,0,rural,0,Nagaland,2022,0.484,0.000,0.477,0.196,0.000,0.080,0.001,0.001,0.300,0.008,0.000,0.000,0.000,0.000,0.000,0.000,0.184,0.015,0.027,0.006,0.000
state_sector,1,rural,0,Nagaland,2022,0.478,0.000,0.341,0.470,0.001,0.050,0.001,0.000,0.334,0.013,0.046,0.000,0.000,0.000,0.000,0.046,0.450,0.042,0.082,0.045,0.000
state_sector,0,urban,1,Nagaland,2022,0.391,0.005,0.415,0.064,0.000,0.146,0.005,0.005,0.173,0.013,0.003,0.000,0.000,0.000,0.000,0.003,0.060,0.000,0.010,0.004,0.002
state_sector,1,urban,1,Nagaland,2022,0.356,0.000,0.242,0.246,0.000,0.174,0.007,0.000,0.120,0.017,0.005,0.000,0.000,0.000,0.000,0.005,0.234,0.005,0.000,0.000,0.000
state,0,,99,Nagaland,2022,0.454,0.002,0.457,0.153,0.000,0.101,0.002,0.002,0.260,0.010,0.001,0.000,0.000,0.000,0.000,0.001,0.144,0.010,0.022,0.005,0.001
state,1,,99,Nagaland,2022,0.469,0.000,0.333,0.453,0.001,0.059,0.002,0.000,0.318,0.013,0.043,0.000,0.000,0.000,0.000,0.043,0.434,0.039,0.076,0.042,0.000
state_sector,0,rural,0,Odisha,2022,0.529,0.083,0.415,0.385,0.005,0.259,0.025,0.054,0.591,0.024,0.062,0.000,0.000,0.000,0.025,0.039,0.366,0.007,0.007,0.244,0.234
state_sector,1,rural,0,Odisha,2022,0.743,0.076,0.361,0.522,0.008,0.077,0.025,0.044,0.629,0.016,0.042,0.000,0.000,0.001,0.012,0.029,0.498,0.007,0.018,0.200,0.183
state_sector,0,urban,1,Odisha,2022,0.310,0.010,0.185,0.179,0.001,0.437,0.016,0.031,0.270,0.013,0.022,0.000,0.000,0.000,0.004,0.019,0.164,0.001,0.004,0.098,0.093
state_sector,1,urban,1,Odisha,2022,0.636,0.029,0.320,0.431,0.000,0.206,0.010,0.035,0.505,0.021,0.025,0.000,0.000,0.000,0.005,0.020,0.407,0.004,0.016,0.186,0.175
state,0,,99,Odisha,2022,0.490,0.070,0.374,0.348,0.005,0.290,0.023,0.050,0.534,0.022,0.055,0.000,0.000,0.000,0.022,0.035,0.330,0.006,0.006,0.218,0.209
state,1,,99,Odisha,2022,0.733,0.071,0.357,0.513,0.008,0.089,0.023,0.043,0.618,0.016,0.041,0.000,0.000,0.000,0.012,0.028,0.489,0.007,0.018,0.199,0.183
state_sector,0,rural,0,Puducherry,2022,0.202,0.000,0.340,0.267,0.000,0.902,0.048,0.009,0.080,0.000,0.011,0.000,0.000,0.000,0.004,0.008,0.252,0.032,0.004,0.034,0.007
state_sector,1,rural,0,Puducherry,2022,0.242,0.000,0.645,0.791,0.000,0.906,0.242,0.000,0.075,0.000,0.292,0.000,0.000,0.000,0.179,0.292,0.791,0.179,0.000,0.292,0.000
state_sector,0,urban,1,Puducherry,2022,0.099,0.000,0.126,0.148,0.000,0.874,0.024,0.016,0.055,0.003,0.019,0.005,0.000,0.000,0.005,0.017,0.143,0.016,0.008,0.022,0.004
state_sector,1,urban,1,Puducherry,2022,0.162,0.000,0.473,0.379,0.000,0.299,0.000,0.000,0.132,0.000,0.000,0.000,0.000,0.000,0.000,0.000,0.379,0.000,0.000,0.078,0.000
state,0,,99,Puducherry,2022,0.134,0.000,0.199,0.188,0.000,0.884,0.032,0.013,0.064,0.002,0.016,0.003,0.000,0.000,0.004,0.014,0.180,0.021,0.006,0.026,0.005
state,1,,99,Puducherry,2022,0.179,0.000,0.509,0.464,0.000,0.424,0.050,0.000,0.121,0.000,0.060,0.000,0.000,0.000,0.037,0.060,0.464,0.037,0.000,0.123,0.000
state_sector,0,rural,0,Punjab,2022,0.395,0.000,0.193,0.226,0.001,0.451,0.784,0.077,0.126,0.012,0.009,0.000,0.000,0.001,0.000,0.008,0.199,0.018,0.083,0.057,0.042
state_sector,1,rural,0,Punjab,2022,0.443,0.022,0.262,0.421,0.003,0.310,0.780,0.129,0.112,0.009,0.031,0.000,0.000,0.000,0.004,0.026,0.384,0.042,0.091,0.084,0.053
state_sector,0,urban,1,Punjab,2022,0.185,0.000,0.146,0.109,0.001,0.439,0.703,0.018,0.052,0.008,0.001,0.000,0.000,0.000,0.000,0.001,0.101,0.003,0.032,0.012,0.006
state_sector,1,urban,1,Punjab,2022,0.272,0.000,0.215,0.285,0.004,0.352,0.705,0.030,0.082,0.022,0.005,0.000,0.000,0.000,0.000,0.005,0.285,0.051,0.050,0.021,0.005
state,0,,99,Punjab,2022,0.321,0.000,0.176,0.184,0.001,0.447,0.755,0.056,0.100,0.011,0.006,0.000,0.000,0.001,0.000,0.006,0.164,0.013,0.065,0.041,0.029
state,1,,99,Punjab,2022,0.381,0.014,0.245,0.372,0.003,0.325,0.753,0.093,0.101,0.014,0.021,0.000,0.000,0.000,0.003,0.019,0.348,0.045,0.076,0.061,0.036
state_sector,0,rural,0,Rajasthan,2022,0.406,0.000,0.429,0.372,0.001,0.060,0.752,0.167,0.327,0.068,0.010,0.000,0.000,0.000,0.007,0.003,0.361,0.008,0.002,0.076,0.002
state_sector,1,rural,0,Rajasthan,2022,0.407,0.000,0.602,0.533,0.003,0.071,0.782,0.110,0.465,0.062,0.010,0.000,0.000,0.000,0.009,0.000,0.517,0.005,0.002,0.092,0.005
state_sector,0,urban,1,Rajasthan,2022,0.218,0.000,0.178,0.102,0.000,0.058,0.642,0.062,0.239,0.050,0.003,0.000,0.000,0.000,0.002,0.001,0.099,0.002,0.002,0.011,0.000
state_sector,1,urban,1,Rajasthan,2022,0.345,0.000,0.404,0.286,0.004,0.097,0.568,0.145,0.320,0.060,0.009,0.000,0.000,0.000,0.002,0.007,0.277,0.014,0.020,0.050,0.000
state,0,,99,Rajasthan,2022,0.356,0.000,0.362,0.299,0.001,0.059,0.723,0.139,0.304,0.063,0.008,0.000,0.000,0.000,0.006,0.002,0.291,0.007,0.002,0.059,0.001
state,1,,99,Rajasthan,2022,0.398,0.000,0.573,0.497,0.003,0.075,0.750,0.115,0.443,0.062,0.010,0.000,0.000,0.000,0.008,0.001,0.482,0.006,0.005,0.086,0.004
state_sector,0,rural,0,Sikkim,2022,0.505,0.001,0.443,0.227,0.001,0.336,0.244,0.000,0.029,0.011,0.004,0.004,0.000,0.000,0.000,0.000,0.224,0.002,0.034,0.002,0.001
state_sector,1,rural,0,Sikkim,2022,0.728,0.000,0.306,0.405,0.000,0.358,0.537,0.000,0.000,0.000,0.000,0.000,0.000,0.000,0.000,0.000,0.405,0.000,0.000,0.000,0.000
state_sector,0,urban,1,Sikkim,2022,0.245,0.000,0.104,0.115,0.000,0.266,0.016,0.001,0.005,0.004,0.007,0.000,0.000,0.000,0.000,0.007,0.115,0.000,0.011,0.000,0.000
state_sector,1,urban,1,Sikkim,2022,0.484,0.000,0.108,0.000,0.000,0.130,0.000,0.000,0.000,0.000,0.000,0.000,0.000,0.000,0.000,0.000,0.000,0.000,0.000,0.000,0.000
state,0,,99,Sikkim,2022,0.433,0.001,0.349,0.196,0.001,0.317,0.182,0.000,0.022,0.009,0.005,0.003,0.000,0.000,0.000,0.002,0.194,0.001,0.028,0.002,0.001
state,1,,99,Sikkim,2022,0.694,0.000,0.278,0.348,0.000,0.326,0.461,0.000,0.000,0.000,0.000,0.000,0.000,0.000,0.000,0.000,0.348,0.000,0.000,0.000,0.000
state_sector,0,rural,0,Tamil Nadu,2022,0.946,0.386,0.745,0.337,0.042,0.321,0.841,0.029,0.196,0.025,0.117,0.005,0.000,0.001,0.015,0.104,0.310,0.183,0.212,0.197,0.094
state_sector,1,rural,0,Tamil Nadu,2022,0.959,0.515,0.591,0.527,0.017,0.222,0.684,0.017,0.154,0.011,0.105,0.005,0.000,0.000,0.016,0.093,0.514,0.329,0.403,0.172,0.111
state_sector,0,urban,1,Tamil Nadu,2022,0.836,0.114,0.663,0.172,0.017,0.359,0.807,0.021,0.102,0.012,0.053,0.002,0.000,0.002,0.007,0.044,0.149,0.086,0.106,0.085,0.038
state_sector,1,urban,1,Tamil Nadu,2022,0.888,0.248,0.560,0.340,0.004,0.299,0.672,0.023,0.113,0.011,0.056,0.004,0.000,0.000,0.019,0.047,0.313,0.194,0.230,0.131,0.075
state,0,,99,Tamil Nadu,2022,0.895,0.260,0.707,0.261,0.030,0.339,0.825,0.025,0.153,0.019,0.087,0.003,0.000,0.001,0.011,0.076,0.236,0.138,0.163,0.145,0.068
state,1,,99,Tamil Nadu,2022,0.935,0.424,0.580,0.463,0.013,0.248,0.680,0.019,0.140,0.011,0.088,0.005,0.000,0.000,0.017,0.077,0.445,0.283,0.344,0.158,0.099
state_sector,0,rural,0,Telangana,2022,0.245,0.000,0.703,0.260,0.002,0.718,0.037,0.133,0.243,0.016,0.097,0.000,0.000,0.000,0.000,0.097,0.250,0.034,0.030,0.070,0.020
state_sector,1,rural,0,Telangana,2022,0.312,0.000,0.689,0.394,0.011,0.527,0.051,0.097,0.273,0.013,0.048,0.000,0.000,0.000,0.000,0.048,0.387,0.016,0.017,0.064,0.012
state_sector,0,urban,1,Telangana,2022,0.162,0.000,0.379,0.080,0.001,0.653,0.010,0.066,0.181,0.008,0.053,0.000,0.000,0.000,0.000,0.053,0.071,0.007,0.007,0.019,0.003
state_sector,1,urban,1,Telangana,2022,0.149,0.000,0.669,0.297,0.000,0.739,0.004,0.119,0.224,0.010,0.050,0.000,0.000,0.000,0.000,0.050,0.285,0.017,0.019,0.021,0.000
state,0,,99,Telangana,2022,0.207,0.000,0.555,0.178,0.002,0.689,0.025,0.102,0.214,0.012,0.077,0.000,0.000,0.000,0.000,0.077,0.168,0.022,0.019,0.047,0.013
state,1,,99,Telangana,2022,0.265,0.000,0.683,0.366,0.008,0.588,0.037,0.104,0.259,0.012,0.048,0.000,0.000,0.000,0.000,0.048,0.358,0.016,0.017,0.051,0.008
state_sector,0,rural,0,Tripura,2022,0.975,0.521,0.616,0.390,0.000,0.080,0.009,0.052,0.405,0.036,0.004,0.000,0.000,0.000,0.004,0.001,0.389,0.017,0.036,0.001,0.000
state_sector,1,rural,0,Tripura,2022,0.938,0.781,0.670,0.538,0.000,0.031,0.007,0.018,0.456,0.044,0.000,0.000,0.000,0.000,0.000,0.000,0.538,0.000,0.009,0.000,0.000
state_sector,0,urban,1,Tripura,2022,0.936,0.275,0.434,0.268,0.000,0.112,0.009,0.036,0.306,0.023,0.005,0.000,0.000,0.000,0.004,0.001,0.268,0.004,0.020,0.000,0.000
state_sector,1,urban,1,Tripura,2022,0.877,0.644,0.712,0.171,0.000,0.000,0.000,0.000,0.488,0.035,0.000,0.000,0.000,0.000,0.000,0.000,0.171,0.000,0.000,0.000,0.000
state,0,,99,Tripura,2022,0.967,0.468,0.576,0.364,0.000,0.087,0.009,0.049,0.383,0.033,0.004,0.000,0.000,0.000,0.004,0.001,0.363,0.014,0.033,0.001,0.000
state,1,,99,Tripura,2022,0.935,0.773,0.672,0.517,0.000,0.029,0.006,0.017,0.458,0.043,0.000,0.000,0.000,0.000,0.000,0.000,0.517,0.000,0.009,0.000,0.000
state_sector,0,rural,0,Uttar Pradesh,2022,0.312,0.000,0.621,0.186,0.001,0.224,0.011,0.097,0.055,0.005,0.010,0.000,0.001,0.003,0.000,0.006,0.178,0.021,0.110,0.017,0.015
state_sector,1,rural,0,Uttar Pradesh,2022,0.311,0.001,0.741,0.297,0.001,0.159,0.015,0.138,0.059,0.002,0.012,0.000,0.000,0.003,0.000,0.009,0.280,0.028,0.162,0.025,0.019
state_sector,0,urban,1,Uttar Pradesh,2022,0.215,0.000,0.354,0.041,0.000,0.285,0.013,0.041,0.042,0.004,0.004,0.000,0.001,0.002,0.000,0.001,0.036,0.007,0.023,0.002,0.000
state_sector,1,urban,1,Uttar Pradesh,2022,0.307,0.000,0.578,0.123,0.001,0.242,0.010,0.052,0.057,0.004,0.007,0.001,0.001,0.002,0.000,0.003,0.114,0.010,0.063,0.004,0.003
state,0,,99,Uttar Pradesh,2022,0.290,0.000,0.560,0.153,0.001,0.238,0.012,0.084,0.052,0.005,0.008,0.000,0.001,0.002,0.000,0.005,0.146,0.018,0.090,0.014,0.012
state,1,,99,Uttar Pradesh,2022,0.310,0.001,0.717,0.271,0.001,0.171,0.015,0.126,0.058,0.002,0.012,0.000,0.000,0.003,0.000,0.009,0.256,0.025,0.147,0.022,0.017
state_sector,0,rural,0,Uttarakhand,2022,0.341,0.000,0.377,0.263,0.002,0.499,0.015,0.031,0.438,0.037,0.083,0.001,0.050,0.000,0.002,0.034,0.237,0.004,0.025,0.128,0.064
state_sector,1,rural,0,Uttarakhand,2022,0.409,0.000,0.434,0.390,0.013,0.410,0.006,0.034,0.402,0.013,0.091,0.000,0.045,0.000,0.000,0.046,0.377,0.000,0.069,0.159,0.084
state_sector,0,urban,1,Uttarakhand,2022,0.235,0.000,0.121,0.094,0.000,0.555,0.011,0.012,0.399,0.044,0.016,0.001,0.015,0.000,0.003,0.001,0.091,0.001,0.007,0.019,0.011
state_sector,1,urban,1,Uttarakhand,2022,0.615,0.000,0.105,0.250,0.000,0.318,0.030,0.000,0.249,0.115,0.024,0.000,0.000,0.000,0.000,0.024,0.230,0.000,0.008,0.032,0.000
state,0,,99,Uttarakhand,2022,0.318,0.000,0.321,0.226,0.001,0.511,0.014,0.027,0.429,0.039,0.068,0.001,0.042,0.000,0.002,0.027,0.205,0.004,0.021,0.104,0.052
state,1,,99,Uttarakhand,2022,0.438,0.000,0.387,0.370,0.011,0.397,0.009,0.030,0.380,0.027,0.082,0.000,0.038,0.000,0.000,0.043,0.357,0.000,0.060,0.141,0.072
state_sector,0,rural,0,West Bengal,2022,0.043,0.082,0.955,0.456,0.002,0.254,0.062,0.067,0.770,0.042,0.055,0.000,0.000,0.006,0.033,0.019,0.441,0.194,0.146,0.142,0.073
state_sector,1,rural,0,West Bengal,2022,0.030,0.085,0.987,0.492,0.004,0.156,0.075,0.116,0.818,0.038,0.052,0.000,0.000,0.003,0.028,0.024,0.472,0.184,0.139,0.145,0.084
state_sector,0,urban,1,West Bengal,2022,0.033,0.029,0.674,0.302,0.001,0.406,0.025,0.053,0.591,0.034,0.030,0.000,0.001,0.003,0.018,0.010,0.292,0.119,0.090,0.066,0.018
state_sector,1,urban,1,West Bengal,2022,0.043,0.063,0.895,0.496,0.002,0.372,0.044,0.105,0.709,0.066,0.032,0.000,0.001,0.005,0.010,0.017,0.483,0.166,0.154,0.110,0.043
state,0,,99,West Bengal,2022,0.040,0.066,0.874,0.411,0.002,0.298,0.051,0.063,0.718,0.040,0.048,0.000,0.000,0.005,0.028,0.016,0.397,0.172,0.130,0.120,0.057
state,1,,99,West Bengal,2022,0.033,0.080,0.965,0.493,0.004,0.207,0.068,0.114,0.793,0.045,0.047,0.000,0.000,0.003,0.024,0.022,0.474,0.180,0.142,0.136,0.074
sector,0,rural,0,India,2011,0.506,0.696,,,,,,,,,,,,,,,,,,,
sector,1,rural,0,India,2011,0.536,0.822,,,,,,,,,,,,,,,,,,,
sector,0,urban,1,India,2011,0.268,0.241,,,,,,,,,,,,,,,,,,,
sector,1,urban,1,India,2011,0.428,0.520,,,,,,,,,,,,,,,,,,,
india_all,0,,99,India,2011,0.409,0.511,,,,,,,,,,,,,,,,,,,
india_all,1,,99,India,2011,0.515,0.763,,,,,,,,,,,,,,,,,,,
state_sector,0,rural,0,Andaman and Nicobar Islands,2011,0.930,0.465,,,,,,,,,,,,,,,,,,,
state_sector,1,rural,0,Andaman and Nicobar Islands,2011,1.000,0.871,,,,,,,,,,,,,,,,,,,
state_sector,0,urban,1,Andaman and Nicobar Islands,2011,0.867,0.177,,,,,,,,,,,,,,,,,,,
state_sector,1,urban,1,Andaman and Nicobar Islands,2011,0.708,0.708,,,,,,,,,,,,,,,,,,,
state,0,,99,Andaman and Nicobar Islands,2011,0.907,0.360,,,,,,,,,,,,,,,,,,,
state,1,,99,Andaman and Nicobar Islands,2011,0.975,0.858,,,,,,,,,,,,,,,,,,,
state_sector,0,rural,0,Andhra Pradesh,2011,0.873,0.804,,,,,,,,,,,,,,,,,,,
state_sector,1,rural,0,Andhra Pradesh,2011,0.970,0.918,,,,,,,,,,,,,,,,,,,
state_sector,0,urban,1,Andhra Pradesh,2011,0.510,0.320,,,,,,,,,,,,,,,,,,,
state_sector,1,urban,1,Andhra Pradesh,2011,0.826,0.683,,,,,,,,,,,,,,,,,,,
state,0,,99,Andhra Pradesh,2011,0.765,0.660,,,,,,,,,,,,,,,,,,,
state,1,,99,Andhra Pradesh,2011,0.937,0.865,,,,,,,,,,,,,,,,,,,
state_sector,0,rural,0,Arunachal Pradesh,2011,0.621,0.278,,,,,,,,,,,,,,,,,,,
state_sector,1,rural,0,Arunachal Pradesh,2011,0.580,0.249,,,,,,,,,,,,,,,,,,,
state_sector,0,urban,1,Arunachal Pradesh,2011,0.594,0.177,,,,,,,,,,,,,,,,,,,
state_sector,1,urban,1,Arunachal Pradesh,2011,0.631,0.119,,,,,,,,,,,,,,,,,,,
state,0,,99,Arunachal Pradesh,2011,0.614,0.252,,,,,,,,,,,,,,,,,,,
state,1,,99,Arunachal Pradesh,2011,0.587,0.232,,,,,,,,,,,,,,,,,,,
state_sector,0,rural,0,Assam,2011,0.757,0.744,,,,,,,,,,,,,,,,,,,
state_sector,1,rural,0,Assam,2011,0.776,0.809,,,,,,,,,,,,,,,,,,,
state_sector,0,urban,1,Assam,2011,0.444,0.382,,,,,,,,,,,,,,,,,,,
state_sector,1,urban,1,Assam,2011,0.576,0.619,,,,,,,,,,,,,,,,,,,
state,0,,99,Assam,2011,0.691,0.668,,,,,,,,,,,,,,,,,,,
state,1,,99,Assam,2011,0.761,0.796,,,,,,,,,,,,,,,,,,,
state_sector,0,rural,0,Bihar,2011,0.286,0.874,,,,,,,,,,,,,,,,,,,
state_sector,1,rural,0,Bihar,2011,0.500,0.901,,,,,,,,,,,,,,,,,,,
state_sector,0,urban,1,Bihar,2011,0.144,0.447,,,,,,,,,,,,,,,,,,,
state_sector,1,urban,1,Bihar,2011,0.282,0.611,,,,,,,,,,,,,,,,,,,
state,0,,99,Bihar,2011,0.265,0.810,,,,,,,,,,,,,,,,,,,
state,1,,99,Bihar,2011,0.481,0.877,,,,,,,,,,,,,,,,,,,
state_sector,0,rural,0,Chandigarh,2011,0.108,0.103,,,,,,,,,,,,,,,,,,,
state_sector,1,rural,0,Chandigarh,2011,0.024,0.000,,,,,,,,,,,,,,,,,,,
state_sector,0,urban,1,Chandigarh,2011,0.132,0.060,,,,,,,,,,,,,,,,,,,
state_sector,1,urban,1,Chandigarh,2011,0.411,0.209,,,,,,,,,,,,,,,,,,,
state,0,,99,Chandigarh,2011,0.130,0.063,,,,,,,,,,,,,,,,,,,
state,1,,99,Chandigarh,2011,0.381,0.192,,,,,,,,,,,,,,,,,,,
state_sector,0,rural,0,Chhattisgarh,2011,0.533,0.854,,,,,,,,,,,,,,,,,,,
state_sector,1,rural,0,Chhattisgarh,2011,0.741,0.871,,,,,,,,,,,,,,,,,,,
state_sector,0,urban,1,Chhattisgarh,2011,0.267,0.281,,,,,,,,,,,,,,,,,,,
state_sector,1,urban,1,Chhattisgarh,2011,0.681,0.715,,,,,,,,,,,,,,,,,,,
state,0,,99,Chhattisgarh,2011,0.432,0.635,,,,,,,,,,,,,,,,,,,
state,1,,99,Chhattisgarh,2011,0.731,0.844,,,,,,,,,,,,,,,,,,,
state_sector,0,rural,0,Dadra and Nagar Haveli and Daman and Diu,2011,0.061,0.272,,,,,,,,,,,,,,,,,,,
state_sector,1,rural,0,Dadra and Nagar Haveli and Daman and Diu,2011,0.618,0.713,,,,,,,,,,,,,,,,,,,
state_sector,0,urban,1,Dadra and Nagar Haveli and Daman and Diu,2011,0.194,0.094,,,,,,,,,,,,,,,,,,,
state_sector,1,urban,1,Dadra and Nagar Haveli and Daman and Diu,2011,0.261,0.164,,,,,,,,,,,,,,,,,,,
state,0,,99,Dadra and Nagar Haveli and Daman and Diu,2011,0.144,0.160,,,,,,,,,,,,,,,,,,,
state,1,,99,Dadra and Nagar Haveli and Daman and Diu,2011,0.527,0.574,,,,,,,,,,,,,,,,,,,
state_sector,0,rural,0,Delhi,2011,0.090,0.000,,,,,,,,,,,,,,,,,,,
state_sector,1,rural,0,Delhi,2011,0.342,0.000,,,,,,,,,,,,,,,,,,,
state_sector,0,urban,1,Delhi,2011,0.114,0.022,,,,,,,,,,,,,,,,,,,
state_sector,1,urban,1,Delhi,2011,0.200,0.042,,,,,,,,,,,,,,,,,,,
state,0,,99,Delhi,2011,0.112,0.020,,,,,,,,,,,,,,,,,,,
state,1,,99,Delhi,2011,0.213,0.038,,,,,,,,,,,,,,,,,,,
state_sector,0,rural,0,Goa,2011,0.691,0.543,,,,,,,,,,,,,,,,,,,
state_sector,1,rural,0,Goa,2011,0.859,0.509,,,,,,,,,,,,,,,,,,,
state_sector,0,urban,1,Goa,2011,0.456,0.266,,,,,,,,,,,,,,,,,,,
state_sector,1,urban,1,Goa,2011,0.799,0.519,,,,,,,,,,,,,,,,,,,
state,0,,99,Goa,2011,0.566,0.395,,,,,,,,,,,,,,,,,,,
state,1,,99,Goa,2011,0.837,0.513,,,,,,,,,,,,,,,,,,,
state_sector,0,rural,0,Gujarat,2011,0.181,0.516,,,,,,,,,,,,,,,,,,,
state_sector,1,rural,0,Gujarat,2011,0.464,0.743,,,,,,,,,,,,,,,,,,,
state_sector,0,urban,1,Gujarat,2011,0.030,0.043,,,,,,,,,,,,,,,,,,,
state_sector,1,urban,1,Gujarat,2011,0.160,0.257,,,,,,,,,,,,,,,,,,,
state,0,,99,Gujarat,2011,0.094,0.243,,,,,,,,,,,,,,,,,,,
state,1,,99,Gujarat,2011,0.382,0.613,,,,,,,,,,,,,,,,,,,
state_sector,0,rural,0,Haryana,2011,0.102,0.095,,,,,,,,,,,,,,,,,,,
state_sector,1,rural,0,Haryana,2011,0.384,0.327,,,,,,,,,,,,,,,,,,,
state_sector,0,urban,1,Haryana,2011,0.051,0.030,,,,,,,,,,,,,,,,,,,
state_sector,1,urban,1,Haryana,2011,0.272,0.118,,,,,,,,,,,,,,,,,,,
state,0,,99,Haryana,2011,0.085,0.073,,,,,,,,,,,,,,,,,,,
state,1,,99,Haryana,2011,0.358,0.280,,,,,,,,,,,,,,,,,,,
state_sector,0,rural,0,Himachal Pradesh,2011,0.926,0.319,,,,,,,,,,,,,,,,,,,
state_sector,1,rural,0,Himachal Pradesh,2011,0.987,0.346,,,,,,,,,,,,,,,,,,,
state_sector,0,urban,1,Himachal Pradesh,2011,0.599,0.070,,,,,,,,,,,,,,,,,,,
state_sector,1,urban,1,Himachal Pradesh,2011,0.788,0.249,,,,,,,,,,,,,,,,,,,
state,0,,99,Himachal Pradesh,2011,0.884,0.287,,,,,,,,,,,,,,,,,,,
state,1,,99,Himachal Pradesh,2011,0.975,0.340,,,,,,,,,,,,,,,,,,,
state_sector,0,rural,0,Jammu and Kashmir,2011,0.940,0.634,,,,,,,,,,,,,,,,,,,
state_sector,1,rural,0,Jammu and Kashmir,2011,0.929,0.714,,,,,,,,,,,,,,,,,,,
state_sector,0,urban,1,Jammu and Kashmir,2011,0.864,0.312,,,,,,,,,,,,,,,,,,,
state_sector,1,urban,1,Jammu and Kashmir,2011,0.862,0.371,,,,,,,,,,,,,,,,,,,
state,0,,99,Jammu and Kashmir,2011,0.921,0.553,,,,,,,,,,,,,,,,,,,
state,1,,99,Jammu and Kashmir,2011,0.916,0.651,,,,,,,,,,,,,,,,,,,
state_sector,0,rural,0,Jharkhand,2011,0.248,0.550,,,,,,,,,,,,,,,,,,,
state_sector,1,rural,0,Jharkhand,2011,0.369,0.673,,,,,,,,,,,,,,,,,,,
state_sector,0,urban,1,Jharkhand,2011,0.018,0.133,,,,,,,,,,,,,,,,,,,
state_sector,1,urban,1,Jharkhand,2011,0.132,0.410,,,,,,,,,,,,,,,,,,,
state,0,,99,Jharkhand,2011,0.134,0.342,,,,,,,,,,,,,,,,,,,
state,1,,99,Jharkhand,2011,0.338,0.639,,,,,,,,,,,,,,,,,,,
state_sector,0,rural,0,Karnataka,2011,0.755,0.773,,,,,,,,,,,,,,,,,,,
state_sector,1,rural,0,Karnataka,2011,0.792,0.857,,,,,,,,,,,,,,,,,,,
state_sector,0,urban,1,Karnataka,2011,0.272,0.196,,,,,,,,,,,,,,,,,,,
state_sector,1,urban,1,Karnataka,2011,0.655,0.549,,,,,,,,,,,,,,,,,,,
state,0,,99,Karnataka,2011,0.562,0.543,,,,,,,,,,,,,,,,,,,
state,1,,99,Karnataka,2011,0.753,0.770,,,,,,,,,,,,,,,,,,,
state_sector,0,rural,0,Kerala,2011,0.827,0.777,,,,,,,,,,,,,,,,,,,
state_sector,1,rural,0,Kerala,2011,0.923,0.823,,,,,,,,,,,,,,,,,,,
state_sector,0,urban,1,Kerala,2011,0.677,0.598,,,,,,,,,,,,,,,,,,,
state_sector,1,urban,1,Kerala,2011,0.896,0.726,,,,,,,,,,,,,,,,,,,
state,0,,99,Kerala,2011,0.787,0.729,,,,,,,,,,,,,,,,,,,
state,1,,99,Kerala,2011,0.916,0.798,,,,,,,,,,,,,,,,,,,
state_sector,0,rural,0,Ladakh,2011,0.988,0.861,,,,,,,,,,,,,,,,,,,
state_sector,1,rural,0,Ladakh,2011,1.000,0.748,,,,,,,,,,,,,,,,,,,
state_sector,0,urban,1,Ladakh,2011,0.937,0.681,,,,,,,,,,,,,,,,,,,
state_sector,1,urban,1,Ladakh,2011,1.000,0.366,,,,,,,,,,,,,,,,,,,
state,0,,99,Ladakh,2011,0.980,0.832,,,,,,,,,,,,,,,,,,,
state,1,,99,Ladakh,2011,1.000,0.713,,,,,,,,,,,,,,,,,,,
state_sector,0,rural,0,Lakshadweep,2011,0.987,0.986,,,,,,,,,,,,,,,,,,,
state_sector,1,rural,0,Lakshadweep,2011,1.000,1.000,,,,,,,,,,,,,,,,,,,
state_sector,0,urban,1,Lakshadweep,2011,0.954,0.870,,,,,,,,,,,,,,,,,,,
state_sector,1,urban,1,Lakshadweep,2011,1.000,0.517,,,,,,,,,,,,,,,,,,,
state,0,,99,Lakshadweep,2011,0.973,0.935,,,,,,,,,,,,,,,,,,,
state,1,,99,Lakshadweep,2011,1.000,0.649,,,,,,,,,,,,,,,,,,,
state_sector,0,rural,0,Madhya Pradesh,2011,0.212,0.673,,,,,,,,,,,,,,,,,,,
state_sector,1,rural,0,Madhya Pradesh,2011,0.482,0.753,,,,,,,,,,,,,,,,,,,
state_sector,0,urban,1,Madhya Pradesh,2011,0.148,0.214,,,,,,,,,,,,,,,,,,,
state_sector,1,urban,1,Madhya Pradesh,2011,0.431,0.506,,,,,,,,,,,,,,,,,,,
state,0,,99,Madhya Pradesh,2011,0.185,0.481,,,,,,,,,,,,,,,,,,,
state,1,,99,Madhya Pradesh,2011,0.472,0.706,,,,,,,,,,,,,,,,,,,
state_sector,0,rural,0,Maharashtra,2011,0.347,0.566,,,,,,,,,,,,,,,,,,,
state_sector,1,rural,0,Maharashtra,2011,0.577,0.735,,,,,,,,,,,,,,,,,,,
state_sector,0,urban,1,Maharashtra,2011,0.066,0.147,,,,,,,,,,,,,,,,,,,
state_sector,1,urban,1,Maharashtra,2011,0.285,0.345,,,,,,,,,,,,,,,,,,,
state,0,,99,Maharashtra,2011,0.179,0.316,,,,,,,,,,,,,,,,,,,
state,1,,99,Maharashtra,2011,0.487,0.615,,,,,,,,,,,,,,,,,,,
state_sector,0,rural,0,Manipur,2011,0.188,0.404,,,,,,,,,,,,,,,,,,,
state_sector,1,rural,0,Manipur,2011,0.091,0.347,,,,,,,,,,,,,,,,,,,
state_sector,0,urban,1,Manipur,2011,0.047,0.232,,,,,,,,,,,,,,,,,,,
state_sector,1,urban,1,Manipur,2011,0.074,0.318,,,,,,,,,,,,,,,,,,,
state,0,,99,Manipur,2011,0.154,0.363,,,,,,,,,,,,,,,,,,,
state,1,,99,Manipur,2011,0.086,0.339,,,,,,,,,,,,,,,,,,,
state_sector,0,rural,0,Meghalaya,2011,0.617,0.452,,,,,,,,,,,,,,,,,,,
state_sector,1,rural,0,Meghalaya,2011,0.859,0.657,,,,,,,,,,,,,,,,,,,
state_sector,0,urban,1,Meghalaya,2011,0.356,0.041,,,,,,,,,,,,,,,,,,,
state_sector,1,urban,1,Meghalaya,2011,0.475,0.246,,,,,,,,,,,,,,,,,,,
state,0,,99,Meghalaya,2011,0.528,0.311,,,,,,,,,,,,,,,,,,,
state,1,,99,Meghalaya,2011,0.820,0.616,,,,,,,,,,,,,,,,,,,
state_sector,0,rural,0,Mizoram,2011,0.987,0.472,,,,,,,,,,,,,,,,,,,
state_sector,1,rural,0,Mizoram,2011,0.981,0.482,,,,,,,,,,,,,,,,,,,
state_sector,0,urban,1,Mizoram,2011,0.945,0.417,,,,,,,,,,,,,,,,,,,
state_sector,1,urban,1,Mizoram,2011,0.968,0.375,,,,,,,,,,,,,,,,,,,
state,0,,99,Mizoram,2011,0.963,0.440,,,,,,,,,,,,,,,,,,,
state,1,,99,Mizoram,2011,0.977,0.448,,,,,,,,,,,,,,,,,,,
state_sector,0,rural,0,Nagaland,2011,0.179,0.077,,,,,,,,,,,,,,,,,,,
state_sector,1,rural,0,Nagaland,2011,0.157,0.072,,,,,,,,,,,,,,,,,,,
state_sector,0,urban,1,Nagaland,2011,0.040,0.001,,,,,,,,,,,,,,,,,,,
state_sector,1,urban,1,Nagaland,2011,0.190,0.065,,,,,,,,,,,,,,,,,,,
state,0,,99,Nagaland,2011,0.125,0.047,,,,,,,,,,,,,,,,,,,
state,1,,99,Nagaland,2011,0.168,0.070,,,,,,,,,,,,,,,,,,,
state_sector,0,rural,0,Odisha,2011,0.556,0.740,,,,,,,,,,,,,,,,,,,
state_sector,1,rural,0,Odisha,2011,0.710,0.820,,,,,,,,,,,,,,,,,,,
state_sector,0,urban,1,Odisha,2011,0.189,0.244,,,,,,,,,,,,,,,,,,,
state_sector,1,urban,1,Odisha,2011,0.499,0.610,,,,,,,,,,,,,,,,,,,
state,0,,99,Odisha,2011,0.455,0.603,,,,,,,,,,,,,,,,,,,
state,1,,99,Odisha,2011,0.688,0.798,,,,,,,,,,,,,,,,,,,
state_sector,0,rural,0,Puducherry,2011,0.797,0.355,,,,,,,,,,,,,,,,,,,
state_sector,1,rural,0,Puducherry,2011,0.801,0.179,,,,,,,,,,,,,,,,,,,
state_sector,0,urban,1,Puducherry,2011,0.809,0.213,,,,,,,,,,,,,,,,,,,
state_sector,1,urban,1,Puducherry,2011,0.908,0.372,,,,,,,,,,,,,,,,,,,
state,0,,99,Puducherry,2011,0.805,0.261,,,,,,,,,,,,,,,,,,,
state,1,,99,Puducherry,2011,0.852,0.272,,,,,,,,,,,,,,,,,,,
state_sector,0,rural,0,Punjab,2011,0.144,0.140,,,,,,,,,,,,,,,,,,,
state_sector,1,rural,0,Punjab,2011,0.424,0.275,,,,,,,,,,,,,,,,,,,
state_sector,0,urban,1,Punjab,2011,0.039,0.020,,,,,,,,,,,,,,,,,,,
state_sector,1,urban,1,Punjab,2011,0.199,0.105,,,,,,,,,,,,,,,,,,,
state,0,,99,Punjab,2011,0.105,0.095,,,,,,,,,,,,,,,,,,,
state,1,,99,Punjab,2011,0.344,0.215,,,,,,,,,,,,,,,,,,,
state_sector,0,rural,0,Rajasthan,2011,0.193,0.727,,,,,,,,,,,,,,,,,,,
state_sector,1,rural,0,Rajasthan,2011,0.350,0.843,,,,,,,,,,,,,,,,,,,
state_sector,0,urban,1,Rajasthan,2011,0.131,0.118,,,,,,,,,,,,,,,,,,,
state_sector,1,urban,1,Rajasthan,2011,0.326,0.420,,,,,,,,,,,,,,,,,,,
state,0,,99,Rajasthan,2011,0.174,0.542,,,,,,,,,,,,,,,,,,,
state,1,,99,Rajasthan,2011,0.346,0.770,,,,,,,,,,,,,,,,,,,
state_sector,0,rural,0,Sikkim,2011,0.691,0.500,,,,,,,,,,,,,,,,,,,
state_sector,1,rural,0,Sikkim,2011,0.846,0.717,,,,,,,,,,,,,,,,,,,
state_sector,0,urban,1,Sikkim,2011,0.545,0.044,,,,,,,,,,,,,,,,,,,
state_sector,1,urban,1,Sikkim,2011,0.612,0.102,,,,,,,,,,,,,,,,,,,
state,0,,99,Sikkim,2011,0.647,0.364,,,,,,,,,,,,,,,,,,,
state,1,,99,Sikkim,2011,0.820,0.648,,,,,,,,,,,,,,,,,,,
state_sector,0,rural,0,Tamil Nadu,2011,0.960,0.737,,,,,,,,,,,,,,,,,,,
state_sector,1,rural,0,Tamil Nadu,2011,0.979,0.832,,,,,,,,,,,,,,,,,,,
state_sector,0,urban,1,Tamil Nadu,2011,0.860,0.329,,,,,,,,,,,,,,,,,,,
state_sector,1,urban,1,Tamil Nadu,2011,0.929,0.616,,,,,,,,,,,,,,,,,,,
state,0,,99,Tamil Nadu,2011,0.911,0.536,,,,,,,,,,,,,,,,,,,
state,1,,99,Tamil Nadu,2011,0.961,0.754,,,,,,,,,,,,,,,,,,,
state_sector,0,rural,0,Telangana,2011,0.878,0.733,,,,,,,,,,,,,,,,,,,
state_sector,1,rural,0,Telangana,2011,0.950,0.897,,,,,,,,,,,,,,,,,,,
state_sector,0,urban,1,Telangana,2011,0.407,0.244,,,,,,,,,,,,,,,,,,,
state_sector,1,urban,1,Telangana,2011,0.682,0.513,,,,,,,,,,,,,,,,,,,
state,0,,99,Telangana,2011,0.652,0.499,,,,,,,,,,,,,,,,,,,
state,1,,99,Telangana,2011,0.878,0.793,,,,,,,,,,,,,,,,,,,
state_sector,0,rural,0,Tripura,2011,0.968,0.972,,,,,,,,,,,,,,,,,,,
state_sector,1,rural,0,Tripura,2011,0.968,0.972,,,,,,,,,,,,,,,,,,,
state_sector,0,urban,1,Tripura,2011,0.829,0.663,,,,,,,,,,,,,,,,,,,
state_sector,1,urban,1,Tripura,2011,0.902,0.890,,,,,,,,,,,,,,,,,,,
state,0,,99,Tripura,2011,0.940,0.909,,,,,,,,,,,,,,,,,,,
state,1,,99,Tripura,2011,0.960,0.962,,,,,,,,,,,,,,,,,,,
state_sector,0,rural,0,Uttar Pradesh,2011,0.199,0.871,,,,,,,,,,,,,,,,,,,
state_sector,1,rural,0,Uttar Pradesh,2011,0.307,0.875,,,,,,,,,,,,,,,,,,,
state_sector,0,urban,1,Uttar Pradesh,2011,0.058,0.355,,,,,,,,,,,,,,,,,,,
state_sector,1,urban,1,Uttar Pradesh,2011,0.307,0.680,,,,,,,,,,,,,,,,,,,
state,0,,99,Uttar Pradesh,2011,0.152,0.697,,,,,,,,,,,,,,,,,,,
state,1,,99,Uttar Pradesh,2011,0.307,0.842,,,,,,,,,,,,,,,,,,,
state_sector,0,rural,0,Uttarakhand,2011,0.857,0.735,,,,,,,,,,,,,,,,,,,
state_sector,1,rural,0,Uttarakhand,2011,0.953,0.845,,,,,,,,,,,,,,,,,,,
state_sector,0,urban,1,Uttarakhand,2011,0.632,0.281,,,,,,,,,,,,,,,,,,,
state_sector,1,urban,1,Uttarakhand,2011,0.743,0.538,,,,,,,,,,,,,,,,,,,
state,0,,99,Uttarakhand,2011,0.793,0.605,,,,,,,,,,,,,,,,,,,
state,1,,99,Uttarakhand,2011,0.902,0.770,,,,,,,,,,,,,,,,,,,
state_sector,0,rural,0,West Bengal,2011,0.443,0.901,,,,,,,,,,,,,,,,,,,
state_sector,1,rural,0,West Bengal,2011,0.560,0.919,,,,,,,,,,,,,,,,,,,
state_sector,0,urban,1,West Bengal,2011,0.158,0.573,,,,,,,,,,,,,,,,,,,
state_sector,1,urban,1,West Bengal,2011,0.460,0.834,,,,,,,,,,,,,,,,,,,
state,0,,99,West Bengal,2011,0.321,0.760,,,,,,,,,,,,,,,,,,,
state,1,,99,West Bengal,2011,0.543,0.904,,,,,,,,,,,,,,,,,,,
