sector,State,m_poor_1_33_2019,m_poor_1_20_2019,m_poor_1_33_2015,m_poor_1_20_2015,mpi_edu,mpi_att,mpi_cm,mpi_nutri,mpi_elec,mpi_toilet,mpi_water,mpi_fuel,mpi_asset,level,area,bpl,aadhar,household_has_preg_benefits,household_health_met,household_angan_benefits,dem,food_pds_subs,kerosene_pds_subs,food_pds_free,lpg_subs,elec_free,pmjay_ben,pmjay_ben_avail,real_wage_23,JQdim365,JQdim215,POV_365,POV_215,lf_cws,emp_cws,unpaid_emp,unemp_cws,neet,lfpr_female,unemp_female,poor_300_2011,poor_420_2011,poor_300_2022,poor_420_2022,poor_300_2023,poor_420_2023,fhiscore,rank202223,totalgva,india_gva,state_share_india,welfare_agg21_sp,india_welfare,welfare_pct_india
Rural,Andaman and Nicobar Islands,0.050000001,0.17,0.11,0.27000001,7.210618258,0.748429121,0.725218002,13.82695585,3.605000302,11.9827196,6.732645631,24.23388809,10.19707248,State,urban/rural,0.154091269,0.99747932,0.146831959,0.151558414,0.156682521,All Households,0.79991293,0,0.094992392,0.19158037,0.005366292,0.007914013,0.004846729,17514.29,1.438520789,1.513373494,0.254701346,0.22395356,0.673965335,0.60092181,0.240437016,0.108378798,0.366824478,0.50933063,0.153264791,0,0.050000001,0,0.01,0.004321784,0.040939081,,,37363.211,93310664,0.040041737,5485.1509,,155.96565
Urban,Andaman and Nicobar Islands,0.01,0.090000004,0.01,0.07,3.735733032,0.422031665,1.234726049,17.26411879,0.545599731,12.370307,2.182078734,1.216915529,3.966253251,State,urban/rural,0.086228877,0.99810034,0.165482417,0.103530556,0.15369302,All Households,0.759238541,0,0.020998474,0.115906201,0,0,0,19940.39,1.894384742,1.945632935,0.106430307,0.061935619,0.569713116,0.496369481,0.024036385,0.128737837,0.288510978,0.313720435,0.24515748,0,0.01,0,0.01,0.002675123,0.008123912,,,37363.211,93310664,0.040041737,6321.6401,,179.75053
All,Andaman and Nicobar Islands,0.039999999,0.14,0.07,0.18000001,5.925681442,0.627734466,0.913622975,15.09794444,2.473700605,12.1260412,5.049945414,15.72271436,7.893051952,State,All,0.129988015,0.997699916,0.154191837,0.132506743,0.155502796,All Households,0.783362567,0,0.064884305,0.160788596,0.003182751,0.004693806,0.002874598,18512.87,1.624403238,1.689631104,0.194242552,0.157889336,0.627781034,0.55460459,0.154636651,0.116563715,0.328423113,0.422013938,0.183757976,0,0.029999999,0,0.01,0.00365958,0.027742475,,,37363.211,93310664,0.040041737,5775.7959,,164.2299
Rural,Andhra Pradesh,0.090000004,0.28999999,0.2,0.44,18.73728484,1.484153792,1.430220623,24.94647056,0.603499496,28.06687951,11.72518507,21.894072,9.910626709,State,urban/rural,0.945261121,0.99473089,0.280996561,0.242983192,0.262054533,All Households,0.839470148,0,0.838132143,0.496969193,0.20997785,0.818694711,0.0449064,12014.64453,1.009328365,1.177202225,0.327214837,0.19079347,0.59960866,0.5516451,0.150324896,0.079991445,0.316325247,0.439673722,0.08647006,0.13,0.41999999,0.01,0.1,0.018144647,0.055155125,20.9,17,4742670.5,93310664,5.0826674,4212.2813,,119.77268
Urban,Andhra Pradesh,0.02,0.090000004,0.059999999,0.2,8.947671205,1.021719631,0.90413224,18.32748055,0.465313112,10.75338274,3.13712731,2.666389942,3.952440992,State,urban/rural,0.790307105,0.996125758,0.221015498,0.135113984,0.196956515,All Households,0.6657511,0,0.640767992,0.508157492,0.045606915,0.716159105,0.036838546,15199.27148,1.453413844,1.658478022,0.259074748,0.125438556,0.500762522,0.460877568,0.072486185,0.07964848,0.299515545,0.286530137,0.083377823,0.11,0.33000001,0.02,0.079999998,0.003832552,0.030676335,20.9,17,4742670.5,93310664,5.0826674,4608.5288,,131.03966
All,Andhra Pradesh,0.07,0.23,0.16,0.37,15.79929143,1.345371176,1.272334531,22.96002358,0.562027935,22.87086993,9.147794545,16.12358838,8.122495562,State,All,0.897868395,0.99515748,0.262593567,0.209581509,0.242081597,All Households,0.785050035,0,0.776304841,0.500474095,0.158486187,0.786573887,0.042379022,12713.20117,1.127057433,1.304790735,0.309150577,0.173467591,0.569560707,0.524052918,0.129515395,0.07989978,0.310960799,0.392923027,0.085781686,0.13,0.40000001,0.01,0.090000004,0.013520333,0.047245897,20.9,17,4742670.5,93310664,5.0826674,4332.0566,,123.17839
Rural,Arunachal Pradesh,0.15000001,0.34,0.30000001,0.51999998,15.68233073,5.368685722,1.079676393,17.4727574,6.062326953,16.6283235,7.430014759,54.6408236,16.00898057,State,urban/rural,0.641738296,0.980033696,0.133490309,0.190475166,0.176282957,All Households,0.207054496,0.001379367,0.656261981,0.170169801,0.008723289,0.228804782,0.025740648,10897.40332,1.009446979,1.140969753,0.435199499,0.335791886,0.746586323,0.707815111,0.227106631,0.051931296,0.149760023,0.695746005,0.046565998,0.38999999,0.61000001,0.12,0.28999999,0.0173195,0.090907253,,,144090.41,93310664,0.15442008,3744.488,,106.47137
Urban,Arunachal Pradesh,0.039999999,0.17,0.07,0.20999999,5.781912804,4.419096187,1.255870052,15.8773303,0.510969711,20.14976442,1.904067956,11.53619811,4.688035324,State,urban/rural,0.408069581,0.987059832,0.061154861,0.098446101,0.088707395,All Households,0.335795373,0,0.269570887,0.139514253,0.004840468,0.121449143,0.019860545,20569.85156,1.718633413,1.799607396,0.208399579,0.148887336,0.599802256,0.522999227,0.075570248,0.128047273,0.263769209,0.45626843,0.182771817,0.23,0.41,0.01,0.11,0.001499878,0.018452274,,,144090.41,93310664,0.15442008,5134.7476,,146.00223
All,Arunachal Pradesh,0.13,0.31999999,0.23999999,0.44999999,14.20065165,5.226571858,1.106045209,17.23398864,5.231520906,17.15533584,6.603011489,48.18986356,14.31470811,State,All,0.604825079,0.981143653,0.122517541,0.175747722,0.162998363,All Households,0.22894071,0.001144872,0.59052372,0.164958298,0.008063201,0.210554108,0.024741018,12331.94434,1.094183803,1.219666839,0.408100396,0.313459665,0.722114205,0.677002251,0.207589298,0.062472019,0.170142278,0.654197812,0.063047394,0.36000001,0.56999999,0.1,0.25999999,0.013798821,0.074782297,,,144090.41,93310664,0.15442008,3905.7563,,111.05691
Rural,Assam,0.23999999,0.46000001,0.40000001,0.61000001,13.29647303,4.658860341,1.884962618,33.35475922,8.513425291,31.71972334,15.91256708,66.98818207,16.05406553,State,urban/rural,0.539497375,0.182003871,0.329746276,0.401210725,0.327004164,All Households,0.631284356,0.000406876,0.264096111,0.257556021,0.022588637,0.624068856,0.015417175,10361.36426,0.930929244,1.160731673,0.363147259,0.224458575,0.650843263,0.618754506,0.113649972,0.049303375,0.283624858,0.467557341,0.064436831,0.38999999,0.75,0.090000004,0.38999999,0.032406896,0.21652122,,,1831232.5,93310664,1.9625115,2942.7725,,83.67527
Urban,Assam,0.079999998,0.23,0.11,0.25999999,6.60245046,2.115938067,1.028717868,22.92992622,0.943193119,30.60597479,8.99746269,13.2136628,8.881279081,State,urban/rural,0.30200699,0.39438507,0.205859333,0.269035071,0.204099253,All Households,0.338034749,0,0.155310005,0.459268808,0.017062021,0.277567565,0.005159252,15644.79688,1.528669834,1.655044675,0.22890082,0.136845633,0.542045176,0.500617921,0.055465769,0.076427639,0.304931611,0.288537234,0.126593933,0.23999999,0.46000001,0.029999999,0.16,0.01711422,0.058066957,,,1831232.5,93310664,1.9625115,4171.8398,,118.62277
All,Assam,0.20999999,0.43000001,0.36000001,0.56999999,12.34765276,4.298422858,1.763597317,31.87712729,7.440409809,31.56186044,14.93241191,59.36610699,15.03738463,State,All,0.500756919,0.21664837,0.312341839,0.381634116,0.309737682,All Households,0.599094152,0.000362213,0.252154589,0.279698193,0.021981975,0.586033106,0.014291154,10541.00684,0.98815769,1.208057761,0.350294352,0.216070414,0.637745678,0.604532659,0.107849523,0.052078713,0.285871238,0.445786595,0.069329403,0.37,0.72000003,0.090000004,0.36000001,0.030331403,0.19501609,,,1831232.5,93310664,1.9625115,3034.05,,86.270668
Rural,Bihar,0.38,0.58999997,0.56999999,0.75999999,24.12932366,11.20897159,4.347765073,43.91128421,3.659801185,54.40142155,1.704400592,70.66609859,21.75294906,State,urban/rural,0.602115393,0.989220321,0.319522649,0.314317942,0.340337902,All Households,0.025656765,0.026263865,0.777352333,0.391730636,0.020513127,0.107240103,0.003101318,12054.7373,0.95067817,1.063650727,0.289973795,0.198775649,0.521696508,0.505796731,0.190899521,0.030477114,0.311254084,0.281663299,0.013180119,0.41,0.79000002,0.079999998,0.36000001,0.028104385,0.17249581,27.799999,13,2753584,93310664,2.9509854,3124.4387,,88.84079
Urban,Bihar,0.16,0.31,0.23,0.40000001,12.49888688,7.396821678,3.01681906,32.87518919,3.705040365,31.37969673,1.396753918,23.85739684,12.1176213,State,urban/rural,0.398872524,0.987440944,0.212217122,0.204167634,0.255876392,All Households,0.018960936,0.010166015,0.555989623,0.582675874,0.024084648,0.102557883,0.002564885,13799.97266,1.361638546,1.438985825,0.191599727,0.130237877,0.428198427,0.39653039,0.084881775,0.073956467,0.277436018,0.154124454,0.081113301,0.37,0.67000002,0.050000001,0.23,0.007510384,0.077409707,27.799999,13,2753584,93310664,2.9509854,3623.7522,,103.03835
All,Bihar,0.34999999,0.55000001,0.51999998,0.72000003,22.30044156,10.60951278,4.138474166,42.17586219,3.666914999,50.78126192,1.656023227,63.30544949,20.2377975,State,All,0.570409656,0.988942742,0.303372324,0.297421932,0.327625811,All Households,0.02501552,0.024722209,0.756152928,0.410017043,0.020855164,0.106791697,0.003049945,12433.63672,0.980897486,1.09125042,0.282739997,0.193735823,0.51236701,0.494893819,0.182423368,0.034102909,0.307866335,0.269531488,0.016875228,0.41,0.77999997,0.079999998,0.34999999,0.026104538,0.16326217,27.799999,13,2753584,93310664,2.9509854,3159.4231,,89.835541
Rural,Chandigarh,0.039999999,0.2,0.25,0.56999999,0,10.67961156,3.883495182,18.44660193,0,52.42718458,0,5.825242773,1.941747591,State,urban/rural,0,1,0.352941185,0.052631579,0.235294119,All Households,0.012474356,0,0,0.193100229,0.00500736,0.041333191,0,12720.35059,1.948495388,2.099487782,0.0765692,0.000688025,,,,,,,,0.059999999,0.37,0,0,0,0,,,139528.59,93310664,0.14953125,6285.4302,,178.72093
Urban,Chandigarh,0.039999999,0.11,0.039999999,0.090000004,4.584967345,3.86223495,1.124735642,21.52946591,0.041284441,17.27840453,3.259894997,5.198538303,0.564754335,State,urban/rural,0.082201064,0.993985534,0.208395138,0.096371993,0.236228317,All Households,0.00473548,0,0,0.159624651,0.004542735,0.076213963,0.009256694,24685.06836,2.372914314,2.407095909,0.058735326,0.036443353,0.545748353,0.492129654,0.01838286,0.09824805,0.202268034,0.312313855,0.19604066,0.16,0.38,0,0,0,0,,,139528.59,93310664,0.14953125,8190.1353,,232.87962
All,Chandigarh,0.039999999,0.11,0.050000001,0.11,4.523243755,3.954011202,1.161874365,21.48796469,0.040728666,17.75158197,3.21600996,5.206974968,0.583291566,State,All,0.081430003,0.99404192,0.21024254,0.095826939,0.236216366,All Households,0.005101556,0,0,0.161208153,0.004564714,0.07456398,0.00881882,22564.12305,2.348595381,2.389470339,0.059757188,0.034394607,0.545748353,0.492129654,0.01838286,0.09824805,0.202268034,0.312313855,0.19604066,0.15000001,0.38,0,0,0,0,,,139528.59,93310664,0.14953125,8048.9829,,228.86607
Rural,Chhattisgarh,0.22,0.47999999,0.44,0.64999998,12.14030087,5.985134095,2.602070756,37.41309941,1.366194803,26.475963,9.869392216,80.32316566,12.13536933,State,urban/rural,0.91323626,0.995935261,0.374565333,0.458955944,0.34968996,All Households,0.975768447,0.041099802,0.964127541,0.297111422,0.032641642,0.862392545,0.055298295,6066.048828,0.462370574,0.755468845,0.689490914,0.470750749,0.662278175,0.628065884,0.34170565,0.051658496,0.248520553,0.504893899,0.039611001,0.38999999,0.79000002,0.22,0.50999999,0.073743388,0.30235204,55.200001,2,2024219.9,93310664,2.1693339,2728.9636,,77.595787
Urban,Chhattisgarh,0.050000001,0.19,0.12,0.28,5.029311031,3.848370165,1.382251177,27.32259333,0.565438578,11.73311323,3.078472055,19.5830524,4.76199165,State,urban/rural,0.714938045,0.992333114,0.275973707,0.332832545,0.260539353,All Households,0.661957264,0.001295361,0.631080747,0.723633051,0.038916238,0.780976534,0.065564491,10413.18164,1.172816277,1.463329077,0.420567632,0.22746256,0.546211123,0.490078568,0.091329105,0.102767177,0.30032742,0.305607051,0.133994922,0.31,0.56999999,0.07,0.25,0.051957954,0.13941912,55.200001,2,2024219.9,93310664,2.1693339,3628.0376,,103.1602
All,Chhattisgarh,0.18000001,0.41999999,0.37,0.56999999,10.56827158,5.512758717,2.332404628,35.18238664,1.189171243,23.21675271,8.368120342,66.89531803,10.50533354,State,All,0.868469238,0.995122015,0.351737052,0.429673821,0.32904768,All Households,0.911777675,0.032983083,0.896214366,0.384085536,0.033921126,0.845790565,0.057391725,6532.866211,0.577391028,0.870070696,0.645952523,0.431362629,0.638577998,0.599889696,0.299938917,0.060585056,0.258540273,0.465057969,0.052008972,0.38,0.74000001,0.19,0.46000001,0.06884177,0.26569289,55.200001,2,2024219.9,93310664,2.1693339,2869.3486,,81.587517
Rural,Dadra & Nagar Haveli and Daman & Diu,0.22,0.47,0.46000001,0.63999999,9.841170907,3.218494728,1.914797723,44.67619658,0.52738646,36.98186278,7.896853983,39.55208063,17.8416729,State,urban/rural,0.529470325,0.992746651,0.314693123,0.506867409,0.332123578,All Households,,,,,,,,,,,,,,,,,,,,0.40000001,0.70999998,0.19,0.41999999,0.018773211,0.23650226,,,,,,,,
Urban,Dadra & Nagar Haveli and Daman & Diu,0.050000001,0.18000001,0.059999999,0.23,6.202181429,3.370344639,1.503208838,29.81466055,0.143655238,31.78589344,3.355497122,2.839357406,15.55165648,State,urban/rural,0.336255163,0.988220394,0.243252665,0.472984582,0.287696809,All Households,,,,,,,,,,,,,,,,,,,,0.11,0.34,0.01,0.1,0,0.030823225,,,,,,,,
All,Dadra & Nagar Haveli and Daman & Diu,0.14,0.34,0.23999999,0.41999999,8.153058589,3.28893736,1.723863371,37.78198957,0.349375093,34.57147479,5.790136755,22.52119631,16.77934378,State,All,0.426442891,0.99033314,0.279498875,0.489833027,0.310237288,All Households,,,,,,,,,,,,,,,,,,,,0.28,0.55000001,0.090000004,0.23999999,0.005485349,0.090920627,,,,,,,,
Rural,Delhi,0.02,0.07,0.029999999,0.12,3.049911745,1.288070064,1.905961707,20.35413086,0.065128581,12.54713982,2.216629311,1.932769828,2.319395356,State,urban/rural,0.243540406,0.981727242,0.343327969,0.451958328,0.404774755,All Households,0.155183837,0.002813619,0.081754275,0.007172039,0.327509642,0,0,19069.80078,1.716517329,1.811520815,0.050934002,0.000623868,0.525102913,0.493746042,0.028572045,0.05971561,0.323251009,0.17943272,0.19462274,0.050000001,0.31999999,0.01,0.07,0,0.018593935,,,2073981.8,93310664,2.2226632,4725.6157,,134.36891
Urban,Delhi,0.029999999,0.11,0.039999999,0.19,4.392629489,2.804476954,1.364486758,20.43932825,0.143328274,19.42001581,1.909379661,0.884287152,4.52487357,State,urban/rural,0.128932387,0.992153883,0.190940127,0.23588571,0.22617273,All Households,0.170969859,0,0.08000619,0.009411519,0.338654727,0.001171642,0.001072443,17912.51953,1.591772676,1.63122201,0.095738798,0.065973766,0.461057574,0.445500016,0.048457034,0.03374321,0.225795686,0.182487026,0.025560724,0.11,0.28999999,0.02,0.1,0.002452332,0.016426431,,,2073981.8,93310664,2.2226632,4754.9097,,135.20187
All,Delhi,0.029999999,0.11,0.039999999,0.19,4.359808564,2.767410316,1.377722342,20.43724507,0.141416781,19.25201714,1.916890033,0.909915939,4.470963404,State,All,0.13125439,0.991942644,0.194434404,0.240594223,0.230268091,All Households,0.170567647,7.16871E-05,0.080050729,0.00935446,0.33837077,0.001141791,0.001045118,17912.51953,1.594403863,1.635024905,0.094793752,0.064595371,0.462509423,0.446593702,0.047958668,0.034411661,0.228478119,0.182420388,0.02918924,0.1,0.28999999,0.02,0.1,0.00239347,0.016478457,,,2073981.8,93310664,2.2226632,4754.9097,,135.20187
Rural,Goa,0.029999999,0.1,0.079999998,0.22,3.68944481,0.913096033,0.411408301,22.3017931,0,14.16427344,2.425623685,5.665533617,1.97795406,State,urban/rural,0.417593628,0.998494208,0.30678001,0.195855767,0.245178685,All Households,0.345994353,0,0.489920169,0,0.000534744,0.321688086,0.035233688,21730.59961,2.266919613,2.300829172,0.113425359,0.093002774,0.505853057,0.455485553,0.066339359,0.099569462,0.165542558,0.244728982,0.122837871,0.050000001,0.31999999,0,0.02,0.001332009,0.024751112,53.599998,3,374228.25,93310664,0.40105626,5666.7451,,161.12914
Urban,Goa,0,0.059999999,0.039999999,0.11,1.743590645,0.556277065,0.368958199,18.78946573,0,10.95404327,0.898568612,0.477334531,1.626414433,State,urban/rural,0.246750414,0.997049212,0.304659903,0.1800991,0.255635858,All Households,0.435070604,0,0.198863238,0,0,0.232693657,0.038444947,21157.89648,2.621023655,2.644743919,0.068647854,0.047569215,0.505915463,0.46666491,0.021311125,0.077583298,0.263341874,0.290699542,0.185309708,0.050000001,0.19,0.01,0.01,0.001753769,0.012463949,53.599998,3,374228.25,93310664,0.40105626,5825.937,,165.65562
All,Goa,0.01,0.079999998,0.050000001,0.15000001,2.527759224,0.700073177,0.386065361,20.20491511,0,12.24774867,1.513963472,2.568150498,1.768082939,State,All,0.316131294,0.99763602,0.305490047,0.186387435,0.251541346,All Households,0.397978961,0,0.320060283,0,0.000222669,0.269751221,0.037107769,21604.80859,2.484782457,2.512423038,0.085875958,0.06504973,0.505889237,0.461962938,0.039984096,0.086829841,0.223371029,0.271507859,0.161801428,0.050000001,0.25999999,0.01,0.02,0.001595471,0.017075662,53.599998,3,374228.25,93310664,0.40105626,5736.1177,,163.1017
Rural,Gujarat,0.20999999,0.47,0.33000001,0.57999998,10.33831984,6.157227606,2.347060293,44.46475208,3.767795861,36.74650192,8.176106215,55.35080433,16.38070345,State,urban/rural,0.450586021,0.984671116,0.34587577,0.502999425,0.326437503,All Households,0.465004325,0,0.592256427,0.080862664,0.005417782,0.350684613,0.022683231,9346.6875,0.836921394,1.023838282,0.4676193,0.328505158,0.678111911,0.668119311,0.233072713,0.014735887,0.239674479,0.507019579,0.00746405,0.34999999,0.69999999,0.039999999,0.28999999,0.019442495,0.17980875,50.5,5,9306908,93310664,9.9741096,3084.0901,,87.69352
Urban,Gujarat,0.039999999,0.11,0.07,0.18000001,4.499176517,3.498942032,1.044400036,28.96468341,0.55998764,10.77398434,1.229212899,5.247257277,4.214763641,State,urban/rural,0.214818016,0.986708522,0.213968962,0.332759857,0.205462322,All Households,0.137639597,0,0.161939278,0.026846351,0.00558558,0.214533329,0.020337222,15344.68848,1.364911556,1.482759118,0.25132826,0.175043866,0.543635428,0.524358928,0.06269037,0.035458501,0.266703099,0.278046817,0.043728195,0.18000001,0.38999999,0.029999999,0.12,0.01100568,0.052716073,50.5,5,9306908,93310664,9.9741096,4165.8018,,118.45107
All,Gujarat,0.14,0.31999999,0.22,0.41,7.939845324,5.065315589,1.811982319,38.09797764,2.450163104,26.07808411,5.322614685,34.77037251,11.38344631,State,All,0.349091679,0.985548198,0.290690422,0.430721998,0.27582559,All Households,0.324752629,0,0.407897174,0.057720646,0.005489671,0.292353809,0.021678139,11119.33984,1.037058949,1.197794676,0.385632992,0.27033481,0.620744705,0.606791675,0.170262396,0.022477947,0.250916123,0.410977006,0.017755054,0.28,0.57999998,0.039999999,0.22,0.015384934,0.1186854,50.5,5,9306908,93310664,9.9741096,3470.8506,,98.690727
Rural,Haryana,0.090000004,0.30000001,0.13,0.38,5.985795334,4.616883025,2.122780494,28.77037525,0.498474808,15.48547447,8.942996711,59.83303785,5.940575898,State,urban/rural,0.27966398,0.994884729,0.323572457,0.397727877,0.314896911,All Households,0.622268379,0,0.549906254,0.454339802,0.016392333,0.305015445,0.026096256,13649.56543,1.292409658,1.402541518,0.235376984,0.152168408,0.4821845,0.458631486,0.132280111,0.048846453,0.309015781,0.233013928,0.028860545,0.11,0.37,0.039999999,0.16,0.001660121,0.03275216,27.4,14,3534732,93310664,3.7881329,4232.8877,,120.35861
Urban,Haryana,0.039999999,0.14,0.07,0.19,4.561418667,3.661050275,1.260704175,20.74057907,0.202667317,14.43035454,2.057364397,10.75088754,3.731519729,State,urban/rural,0.197521165,0.994909585,0.219956726,0.260863215,0.219417974,All Households,0.308857322,0,0.284360975,0.266616911,0.006800976,0.205131933,0.007691443,17137.89453,1.822360992,1.913556337,0.141259015,0.07385575,0.479349971,0.456985205,0.059241708,0.046656437,0.241432801,0.201947495,0.038813084,0.090000004,0.25,0.029999999,0.11,0.001422123,0.019675082,27.4,14,3534732,93310664,3.7881329,4824.4341,,137.17874
All,Haryana,0.07,0.25,0.11,0.31,5.524732172,4.307484999,1.843730919,26.17117167,0.402723486,15.14393687,6.714154035,43.94540191,5.225515738,State,All,0.250739813,0.994893491,0.289020717,0.351155907,0.283058465,All Households,0.505892575,0,0.451303989,0.384634554,0.01283087,0.267926693,0.019262182,15644.79688,1.485078812,1.588326097,0.201159447,0.123697042,0.481071353,0.457984984,0.103659868,0.047989491,0.282713264,0.220854133,0.032422613,0.11,0.33000001,0.039999999,0.14,0.001561786,0.027349019,27.4,14,3534732,93310664,3.7881329,4350.1235,,123.69212
Rural,Himachal Pradesh,0.059999999,0.25,0.090000004,0.31,4.901954159,0.845700968,1.17129311,24.33661371,0.461655203,18.6607033,5.442658439,59.55459476,6.938928366,State,urban/rural,0.208448216,0.995701075,0.290364385,0.419426203,0.261358351,All Households,0.925570071,0,0.069531195,0.643305361,0.751120269,0.602073193,0.19036749,7738.213379,0.771544576,0.959833264,0.575163424,0.443618,0.701655388,0.648020506,0.197061256,0.076440521,0.24763912,0.623646796,0.090435237,0.050000001,0.28999999,0.01,0.059999999,0,0.012379075,,,931463.38,93310664,0.99823892,4708.9126,,133.89398
Urban,Himachal Pradesh,0.02,0.079999998,0.02,0.1,2.778236195,1.316856872,0.341698923,13.6467889,1.093076356,15.47667831,3.073682822,6.595760584,5.443560332,State,urban/rural,0.080882087,0.998295903,0.233110815,0.199179426,0.219517723,All Households,0.536617935,0,0.011424082,0.557156682,0.520060062,0.43512395,0.084838063,15941.33691,2.025566101,2.147826672,0.191238329,0.108687058,0.623321176,0.56790036,0.066212878,0.088912174,0.176557347,0.431527555,0.179796845,0.039999999,0.16,0.02,0.050000001,0,0.011322274,,,931463.38,93310664,0.99823892,5495.4316,,156.25798
All,Himachal Pradesh,0.050000001,0.23,0.079999998,0.28999999,4.628386721,0.906393118,1.064428501,22.9595989,0.542992027,18.25055182,5.137497559,52.73267627,6.7463018,State,All,0.189977884,0.996076763,0.282996982,0.389654428,0.255974293,All Households,0.88634187,0,0.063670732,0.634616733,0.727816403,0.585235357,0.179724187,8727.631836,0.862079561,1.045601368,0.547445714,0.419437438,0.691942632,0.638086259,0.182621703,0.077833548,0.236926541,0.60332793,0.097195052,0.050000001,0.28,0.01,0.059999999,0,0.012236107,,,931463.38,93310664,0.99823892,4759.1777,,135.32323
Rural,India,0.20999999,0.44,0.37,0.58999997,13.76697123,6.08526282,2.386407927,35.01276374,4.299030825,35.15242636,9.317580611,58.61680508,12.59544641,National,urban/rural,0.535749197,0.963957727,0.338790268,0.385764837,0.32961154,All Households,0.275829971,0.02464509,0.718662858,0.316495895,0.233162358,0.384140879,0.021527255,9540.262695,0.837492526,1.017843604,0.439092994,0.300428927,0.589432001,0.56466943,0.202369943,0.042010989,0.288367629,0.39650479,0.038984984,0.31,0.64999998,0.059999999,0.28,0.023729734,0.14880876,,,93310664,93310664,100,3297.2151,,
Urban,India,0.059999999,0.16,0.090000004,0.23,6.090090424,3.433036804,1.332373917,23.77061695,0.969314296,18.86748672,2.84733288,10.91016829,4.708899558,National,urban/rural,0.330067694,0.983562768,0.212952271,0.262889236,0.216240406,All Households,0.229817733,0.010635483,0.413978219,0.302416414,0.228779972,0.239282221,0.016724063,15548.38672,1.558676481,1.721192241,0.244276091,0.135610834,0.507970273,0.474049181,0.064868048,0.066777647,0.275949597,0.261182398,0.086839624,0.17,0.40000001,0.029999999,0.14,0.010898667,0.060345147,,,93310664,93310664,100,4241.689,,
All,India,0.16,0.34999999,0.28,0.47,11.40130237,5.267966166,2.061602101,31.54844046,3.272962198,30.13414145,7.323741913,43.91576946,10.1651676,National,All,0.467509359,0.970462203,0.298906654,0.346071571,0.293679208,All Households,0.262115955,0.020469503,0.627851129,0.31229949,0.231856182,0.340965509,0.020095656,10844.25781,1.026369333,1.202049375,0.388070762,0.257263333,0.564487815,0.536920786,0.165196046,0.048835434,0.28470239,0.355689824,0.049583524,0.27000001,0.57999998,0.050000001,0.23999999,0.01942279,0.11911459,,,93310664,93310664,100,3516.8965,3516.8965,100
Rural,Jammu and Kashmir,0.079999998,0.20999999,0.2,0.41,4.787199944,3.37548703,0.814846717,16.54430032,1.005038712,27.79524326,13.37209791,41.85527563,10.23464575,State,urban/rural,0.618180275,0.995737553,0.18835482,0.222978905,0.239207014,All Households,0.353994489,0,0.600062907,0.459185839,0.008934409,0.784110606,0.084498279,11344.69531,0.974974513,1.134325027,0.421875626,0.28672868,0.614374578,0.574530602,0.11760518,0.064852953,0.216749221,0.492899418,0.079630278,0.07,0.31999999,0.01,0.17,0.00774696,0.11350939,,,675785.38,93310664,0.72423166,3609.2998,,102.62741
Urban,Jammu and Kashmir,0.02,0.059999999,0.050000001,0.14,2.724602632,1.682324335,0.492559467,12.70370036,0.06003704,14.28743303,1.819743775,4.713558406,1.733446121,State,urban/rural,0.412418097,0.994591832,0.125630826,0.17476128,0.15000765,All Households,0.283916563,0,0.381641179,0.520387113,0.012404092,0.846885979,0.056772389,16687.7832,1.484056473,1.648066759,0.226267248,0.115643471,0.529683232,0.468221784,0.053669285,0.116034329,0.221436635,0.302673995,0.288680702,0.059999999,0.23999999,0.01,0.059999999,0.000564687,0.050336536,,,675785.38,93310664,0.72423166,4332.1431,,123.18085
All,Jammu and Kashmir,0.059999999,0.17,0.15000001,0.33000001,4.252594337,2.936635539,0.731312949,15.54885358,0.760103343,24.29414839,10.37783772,32.22849667,8.031215519,State,All,0.560708523,0.995417535,0.171959132,0.209855884,0.215890825,All Households,0.339163214,0,0.553836167,0.472138494,0.009668733,0.797396421,0.078630373,12423.3291,1.049414039,1.209445953,0.393273145,0.261712074,0.597620249,0.553499699,0.106905587,0.073827058,0.217563987,0.455375254,0.107039638,0.07,0.30000001,0.01,0.15000001,0.006026719,0.098378733,,,675785.38,93310664,0.72423166,3745.7351,,106.50684
Rural,Jharkhand,0.37,0.62,0.56,0.76999998,19.09308136,9.876748919,2.933307365,44.54879463,7.101714611,49.22611117,21.39280289,80.99973798,18.17337722,State,urban/rural,0.658262849,0.993715703,0.412290663,0.284961432,0.365065902,All Households,0.253370166,0.049511101,0.645756066,0.111103013,0.521584094,0.026327496,0.008266612,8344.445313,0.713271856,0.868457198,0.522453606,0.38510856,0.568713069,0.561259091,0.2527574,0.013106771,0.277189672,0.377378017,0.000734502,0.50999999,0.86000001,0.19,0.47999999,0.10587313,0.37774616,51.599998,4,1657278.9,93310664,1.7760873,2584.0637,,73.475685
Urban,Jharkhand,0.090000004,0.23999999,0.17,0.36000001,6.564608216,3.747869655,1.371333655,26.47223473,0.970602501,24.03633446,9.443743527,30.07454574,6.612185389,State,urban/rural,0.400827467,0.995393038,0.209376529,0.158852518,0.218258947,All Households,0.161281437,0.008160805,0.343928486,0.259937346,0.231355682,0.009454653,0.003852522,14546.05371,1.453377128,1.582600117,0.27769348,0.174919367,0.430602163,0.398199797,0.081873693,0.075249009,0.281655759,0.178260371,0.066910453,0.27000001,0.47,0.079999998,0.25,0.049220495,0.18366955,51.599998,4,1657278.9,93310664,1.7760873,3392.9473,,96.475609
All,Jharkhand,0.31,0.52999997,0.47,0.67000002,16.16994292,8.446761966,2.568868361,40.3311789,5.671206489,43.34884286,18.60485375,69.11789179,15.4759258,State,All,0.596288681,0.994119465,0.365145624,0.255127639,0.330956787,All Households,0.235035673,0.04127842,0.585663378,0.140735343,0.463800788,0.022968179,0.007387784,9001.705078,0.821880519,0.973255932,0.486535668,0.354263812,0.540643215,0.52811873,0.226570636,0.023165988,0.278074771,0.3382999,0.00757798,0.46000001,0.76999998,0.17,0.44,0.093379855,0.33494759,51.599998,4,1657278.9,93310664,1.7760873,2690.9507,,76.514923
Rural,Karnataka,0.12,0.34,0.25,0.47999999,8.99618715,2.896650881,1.486914326,34.04883146,0.965845026,31.60350025,8.834403008,31.60321414,9.316128492,State,urban/rural,0.898406088,0.990780771,0.320862621,0.625177026,0.312591672,All Households,0.085206337,0.016755449,0.835317314,0.133840382,0.930778384,0.280608505,0.006257988,12433.63672,1.049387455,1.20592773,0.363296717,0.241090968,0.57575959,0.563005686,0.205804899,0.022151528,0.24458608,0.402338833,0.012647348,0.12,0.5,0.01,0.12,0.00725942,0.076176755,40.799999,10,5741303,93310664,6.1528907,3687.9111,,104.86266
Urban,Karnataka,0.029999999,0.14,0.059999999,0.19,4.250061885,1.872494631,0.975003466,23.47487807,0.762382615,16.2456736,4.244762287,5.40342629,4.129796848,State,urban/rural,0.654316723,0.989883184,0.25898999,0.471991211,0.259583265,All Households,0.070001602,0,0.484859794,0.077627353,0.73321265,0.146616295,0.004899776,18512.86523,2.0781703,2.214117527,0.174522802,0.090764612,0.51067394,0.486874551,0.045683905,0.046603858,0.243029267,0.275690585,0.047220897,0.15000001,0.37,0.01,0.07,0.013836002,0.044797584,40.799999,10,5741303,93310664,6.1528907,4663.4043,,132.59998
All,Karnataka,0.079999998,0.25999999,0.17,0.36000001,7.159145921,2.50023976,1.288773492,29.95606363,0.887092669,25.65908134,7.057931274,21.46229446,7.308701426,State,All,0.797524929,0.990409791,0.295958906,0.562255144,0.291255802,All Households,0.079597451,0.010574514,0.706036687,0.113103896,0.857898176,0.231179982,0.005756956,13950.64355,1.402538419,1.552009702,0.298496157,0.189488336,0.551109195,0.534171879,0.150530577,0.030733071,0.243951082,0.354856253,0.022717787,0.13,0.46000001,0.01,0.1,0.010055553,0.062835425,40.799999,10,5741303,93310664,6.1528907,3985.2063,,113.316
Rural,Kerala,0.01,0.11,0.01,0.13,3.024294227,0.252875197,0.195382442,17.74909794,0.677732704,1.548038423,6.807506084,33.38807821,3.71302478,State,urban/rural,0.508200169,0.990635574,0.250004321,0.579134226,0.228476122,All Households,0.792222917,0.079280649,0.163731813,0.002312983,0.002707586,0.35530138,0.039109584,14366.95703,1.328903794,1.438145995,0.229978904,0.134191349,0.523710191,0.470901161,0.048670925,0.100836374,0.326643258,0.354480565,0.147422746,0.059999999,0.25999999,0.01,0.090000004,0.003550329,0.029172203,25.4,15,3264067.8,93310664,3.498065,4379.9087,,124.53902
Urban,Kerala,0,0.07,0.01,0.090000004,1.897353679,0.247456715,0.21288672,15.19066095,0.105399278,1.028609928,3.85613367,22.41734713,2.349067852,State,urban/rural,0.407447875,0.987727821,0.213398501,0.552861214,0.209797964,All Households,0.758688509,0.077091311,0.139763057,0.000990137,0.00247809,0.262748957,0.034277197,16106.4668,1.548016191,1.703072548,0.228839949,0.122384101,0.492606878,0.44460538,0.033183947,0.097443797,0.232500538,0.314008415,0.143936276,0.07,0.25,0.02,0.1,0.003120811,0.021621449,25.4,15,3264067.8,93310664,3.498065,4715.4678,,134.08037
All,Kerala,0.01,0.090000004,0.01,0.11,2.489135414,0.250302069,0.203694846,16.53415412,0.405944418,1.301373448,5.405965447,28.1783253,3.065312095,State,All,0.46051532,0.989259362,0.232613415,0.566689074,0.219602406,All Households,0.775684059,0.078200888,0.151910648,0.001660568,0.002594401,0.309655368,0.036726296,15550.59473,1.425008297,1.554344893,0.229479358,0.1290126,0.508893549,0.458374679,0.04151503,0.099271975,0.281625837,0.335065246,0.145855322,0.059999999,0.25,0.01,0.090000004,0.003334759,0.025382565,25.4,15,3264067.8,93310664,3.498065,4534.4487,,128.93324
Rural,Ladakh,0.079999998,0.22,,,4.101693258,3.038706258,0.794393569,15.0974378,0.409039203,65.03844857,17.71396846,29.70548272,3.817862645,State,urban/rural,0.644899487,0.993881404,0.237922609,0.246585757,0.250852823,All Households,0.725691378,0.072636703,0.30318886,0.792614698,0.00128458,0.84341687,0.076640829,,,,,,,,,,,,,0,0.18000001,0.1,0.28999999,0,0.085847668,,,0,93310664,0,3672.3826,,104.42111
Urban,Ladakh,0.02,0.12,,,4.174116999,1.996250451,1.369251497,13.21596652,0.885006599,25.63971579,5.750546604,1.661770791,1.110822055,State,urban/rural,0.524528384,0.98178798,0.23476027,0.283043563,0.273561597,All Households,0.739887714,0.005891973,0.159328431,0.688148797,0.008619955,0.90299648,0.111338668,,,,,,,,,,,,,0.02,0.11,0.039999999,0.13,0.001866181,0.061075587,,,0,93310664,0,4491.1709,,127.70267
All,Ladakh,0.07,0.2,,,4.115407541,2.841305174,0.903249532,14.74115849,0.499169109,57.57784247,15.44855535,24.39508289,3.305253386,State,All,0.621846259,0.991565287,0.237332523,0.253428161,0.255090237,All Households,0.727912366,0.062194842,0.280682653,0.776271522,0.002432161,0.852737784,0.082069129,,,,,,,,,,,,,0,0.17,0.090000004,0.27000001,0.000341183,0.081318736,,,0,93310664,0,3792.3477,,107.83222
Rural,Lakshadweep,0.01,0.28999999,0.02,0.28,1.157868002,0,1.483408082,32.23680258,0,0,13.67131621,65.71909189,5.230275542,State,urban/rural,0.403519869,1,0.384087861,0.354081988,0.154159158,All Households,0.688186944,0.124513756,0.290778756,0,0.006939218,0.241684094,0.010186769,19916.52344,1.985047698,2.043581724,0.220313087,0.161778986,0.563262224,0.480066299,0.010486669,0.147703722,0.380329669,0.186664611,0.53611207,0,0.039999999,0,0.029999999,0.007753326,0.047564115,,,0,93310664,0,4242.9927,,120.64594
Urban,Lakshadweep,0.01,0.11,0.02,0.23,2.031031065,1.06705809,0,22.52783626,0.280654849,0.258812262,5.500007421,26.89931393,0.726426952,State,urban/rural,0.360866219,0.991919816,0.349784911,0.38283056,0.267894328,All Households,0.684392631,0,0.266696304,0.004173732,0.009561162,0.332731277,0.033272315,17984.21094,1.82718575,1.900794506,0.187123939,0.113515206,0.445991516,0.35610047,0.016200854,0.20155327,0.463149905,0.153031424,0.357038826,0,0.12,0,0.029999999,0.003304876,0.022504834,,,0,93310664,0,4614.0625,,131.19699
All,Lakshadweep,0.01,0.15000001,0.02,0.23999999,1.841858216,0.835877471,0.321383798,24.63130653,0.219850335,0.202739984,7.270339876,35.30970812,1.702196151,State,All,0.369686723,0.993590772,0.357742995,0.376546532,0.241508469,All Households,0.685433149,0.034145932,0.273300529,0.003029152,0.008842135,0.30776301,0.026941467,18773.75586,1.866295338,1.936169386,0.1953464,0.125472337,0.479834616,0.391875714,0.014180684,0.183310881,0.438872188,0.161872566,0.411321342,0,0.079999998,0,0.029999999,0.004390585,0.028620917,,,0,93310664,0,4497.7461,,127.88963
Rural,Madhya Pradesh,0.30000001,0.55000001,0.51999998,0.74000001,14.42513317,7.59947747,2.522900142,37.08815873,1.916547492,41.1003679,26.98260844,76.19312406,19.56893355,State,urban/rural,0.60667628,0.993142366,0.374136984,0.351269871,0.353506655,All Households,0.526515543,5.79614E-05,0.68783468,0.22858198,0.435009956,0.556078136,0.018922452,8385.904297,0.638526261,0.852951527,0.557565928,0.386835903,0.648639143,0.634649575,0.314786345,0.021567548,0.274732232,0.443824202,0.02479808,0.47999999,0.77999997,0.059999999,0.27000001,0.018714443,0.17959478,42.200001,9,4362210.5,93310664,4.6749325,3117.144,,88.633377
Urban,Madhya Pradesh,0.079999998,0.2,0.14,0.31,5.586902797,4.282737151,1.729864627,27.56816447,0.592371915,19.39739883,6.570769101,16.73149318,5.863102153,State,urban/rural,0.418589652,0.993081272,0.311103195,0.303259879,0.295631111,All Households,0.261120856,0,0.387296736,0.282761455,0.222308233,0.304261744,0.021032916,11386.66992,1.306053877,1.580328345,0.378058314,0.188640043,0.508999884,0.48301506,0.116961695,0.051050827,0.285603493,0.246896639,0.044524159,0.28999999,0.54000002,0.029999999,0.22,0.013150139,0.089502007,42.200001,9,4362210.5,93310664,4.6749325,3763.116,,107.00105
All,Madhya Pradesh,0.23999999,0.46000001,0.41,0.62,12.15338409,6.746953726,2.319061011,34.6411705,1.576185971,35.52190959,21.73601836,60.909307,16.04603231,State,All,0.555571079,0.993125796,0.357452005,0.338254362,0.338187069,All Households,0.456511647,4.26727E-05,0.60856092,0.242873058,0.378905028,0.489655823,0.019479135,9040.757813,0.778704226,1.005697489,0.519870102,0.345215619,0.61177808,0.594622076,0.272367388,0.028042844,0.277495354,0.390901774,0.02814636,0.43000001,0.72000003,0.050000001,0.25999999,0.017130358,0.15394658,42.200001,9,4362210.5,93310664,4.6749325,3248.5481,,92.369743
Rural,Maharashtra,0.13,0.34999999,0.27000001,0.51999998,7.949101925,2.554779686,1.238154341,36.51149869,3.278157488,30.63382506,15.90530425,33.14446509,13.72487098,State,urban/rural,0.471252531,0.993583739,0.268439442,0.29127115,0.283241004,All Households,0.209094569,0.00012587,0.647858918,0.294759631,0.00740596,0.186759412,0.007974937,9486.90625,0.773937047,0.9502244,0.478932381,0.339801729,0.608268976,0.585096836,0.210732073,0.038095225,0.236161709,0.441891104,0.032487638,0.23,0.63,0.079999998,0.31999999,0.02730496,0.18425661,50.299999,6,10582448,93310664,11.341092,3139.908,,89.280647
Urban,Maharashtra,0.029999999,0.14,0.059999999,0.20999999,3.272286803,2.077288553,0.943500735,26.98190808,1.008020714,25.41642785,1.313090045,3.233408928,5.306760222,State,urban/rural,0.215830892,0.992288351,0.102757417,0.13346304,0.135409519,All Households,0.08064492,4.75E-06,0.274782091,0.191050753,0.008149046,0.052490145,0.004384479,16500.51758,1.786944866,1.893371463,0.170072168,0.096875414,0.530991673,0.494394124,0.050061513,0.068923064,0.246239498,0.28497687,0.075139187,0.11,0.34,0.039999999,0.18000001,0.017316159,0.091357999,50.299999,6,10582448,93310664,11.341092,3945.396,,112.18402
All,Maharashtra,0.090000004,0.25999999,0.17,0.38,5.909208953,2.346511744,1.109634805,32.35496283,2.287988551,28.35814357,9.540596604,20.0981155,10.05313173,State,All,0.350047231,0.992969036,0.193928286,0.218120635,0.216757655,All Households,0.153512821,7.34608E-05,0.486423969,0.249883533,0.007727502,0.128659442,0.006421301,12578.85645,1.151585698,1.3018291,0.363789499,0.249238953,0.575214446,0.546299696,0.148536742,0.050267737,0.240619823,0.375833869,0.046102285,0.18000001,0.5,0.07,0.25999999,0.022713564,0.14155537,50.299999,6,10582448,93310664,11.341092,3412.8032,,97.040192
Rural,Manipur,0.13,0.33000001,0.25999999,0.51999998,6.122110784,2.741150185,1.950442232,19.55923736,2.550497651,32.6405704,34.33010578,37.95093,15.46176523,State,urban/rural,0.47183612,0.985730112,0.200224757,0.105901547,0.256355196,All Households,0.386202067,0,0.378250837,0.319682211,0.042353041,0.19717145,0.035626151,13632.54199,1.323462844,1.478889108,0.237799406,0.128076747,0.593177915,0.564634204,0.110057056,0.048119999,0.183202505,0.477174699,0.047846511,0.51999998,0.81,0.090000004,0.36000001,0.034720853,0.21009074,,,121851,93310664,0.13058636,2971.6077,,84.495171
Urban,Manipur,0.039999999,0.18000001,0.14,0.33000001,2.062277682,1.650947332,1.192486845,15.05389363,0.943857525,39.60961998,14.30035979,13.66547048,7.961690426,State,urban/rural,0.388102442,0.990041196,0.166925564,0.074272476,0.214059725,All Households,0.436716855,0,0.322364956,0.288721114,0.011278241,0.212797552,0.023415526,14382.69922,1.539057016,1.705282688,0.217603907,0.110802166,0.564751446,0.524533987,0.070805699,0.071212657,0.199025527,0.449388683,0.087755702,0.56999999,0.83999997,0.050000001,0.28,0.010764297,0.086180083,,,121851,93310664,0.13058636,3632.0813,,103.27518
All,Manipur,0.1,0.27000001,0.20999999,0.44999999,4.585440457,2.328502201,1.663551666,17.85393804,1.942375116,35.2783978,26.74873173,28.75874341,12.62294352,State,All,0.44009617,0.987364233,0.187797368,0.09383788,0.240570351,All Households,0.398545712,0,0.364594728,0.312116653,0.0347597,0.200989798,0.032642398,13764.89648,1.38381505,1.542264462,0.232145995,0.123240992,0.584790409,0.552802205,0.099067777,0.05470024,0.187764511,0.468896121,0.059242412,0.52999997,0.81999999,0.079999998,0.33000001,0.02827836,0.1767682,,,121851,93310664,0.13058636,3122.2805,,88.779427
Rural,Meghalaya,0.31,0.54000002,0.38,0.63999999,19.68111992,8.548030257,3.407267481,37.41672635,9.451977909,16.70733243,26.7067641,78.37452888,42.34455228,State,urban/rural,0.649825096,0.435515434,0.382556766,0.301789641,0.416222155,All Households,0.50945729,0,0.249105245,0.005700628,0.003364121,0.268942952,0.034678195,10842.17773,1.133715391,1.244357824,0.371481806,0.286620229,0.797764361,0.756694973,0.08957985,0.051480643,0.137791321,0.749868512,0.067580089,0.19,0.68000001,0.11,0.37,0.043495033,0.19548583,,,165283.95,93310664,0.17713298,3045.0615,,86.583763
Urban,Meghalaya,0.079999998,0.2,0.1,0.23999999,4.203071818,2.398160286,1.147869509,24.30988401,2.95551084,18.61546189,7.683315128,22.49622643,15.31577408,State,urban/rural,0.403272778,0.635281026,0.117626116,0.135547221,0.160047948,All Households,0.273215145,0,0.077174693,0.000288597,0.007781105,0.227660492,0.03149825,16297.04492,2.164814472,2.360668421,0.19498381,0.079154804,0.578335702,0.496830463,0.037806291,0.140930682,0.179577023,0.476793766,0.207079917,0.12,0.31,0.029999999,0.1,0.013722678,0.040927507,,,165283.95,93310664,0.17713298,4641.9746,,131.99066
All,Meghalaya,0.27000001,0.47,0.33000001,0.56,16.72268361,7.372559607,2.975411899,34.91151631,8.210258931,17.07204729,23.07066917,67.6940918,37.17833757,State,All,0.596241653,0.478930652,0.331974477,0.267429739,0.367311716,All Households,0.476782262,0,0.225325257,0.004952081,0.003975041,0.263233125,0.034238372,11231.12305,1.269201875,1.39104116,0.348289967,0.25935927,0.760546148,0.712618232,0.083457448,0.063017771,0.144976333,0.701922655,0.084217466,0.18000001,0.60000002,0.1,0.33000001,0.038598366,0.17006558,,,165283.95,93310664,0.17713298,3154.8384,,89.705185
Rural,Mizoram,0.11,0.25999999,0.2,0.40000001,12.30338588,3.931168467,1.203467138,19.89585906,3.576026484,6.750414521,8.013633639,34.82204378,22.98332751,State,urban/rural,0.407192469,0.968287408,0.388379484,0.111274265,0.372321576,All Households,0.987715721,0.033532806,0.000429163,0.851335227,0.007031011,0.003531087,0.009127221,16865.61133,1.402199268,1.5023489,0.299307555,0.238054499,0.557470083,0.549700677,0.21743232,0.013936922,0.100326136,0.427512169,0.011616596,0.16,0.51999998,0.029999999,0.16,0.005489173,0.060652964,,,133113.56,93310664,0.14265633,3810.2019,,108.33989
Urban,Mizoram,0.01,0.050000001,0.01,0.079999998,1.969894581,1.246338803,0.689466158,12.31146529,0.46771043,2.871179394,2.054248191,1.949614845,3.391110152,State,urban/rural,0.143347487,0.968464136,0.284525752,0.080805518,0.265662581,All Households,0.976985633,0.013857061,0.000434834,0.862948537,0.011498551,0.005546316,0.004328109,22219.75977,1.944171071,2.007389784,0.157774344,0.121075571,0.525992215,0.507036328,0.100993007,0.036038321,0.098766878,0.408180803,0.042966682,0.090000004,0.27000001,0.01,0.050000001,0,0.006266156,,,133113.56,93310664,0.14265633,4844.1455,,137.73921
All,Mizoram,0.059999999,0.15000001,0.1,0.22,6.766407192,2.49256026,0.928050745,15.83192497,1.910502277,4.671809822,4.820425063,17.20806062,12.48525977,State,All,0.262047887,0.968384624,0.333677709,0.094449051,0.316142201,All Households,0.982798338,0.024515784,0.000431762,0.856657386,0.0090784,0.004454629,0.006927879,20342.49219,1.639719009,1.723683596,0.237280473,0.186788365,0.54306376,0.530174673,0.16646786,0.023733988,0.099606954,0.418367893,0.026084982,0.13,0.40000001,0.02,0.11,0.0028731,0.034732878,,,133113.56,93310664,0.14265633,4339.3813,,123.38667
Rural,Nagaland,0.22,0.38999999,0.31,0.5,13.23977113,5.18444255,1.866387576,21.59676701,1.976823807,9.556411207,12.16057613,74.71591234,38.79552484,State,urban/rural,0.786160767,0.970168829,0.130693078,0.120165087,0.291472852,All Households,0.60431695,0,0.37317425,0.206463724,0.004053052,0.608494282,0.011262729,12251.77832,1.163123727,1.306433916,0.408675283,0.310844272,0.753657281,0.706967413,0.176687747,0.061951023,0.279316574,0.658738673,0.061824817,0.12,0.50999999,0.07,0.30000001,0.022878207,0.12371922,,,102806.01,93310664,0.11017606,3376.9968,,96.022072
Urban,Nagaland,0.059999999,0.18000001,0.11,0.23999999,4.791303724,3.010908514,0.489116507,18.52908581,0.366269285,17.82462001,6.908296794,18.40990931,10.13154984,State,urban/rural,0.462333292,0.982881665,0.053964976,0.054810669,0.135963842,All Households,0.438140124,0,0.325886786,0.339700311,0.00249096,0.617376804,0.022190012,17984.21094,1.947655916,2.039114952,0.192751095,0.131421179,0.62934345,0.555123389,0.041229013,0.117932536,0.240542546,0.504466176,0.124731436,0.23999999,0.44,0.01,0.07,0,0.024780588,,,102806.01,93310664,0.11017606,4767.9146,,135.57166
All,Nagaland,0.17,0.33000001,0.23999999,0.41,10.50591245,4.481103644,1.420713402,20.6040889,1.455660909,12.23193929,10.46097949,56.49573207,29.52008545,State,All,0.681645453,0.974271894,0.106036387,0.098283745,0.241499797,All Households,0.559582174,0,0.360444456,0.242331028,0.003632537,0.610885441,0.014204354,13165.7793,1.344294667,1.475630999,0.358812183,0.269410342,0.717847824,0.663227737,0.144028068,0.076088704,0.266195804,0.615405738,0.076309092,0.17,0.47999999,0.050000001,0.23999999,0.015948333,0.093750425,,,102806.01,93310664,0.11017606,3670.9395,,104.38008
Rural,Odisha,0.23999999,0.44999999,0.40000001,0.60000002,14.92652148,4.302702472,1.709195971,32.89984763,3.462567553,42.15646386,15.20677209,74.4361043,13.75165731,State,urban/rural,0.533114851,0.994054377,0.42464301,0.576672077,0.400975883,All Households,0.342816979,0.018300157,0.517619669,0.323965788,0.009210025,0.727714598,0.030975351,7861.785156,0.678718686,0.896030724,0.537660122,0.357855946,0.597264528,0.569348097,0.232818738,0.046740457,0.341390759,0.403315216,0.035496645,0.47,0.79000002,0.1,0.41,0.07667961,0.28594795,67.800003,1,3078629.8,93310664,3.2993333,2881.6245,,81.936569
Urban,Odisha,0.07,0.18000001,0.14,0.28,5.966648832,2.07611192,0.927051809,20.24855912,0.975074153,28.25240791,5.217441171,23.31484854,5.001505837,State,urban/rural,0.294786185,0.994959295,0.322481364,0.429881752,0.287174523,All Households,0.214427367,0.001821514,0.28325671,0.590390742,0.011235856,0.42966944,0.016759202,14312.50195,1.517961025,1.700611234,0.303609997,0.171359286,0.516592681,0.474537104,0.073760681,0.081409536,0.313881248,0.287000716,0.106618136,0.25,0.55000001,0.059999999,0.23999999,0.018521285,0.10891704,67.800003,1,3078629.8,93310664,3.2993333,3834.8364,,109.04035
All,Odisha,0.20999999,0.40000001,0.36000001,0.55000001,13.43965083,3.93320471,1.579400897,30.8003962,3.049773909,39.84912038,13.54906559,65.95264673,12.29958981,State,All,0.492669225,0.994207919,0.407057315,0.551621556,0.381386548,All Households,0.321878225,0.015612693,0.479397953,0.367416412,0.009540413,0.67910713,0.028656872,8432.805664,0.788215935,1.00100553,0.507123291,0.333523452,0.584758103,0.554649711,0.211721838,0.051488627,0.336964756,0.386101067,0.043320745,0.44,0.75999999,0.090000004,0.38999999,0.06560304,0.25223145,67.800003,1,3078629.8,93310664,3.2993333,2991.6536,,85.065163
Rural,Puducherry,0.02,0.1,0.07,0.20999999,4.802833125,0,0.307841203,15.75880796,0.31958858,25.93191862,1.437494624,9.843470156,2.968312614,State,urban/rural,0.212563783,0.997439206,0.234892845,0.147990406,0.165718034,All Households,0,0,0,0.829679549,0.038176395,0.035378568,0.004754988,12054.7373,1.558763146,1.77908504,0.308512211,0.13963145,0.539301336,0.519154966,0.010208385,0.037356403,0.204870492,0.363824725,0.054640856,0.039999999,0.20999999,0.01,0.029999999,0.002773047,0.006303784,,,194240.22,93310664,0.20816508,5088.668,,144.692
Urban,Puducherry,0.01,0.07,0.02,0.11,2.776413783,2.416914888,0.199422822,13.01041096,0.047088493,10.41235328,2.534307539,2.416380495,1.703042164,State,urban/rural,0.189564154,0.995513201,0.247512043,0.218837306,0.217402875,All Households,0,0,0,0.721287489,0.021314932,0.06962768,0.001633005,19571.05469,2.10665679,2.176830769,0.120616563,0.072923481,0.480637282,0.442719698,0.024376081,0.078890264,0.252861977,0.282335818,0.072816662,0.02,0.11,0.01,0.050000001,0.058703646,0.072250642,,,194240.22,93310664,0.20816508,5366.3403,,152.58739
All,Puducherry,0.01,0.079999998,0.029999999,0.14,3.406484798,1.665427908,0.233133161,13.86496574,0.131816452,15.23782313,2.193277515,4.725671932,2.096450515,State,All,0.196598649,0.996102273,0.243718117,0.196961284,0.201863974,All Households,0,0,0,0.75701046,0.026871994,0.05834014,0.002661922,15670.80469,1.870048523,2.005064011,0.201759428,0.101731367,0.502951443,0.471793503,0.01844611,0.061950162,0.235068798,0.312290519,0.065032832,0.029999999,0.15000001,0.01,0.039999999,0.041573372,0.052052613,,,194240.22,93310664,0.20816508,5249.2231,,149.25725
Rural,Punjab,0.050000001,0.2,0.07,0.25,6.716553867,2.408033982,1.532789599,21.60768658,0.386616774,14.11613673,2.293472365,35.77228785,1.665667817,State,urban/rural,0.244288445,0.992658138,0.24906455,0.176651075,0.245212048,All Households,0.294299871,0,0.329974681,0.541835606,0.88206315,0.242026016,0.010311463,11002.52148,1.054251075,1.192774653,0.294666052,0.190431401,0.560910702,0.517763197,0.105222784,0.076924071,0.329786718,0.32634443,0.087203696,0.090000004,0.34999999,0.01,0.079999998,0.001110214,0.019062469,10.7,18,2848066.5,93310664,3.0522411,4410.3013,,125.40322
Urban,Punjab,0.039999999,0.11,0.039999999,0.11,6.835589558,3.373475745,0.995775033,19.49741393,0.251516583,13.02171648,1.071153488,7.136058062,1.491037849,State,urban/rural,0.173362613,0.990631521,0.13785775,0.121743709,0.137876704,All Households,0.153393224,0,0.141399473,0.451455474,0.780687511,0.117063768,0.012880799,13621.53125,1.351911902,1.489216685,0.236292496,0.139807463,0.522943974,0.486919075,0.064122394,0.068888672,0.29521817,0.237712264,0.100919455,0.1,0.33000001,0.01,0.079999998,0.000523502,0.013965764,10.7,18,2848066.5,93310664,3.0522411,5031.9092,,143.07811
All,Punjab,0.050000001,0.17,0.059999999,0.19,6.759826839,2.759003639,1.337567344,20.84053308,0.337503455,13.7182802,1.849119551,25.36208332,1.602184214,State,All,0.216409788,0.991861522,0.208334208,0.156296462,0.205899656,All Households,0.240028307,0,0.257343084,0.507024825,0.84301734,0.193895578,0.011301069,12433.63672,1.160969496,1.299056053,0.273737758,0.172281533,0.546482503,0.506041706,0.09019392,0.074001968,0.315627694,0.293397814,0.091334499,0.090000004,0.34,0.01,0.079999998,0.000864374,0.016926883,10.7,18,2848066.5,93310664,3.0522411,4628.7783,,131.61543
Rural,Rajasthan,0.2,0.46000001,0.38999999,0.63,11.59037948,4.679132998,2.289209329,36.16299331,2.324537002,34.04081762,12.76571602,74.99859333,13.07574362,State,urban/rural,0.282171249,0.995699406,0.336265951,0.306016803,0.309383303,All Households,0.018979633,0,0.723484695,0.147394627,0.835614443,0.680484176,0.08271423,10594.33398,0.665257454,0.8317101,0.482171446,0.35273546,0.622007847,0.590225637,0.301660627,0.051096216,0.273601264,0.470311135,0.039563715,0.22,0.57999998,0.07,0.25,0.028435567,0.15347461,28.6,12,5199396.5,93310664,5.5721354,3484.5896,,99.081375
Urban,Rajasthan,0.039999999,0.17,0.11,0.25999999,5.062009767,2.85063684,1.68248862,27.3657918,0.335780834,12.68862039,1.995223761,13.70254159,3.251707181,State,urban/rural,0.153093591,0.997196853,0.227357551,0.186914891,0.21901454,All Households,0.021228805,0.000446316,0.345540851,0.11953415,0.661972821,0.531180263,0.076569378,14810.52734,1.235900044,1.357922435,0.232683271,0.142979473,0.509737194,0.459658831,0.093461506,0.09824343,0.303002506,0.274549633,0.13485311,0.14,0.38999999,0.029999999,0.14,0.008540014,0.066126637,28.6,12,5199396.5,93310664,5.5721354,4192.4097,,119.20766
All,Rajasthan,0.17,0.38999999,0.31999999,0.54000002,10.05457714,4.24897857,2.146477997,34.09344852,1.856681146,29.01770175,10.23195237,60.57866812,10.76463386,State,All,0.250370651,0.996068299,0.310110599,0.277119219,0.287680417,All Households,0.019542059,0.000111605,0.628976405,0.140427858,0.79219377,0.643149376,0.081177652,11421.3457,0.784588873,0.941750348,0.429999083,0.308871776,0.590051711,0.553061783,0.252408057,0.062689334,0.281545818,0.417198747,0.056577109,0.2,0.54000002,0.059999999,0.22,0.022869842,0.12903927,28.6,12,5199396.5,93310664,5.5721354,3621.248,,102.96715
Rural,Sikkim,0.050000001,0.18000001,0.059999999,0.2,11.02749258,1.189400163,0.401166547,12.21001968,0.880517438,10.75209454,10.5123587,36.7713064,16.98696315,State,urban/rural,0.494535536,0.986502945,0.211964533,0.327255934,0.222846851,All Households,0.349824786,0,0.528735697,0.251660228,0.606222987,0.05198,0.005358402,11700.35352,1.010088086,1.110456347,0.44373554,0.367997825,0.800550163,0.777255535,0.209607288,0.029098313,0.172488332,0.751583397,0.024569085,0.11,0.63,0,0.02,0.003307754,0.034166869,,,167101.23,93310664,0.17908053,5449.6802,,154.95708
Urban,Sikkim,0,0.050000001,0.029999999,0.1,4.115414247,1.080193836,0,7.441282272,0.574501837,16.15629196,2.928049304,2.024691552,9.656053782,State,urban/rural,0.392366737,0.96366632,0.135055259,0.126093194,0.166709602,All Households,0.053748023,0,0.199729741,0.281969398,0.018630764,0.027759833,0.006473732,18512.86523,1.757235408,1.781199694,0.086915746,0.070252292,0.567147374,0.549630642,0.08990515,0.030885665,0.160568133,0.320234656,0.069357388,0.090000004,0.34,0,0.01,0,0.001609277,,,167101.23,93310664,0.17908053,6405.2783,,182.12871
All,Sikkim,0.039999999,0.13,0.050000001,0.17,8.570853621,1.150586922,0.258586952,10.51515117,0.771755679,12.67281324,7.816800475,24.42192584,14.38146681,State,All,0.451325506,0.976844728,0.184528768,0.245837763,0.202821076,All Households,0.275210679,0,0.445823133,0.259298414,0.458144248,0.045876291,0.005639475,12649.20801,1.132811785,1.220630169,0.385125637,0.319091231,0.746728003,0.724765718,0.188674346,0.029411351,0.168965697,0.659954965,0.029185666,0.11,0.56999999,0,0.02,0.002240616,0.023663236,,,167101.23,93310664,0.17908053,5624.7046,,159.93375
Rural,Tamil Nadu,0.050000001,0.23,0.12,0.34,11.11682057,1.223840844,1.082724147,22.5193873,0.917527918,36.7826283,7.039491087,23.76765758,5.312232673,State,urban/rural,0.295785725,0.994404495,0.31096679,0.300761431,0.284691036,All Households,0.956834555,0.243682764,0.802142143,0.464243293,0.933970869,0.206684798,0.015544299,10890.90625,1.100252986,1.309552431,0.360143065,0.202027276,0.602793038,0.558413029,0.080310963,0.073623993,0.29995513,0.464172184,0.090033345,0.13,0.40000001,0.01,0.07,0.003903094,0.034535535,29.200001,11,8286430.5,93310664,8.880475,4146.8062,,117.91096
Urban,Tamil Nadu,0.02,0.090000004,0.029999999,0.15000001,5.555958301,1.382556092,0.567944394,15.39054513,0.390428468,17.88157523,4.191225395,5.200504512,2.24938523,State,urban/rural,0.207462192,0.994048357,0.239914671,0.232584238,0.215097144,All Households,0.822915375,0.060750697,0.702954888,0.365533412,0.891725302,0.107976861,0.010804879,15427.3877,1.692342281,1.889797807,0.241765276,0.118029565,0.504665971,0.471611083,0.038101539,0.065498568,0.277747989,0.291057825,0.08268708,0.059999999,0.28,0.01,0.039999999,0.006621454,0.022535847,29.200001,11,8286430.5,93310664,8.880475,4833.1548,,137.4267
All,Tamil Nadu,0.039999999,0.16,0.07,0.25,8.521125466,1.297925785,0.842435658,19.19179112,0.671488838,27.96001136,5.709980056,15.10089636,3.882559016,State,All,0.253507018,0.994234025,0.277023822,0.267835796,0.251444668,All Households,0.894657791,0.158750023,0.756090939,0.418413699,0.914356887,0.160856113,0.013343855,12706.05859,1.3362391,1.540817976,0.312961817,0.168548718,0.557839692,0.51864785,0.062727921,0.070256449,0.28962931,0.38476032,0.087484121,0.1,0.34,0.01,0.059999999,0.005231674,0.028670769,29.200001,11,8286430.5,93310664,8.880475,4434.2388,,126.08385
Rural,Telangana,0.090000004,0.30000001,0.25999999,0.51999998,18.39606464,1.37193976,1.256563887,31.0181886,0.557462731,27.23578513,4.285271093,11.24878898,10.83829999,State,urban/rural,0.918473899,0.995713532,0.284095973,0.347863883,0.256398022,All Households,0.007198579,0,0.94362253,0.886273861,0.326109499,0.364292592,0.012752225,12062.28516,0.902164936,1.046647191,0.399172336,0.275337189,0.637376845,0.607502043,0.168634236,0.046871539,0.257897824,0.507935643,0.04091939,0.090000004,0.44999999,0.01,0.12,0.002210604,0.03956854,43.599998,8,3787309.3,93310664,4.0588174,3832.2087,,108.96564
Urban,Telangana,0.029999999,0.12,0.059999999,0.22,7.146284729,1.296638418,0.95452955,23.14517647,0.197876315,18.99465322,1.578145288,1.511048153,4.014514759,State,urban/rural,0.729434669,0.994255364,0.232540354,0.239609271,0.214341894,All Households,0.026076317,0,0.562629461,0.612092435,0.141803503,0.215811566,0.008784024,22127.23047,1.972984791,2.058905363,0.156482026,0.093645945,0.539865434,0.494189501,0.055403896,0.084606148,0.283294261,0.306976289,0.113491707,0.079999998,0.25,0,0.059999999,0,0.016689071,43.599998,8,3787309.3,93310664,4.0588174,4878.377,,138.71255
All,Telangana,0.07,0.23999999,0.17,0.38999999,14.55718279,1.346243825,1.153497491,28.33159566,0.43475721,24.4235754,3.361489624,7.925875485,8.509746194,State,All,0.851959288,0.995200455,0.266331941,0.310053617,0.24190715,All Households,0.015441538,0,0.777262032,0.766552627,0.245632336,0.299458385,0.011019511,15199.45117,1.237567425,1.363707066,0.323156804,0.218427807,0.599350452,0.563313663,0.129896328,0.060126383,0.268802524,0.431834072,0.06045578,0.079999998,0.37,0.01,0.090000004,0.001133406,0.028419675,43.599998,8,3787309.3,93310664,4.0588174,4207.7222,,119.64306
Rural,Tripura,0.2,0.41999999,0.25,0.47999999,12.26854697,2.814247087,1.88598074,27.83887684,2.194345929,28.48050892,18.16339493,66.91197157,18.49819124,State,urban/rural,0.480980486,0.990751266,0.313050926,0.299081355,0.290423751,All Households,0.966360807,0.346667038,0.116533525,0.121834174,0.005760411,0.498234332,0.031053239,10890.90625,0.984386563,1.093880415,0.349007279,0.252090424,0.642701685,0.630413949,0.182562664,0.019118898,0.224387765,0.476047099,0.01857209,0.18000001,0.56999999,0,0.07,0.000469154,0.013155439,,,282970.13,93310664,0.30325595,4441.1631,,126.28074
Urban,Tripura,0.059999999,0.22,0.079999998,0.22,5.998209864,1.710961014,0.723921042,22.08670229,0.595692964,21.76851183,3.088476323,24.12139177,5.668798462,State,urban/rural,0.350937456,0.9936198,0.233954817,0.18030788,0.23118031,All Households,0.920757353,0.155756486,0.095823139,0.247714326,0.009914386,0.348791659,0.020348154,14731.35352,1.267727375,1.419775605,0.280848414,0.16564253,0.481350273,0.463872313,0.071497627,0.036310248,0.247856706,0.283870518,0.058348812,0.11,0.41999999,0,0.02,0,0.002418209,,,282970.13,93310664,0.30325595,5134.9014,,146.00661
All,Tripura,0.16,0.36000001,0.2,0.41,10.48579141,2.500565536,1.555588841,26.2034446,1.739823632,26.57218277,13.87735754,54.74593043,14.85059261,State,All,0.442181677,0.99160707,0.290669352,0.265313119,0.273659825,All Households,0.958076,0.311984003,0.112771034,0.144703031,0.00651507,0.471084833,0.029108429,11556.86426,1.029884934,1.146212101,0.338062435,0.238208771,0.613060653,0.599819481,0.166783795,0.021598535,0.228235185,0.439804673,0.023413884,0.17,0.55000001,0,0.059999999,0.000375081,0.01100246,,,282970.13,93310664,0.30325595,4539.8276,,129.08618
Rural,Uttar Pradesh,0.25999999,0.50999999,0.47999999,0.69,14.03859258,11.32725403,3.727802634,38.88626397,11.14986017,35.21574736,2.258675545,64.89402652,8.504552394,State,urban/rural,0.396133751,0.990339756,0.396811455,0.429233193,0.389850885,All Households,0.025532242,0.000109426,0.842188299,0.3179079,0.01684233,0.144085899,0.004282374,8475.467773,0.689966321,0.864444733,0.502230763,0.364568681,0.538566172,0.517750859,0.23776415,0.038649451,0.321911424,0.303168356,0.020334911,0.44,0.77999997,0.059999999,0.33000001,0.013946,0.16700268,45.900002,7,7709481.5,93310664,8.2621651,3101.5884,,88.191063
Urban,Uttar Pradesh,0.12,0.23999999,0.18000001,0.34,10.30012369,9.521200508,2.905794978,28.29408646,2.584148012,19.65547502,1.38796242,13.17876726,5.468342081,State,urban/rural,0.242054597,0.989512563,0.241183698,0.27687797,0.258637309,All Households,0.024247073,3.76048E-05,0.582381845,0.336867869,0.014553995,0.077101901,0.005101628,12694.7373,1.312357068,1.500083685,0.314736187,0.174175039,0.4651618,0.429313719,0.106800355,0.077065788,0.327607632,0.158890978,0.125803337,0.34,0.58999997,0.039999999,0.22,0.010796961,0.095829777,45.900002,7,7709481.5,93310664,8.2621651,3591.9143,,102.13307
All,Uttar Pradesh,0.23,0.44,0.41,0.60000002,13.17178011,10.90849712,3.537209332,36.43032908,9.163788706,31.60789609,2.056789398,52.90316939,7.80056715,State,All,0.356779784,0.990128517,0.359104514,0.391533434,0.358059227,All Households,0.025262496,9.43515E-05,0.787656963,0.321887463,0.016362026,0.130026489,0.004454329,9035.148438,0.798228562,0.975011408,0.46961692,0.331450522,0.522264123,0.498110294,0.21269612,0.046248328,0.323119313,0.272208512,0.033545449,0.41999999,0.74000001,0.059999999,0.31,0.013222014,0.15063952,45.900002,7,7709481.5,93310664,8.2621651,3186.8813,,90.616295
Rural,Uttarakhand,0.11,0.31,0.22,0.44999999,8.060547709,4.600769281,2.082444169,24.42113161,0.445445813,22.40168899,8.798199147,59.4294548,11.1767225,State,urban/rural,0.413427174,0.994403481,0.375099599,0.250250906,0.31817016,All Households,0.219082281,0.000396342,0.57903564,0.468088597,0.012571331,0.824913025,0.047264788,11672.57715,1.051863074,1.131605268,0.362850636,0.293155968,0.571903944,0.535764813,0.165515453,0.06319084,0.26168704,0.412683249,0.051738318,0.059999999,0.44999999,0.029999999,0.18000001,0.007580399,0.07780689,,,1438469.4,93310664,1.5415916,3664.1296,,104.18645
Urban,Uttarakhand,0.07,0.16,0.090000004,0.20999999,7.460040599,4.7575064,1.438387576,21.99227959,0.268803514,20.12132555,1.637470163,9.025613964,4.289285466,State,urban/rural,0.192546502,0.98454088,0.327205718,0.243825302,0.28779462,All Households,0.101614639,0,0.291870385,0.59589988,0.024580592,0.584095061,0.025812732,16306.62207,1.782050252,1.855524659,0.145074308,0.101500474,0.48518759,0.450485915,0.070811592,0.071522161,0.280721933,0.226071358,0.147251442,0.15000001,0.40000001,0.02,0.11,0.005999472,0.043716554,,,1438469.4,93310664,1.5415916,4296.9053,,122.1789
All,Uttarakhand,0.1,0.25999999,0.17,0.37,7.878417522,4.648306593,1.887105964,23.68447632,0.391871342,21.71006948,6.626396626,44.14229989,9.087807685,State,All,0.341411829,0.99118793,0.359965205,0.24818109,0.308571547,All Households,0.188236117,0.000292265,0.503628075,0.501650929,0.015724877,0.761675954,0.041631632,13126.39844,1.214018106,1.292368412,0.314488351,0.250594407,0.550027013,0.514250576,0.144585922,0.065044902,0.266758561,0.366269946,0.066400908,0.079999998,0.43000001,0.029999999,0.16,0.007124494,0.067975976,,,1438469.4,93310664,1.5415916,3803.5237,,108.15001
Rural,West Bengal,0.2,0.43000001,0.31999999,0.54000002,15.50779939,2.299091592,1.167154033,30.68740666,3.345154598,35.12257636,5.873437971,80.30620217,10.07753238,State,urban/rural,0.538493335,0.98818332,0.355356842,0.463616788,0.349408776,All Households,0.021632001,0.048328289,0.977111161,0.37450698,0.071444914,0.835550129,0.021431627,8225.780273,0.813524246,1.067590356,0.455632865,0.282584548,0.602438867,0.583489299,0.118584901,0.031454798,0.294926673,0.382307947,0.029747806,0.34,0.70999998,0.029999999,0.25,0.01632433,0.12694018,21.799999,16,5618423,93310664,6.0212016,3309.6418,,94.106888
Urban,West Bengal,0.059999999,0.19,0.14,0.28999999,7.302759588,1.744901203,0.839779899,20.53898275,0.700186519,25.24226308,3.06613557,21.48566246,4.122224078,State,urban/rural,0.322317392,0.992099583,0.200841606,0.311101675,0.203352243,All Households,0.002682915,0.008737919,0.661950469,0.636290729,0.025390303,0.643465996,0.019167515,10639.48926,1.288037539,1.608203411,0.383315951,0.192022353,0.534177065,0.506467104,0.055803865,0.051874071,0.291148812,0.292888612,0.067361996,0.2,0.41,0.050000001,0.2,0.015696937,0.095843174,21.799999,16,5618423,93310664,6.0212016,3888.709,,110.57217
All,West Bengal,0.15000001,0.34999999,0.25999999,0.46000001,12.8602609,2.120269835,1.061519515,27.41279304,2.49169711,31.93447292,4.967599735,61.32645607,8.155920357,State,All,0.467152357,0.989475727,0.307012856,0.41417259,0.303711295,All Households,0.016001474,0.036564417,0.883464396,0.452293336,0.057760257,0.778474331,0.020758869,8825.584961,0.943769336,1.215978742,0.435783207,0.257726908,0.581579447,0.559952855,0.101232767,0.037185937,0.293877691,0.354918063,0.039255712,0.30000001,0.62,0.039999999,0.23999999,0.016123276,0.1169748,21.799999,16,5618423,93310664,6.0212016,3421.3506,,97.283234
,Dadra & Nagar Haveli and Daman & Diu,,,,,,,,,,,,,,,,,,,,,,,,,,,,,,,,,,,,,,,,,,,,,,,,,,,,,,
Rural,Dadra Nagar Haveli & Diu Daman,,,,,,,,,,,,,,,,,,,,,,0.009355917,0,0.801347613,0.01740081,0.005616471,0.637403548,0.01454235,,,,,,,,,,,,,,,,,,,,,,,,,,
Urban,Dadra Nagar Haveli & Diu Daman,,,,,,,,,,,,,,,,,,,,,,0,0,0.189868554,0.008956652,0.008236426,0.319311321,0,,,,,,,,,,,,,,,,,,,,,,,,,,
All,Dadra Nagar Haveli & Diu Daman,,,,,,,,,,,,,,,,,,,,,,0.003181498,0,0.397803217,0.011828105,0.007345505,0.427479208,0.004945155,,,,,,,,,,,,,,,,,,,,,,,,,,
,Dadra and Nagar Haveli,,,,,,,,,,,,,,,,,,,,,,,,,,,,,,,,,,,,,,,,,,,,,,,,,0,93310664,0,,,
Rural,Dadra and Nagar Haveli and Daman and Diu,,,,,,,,,,,,,,State,urban/rural,,,,,,,,,,,,,,,,,,,,,,,,,,,,,,,,,,,,,2766.4565,,78.661865
Urban,Dadra and Nagar Haveli and Daman and Diu,,,,,,,,,,,,,,State,urban/rural,,,,,,,,,,,,,,,,,,,,,,,,,,,,,,,,,,,,,3992.7124,,113.52943
All,Dadra and Nagar Haveli and Daman and Diu,,,,,,,,,,,,,,State,All,,,,,,,,,,,,,,,,,,,,,,,,,,,,,,,,,,,,,3509.991,,99.803642
Rural,Daman and Diu,,,,,,,,,,,,,,state,urban/rural,,,,,,All,,,,,,,,,1.262664318,1.427535176,0.418608427,0.290514588,0.735097647,0.710750341,0.203319907,0.033121191,0.320641994,0.608080745,0,,,,,,,,,,,,,,
Urban,Daman and Diu,,,,,,,,,,,,,,state,urban/rural,,,,,,All,,,,,,,,,2.047721148,2.139268637,0.130844444,0.088064499,0.616879404,0.597532928,0.024846312,0.031361837,0.246082827,0.236173943,0.053447008,,,,,,,,,,,,,,
All,Daman and Diu,,,,,,,,,,,,,,state,All,,,,,,All,,,,,,,,,1.740863919,1.861071467,0.243323535,0.167196706,0.665987849,0.644564033,0.106598005,0.032168522,0.279395193,0.405942917,0.01690067,,,,,,,,,,,,,,
,Daman and Diu,,,,,,,,,,,,,,,,,,,,,,,,,,,,,,,,,,,,,,,,,,,,,,,,,0,93310664,0,,,
